attr_ent.mean,attr_ent.sd,class_ent,eq_num_attr,iq_range.mean,iq_range.sd,mad.mean,mad.sd,max.mean,max.sd,mean.mean,mean.sd,median.mean,median.sd,min.mean,min.sd,nr_attr,nr_inst,nr_num,nr_outliers,ns_ratio,range.mean,range.sd,sd.mean,sd.sd,sparsity.mean,sparsity.sd,t_mean.mean,t_mean.sd,var.mean,var.sd,procent_propusk,type_propusk,name_dataset,method_zapolnenia
1.5226381535835958,0.1845109326307564,0.9999977500599352,27.94550656070659,2.0,0.0,1.33434,0.4688392858965639,1.0,0.0,0.0318264324960753,0.0374864519027813,0.1,0.3162277660168379,-1.0,0.0,10,40768,10,0,41.5509902477303,2.0,0.0,0.836542492599998,0.0583131691729998,0.3499840557313513,0.0527059204952308,0.0530414520480745,0.0624743549657669,0.7028637250545169,0.1053472887724259,5,1,2dplanes_binclass_binaryClass.csv,0
1.5226381535835958,0.1845109326307564,15.29547077834474,10.30191358815106,2.0,0.0,1.33434,0.4688392858965639,1.0,0.0,0.0318264324960753,0.0374864519027813,0.1,0.3162277660168379,-1.0,0.0,10,40768,10,0,0.0255380113208663,2.0,0.0,0.836542492599998,0.0583131691729998,0.3499840557313513,0.0527059204952308,0.0530414520480745,0.0624743549657669,0.7028637250545169,0.1053472887724259,5,1,2dplanes_regression_y.csv,0
3.250691610858988,1.3439707191787778,0.9999906975135884,5.073802647626216,0.4158888888888889,0.3896843897452284,0.1407646333333333,0.171797152420449,1.1859444444444445,0.6605552798803275,0.3607603942223286,0.201665040521832,0.2915555555555555,0.2550529901369082,0.0151666666666666,0.0287064888135069,9,4177,9,7,15.493521132548882,1.1707777777777777,0.6712632266439482,0.2370776375611215,0.182372815007365,0.1152872348453825,0.2181306714378047,0.325164450649293,0.2112131055041194,0.0857701117015274,0.104219954098081,5,1,abalone_binclass_binaryClass.csv,0
2.5477756837116794,1.749683639623765,0.9832048570341376,11.627851977746802,9.145275,49.70311485827365,6.690158370000001,36.37903875444272,28.497425000000003,154.69297838139602,-0.8348625799999999,3.070894368643017,-1.330275,5.516979362061295,-29.32425,154.46288788917585,40,13750,40,39,29.131216613460506,57.821675000000006,309.1149212053905,7.405520465683267,40.17992134417831,0.0717301125203244,0.0959147662977199,-0.9660721242424244,3.590105761072336,1628.907160611401,10180.653528705623,5,1,ailerons_binclass_binaryClass.csv,0
2.5477756837116794,1.749683639623765,3.828958233704801,23.66296329504441,9.145275,49.70311485827365,6.690158370000001,36.37903875444272,28.497425000000003,154.69297838139602,-0.8348625799999999,3.070894368643017,-1.330275,5.516979362061295,-29.32425,154.46288788917585,40,13750,40,39,14.745254664045554,57.821675000000006,309.1149212053905,7.405520465683267,40.17992134417831,0.0717301125203244,0.0959147662977199,-0.9660721242424244,3.590105761072336,1628.907160611401,10180.653528705623,5,1,Ailerons_regression_goal.csv,5
1.0414732950564176,1.2920965401504192,0.794432350758128,8.242603388627098,2.4285714285714284,5.563486402641868,1.6944,4.482961021467842,286.2857142857143,750.3947215267696,281.97415738259764,745.4715459388063,282.1428571428572,746.0389687255906,279.0,738.1646157870208,7,4052,7,4,9.805767543082178,7.285714285714286,12.776466461353673,1.7204561858653478,3.4952521910107426,0.375242640461105,0.213872086143419,281.98049812030075,745.6987319249984,13.431501954995538,35.04698361638796,5,1,analcatdata_supreme_binclass_binaryClass.csv,0
1.0414732950564176,1.2920965401504192,1.825202079049472,9.396481956776366,2.4285714285714284,5.563486402641868,1.6944,4.482961021467842,286.2857142857143,750.3947215267696,281.97415738259764,745.4715459388063,282.1428571428572,746.0389687255906,279.0,738.1646157870208,7,4052,7,4,4.361699473056981,7.285714285714286,12.776466461353673,1.7204561858653478,3.4952521910107426,0.375242640461105,0.213872086143419,281.98049812030075,745.6987319249984,13.431501954995538,35.04698361638796,5,1,analcatdata_supreme_regression_Log_exposure.csv,0
4.072644956222382,0.6085515579375795,10.767172197728645,3.400668840085122,1.3596597421875,0.8904474970836825,0.9108671859,0.5158820325037338,6.1703173125,8.471213183167837,1.1535110009422302,1.7030236703668824,1.003869015625,1.6404405620479818,-0.03031059375,1.2758930915072242,32,8192,32,9,0.2862910098416477,6.20062790625,8.223583191598081,0.974737363003176,0.7983242457555387,0.0196358555036408,0.053508405318042,1.0140805825683992,1.6188097138177175,1.5675182281529991,2.760438527108591,5,1,bank32nh_regression_rej.csv,0
4.007104195161903,0.8148587138937091,0.9730662661337472,14.677035347166225,1.381435375,1.2979991879964374,0.9504760495125,0.8399230483712348,8.796518500000001,13.150192691463694,1.6107745162200926,2.387387289824542,1.4278716875,2.414220872374119,0.380009125,1.883986344468667,8,8192,8,2,59.44029266973436,8.416509375,13.151151397291429,1.0848551403375049,1.2556328222399522,0.0312445205046238,0.0883535642917861,1.4306827696806346,2.312049785660628,2.556447736767192,4.226383144570605,5,1,bank8FM_binclass_binaryClass.csv,0
4.007104195161903,0.8148587138937091,12.86331256724435,3.310973355026235,1.381435375,1.2979991879964374,0.9504760495125,0.8399230483712348,8.796518500000001,13.150192691463694,1.6107745162200926,2.387387289824542,1.4278716875,2.414220872374119,0.380009125,1.883986344468667,8,8192,8,2,0.0314151313386863,8.416509375,13.151151397291429,1.0848551403375049,1.2556328222399522,0.0312445205046238,0.0883535642917861,1.4306827696806346,2.312049785660628,2.556447736767192,4.226383144570605,5,1,bank8FM_regression_rej.csv,0
2.4599752876876786,0.8450265061574401,0.928691959084338,2.2416173643381634,2.7750963611111112,1.4556048460444742,0.4610542531,0.9615909101643768,12.304476666666666,1.2844623417684342,3.0321880010245734,0.6932193855056537,1.6666666666666667,1.118033988749895,0.771111,0.3702142659460869,9,39366,9,9,4.937731307763691,11.533365666666668,1.3686863257108073,2.7093158915134863,0.5573047281121536,8.558738948424415e-05,9.380400608205643e-05,2.1006206617837986,0.7813340741404264,7.616471319986328,2.903684041023779,5,1,BNG(breast-w)_binclass_Class.csv,0
1.321981299539298,1.181049592580421,0.3261016552819349,140.8405834040814,1.5176470588235291,2.805656551232419,0.8721176470588234,1.452179078650628,7.188235294117647,4.630371057966498,1.744374573286859,3.082266738007292,1.7058823529411764,3.728345507606509,0.0705882352941176,0.2576558841203685,85,9822,85,72,569.9526905511378,7.117647058823529,4.539277697696708,1.139207931871444,1.5107207749195697,0.1733285331238696,0.108522903537098,1.682903850376255,3.2747273869921503,3.5532216511091805,17.486746578593586,5,1,coil2000_regression_CARAVAN.csv,0
3.507940862989741,0.9825494591677152,0.8841664897438647,5.791117342499048,48575.9819047619,158656.09522327568,30383.862192,101318.59882796962,301990.4052380952,769122.3381398846,73548.16749924433,275748.45091082976,60873.30095238095,244060.1426922878,93.15238095238097,328.1813029699401,21,8192,21,20,21.97632561714256,301897.2528571428,768966.0582577123,42093.843162568905,120875.96078557995,0.0016197324246513,0.0016637114905446,70644.04736177302,283896.79317012284,15687127723.468346,56128952669.01437,5,1,cpu_act_binclass_binaryClass.csv,0
3.507940862989741,0.9825494591677152,4.974974983530833,11.438395032953734,48575.9819047619,158656.09522327568,30383.862192,101318.59882796962,301990.4052380952,769122.3381398846,73548.16749924433,275748.45091082976,60873.30095238095,244060.1426922878,93.15238095238097,328.1813029699401,21,8192,21,20,7.065410072602953,301897.2528571428,768966.0582577123,42093.843162568905,120875.96078557995,0.0016197324246513,0.0016637114905446,70644.04736177302,283896.79317012284,15687127723.468346,56128952669.01437,5,1,cpu_act_regression_usr.csv,0
3.971729033199955,0.463026668255811,0.8841664897438647,5.465021511103016,84947.53749999999,205795.58863202552,52207.152095,128587.93032036503,528071.89,972336.5486824716,128594.32405517578,360961.9230551811,106434.525,320649.0508529936,163.0,428.2582058864616,12,8192,12,11,23.54920521699263,527908.89,972153.1272662396,73581.48723328677,154893.34744148972,0.0018756157402055,0.0019511904885309,123468.2092300651,372866.1833701562,27406855254.956554,73166909608.86658,5,1,cpu_small_binclass_binaryClass.csv,5
3.971729033199955,0.463026668255811,4.974974983530833,10.304252687871555,84947.53749999999,205795.58863202552,52207.152095,128587.93032036503,528071.89,972336.5486824716,128594.32405517578,360961.9230551811,106434.525,320649.0508529936,163.0,428.2582058864616,12,8192,12,11,7.226312635003924,527908.89,972153.1272662396,73581.48723328677,154893.34744148972,0.0018756157402055,0.0019511904885309,123468.2092300651,372866.1833701562,27406855254.956554,73166909608.86658,5,1,cpu_small_regression_usr.csv,0
4.107568937771508,0.1575239742047126,0.9972877951195076,4.894820466637273,0.00793,0.0082389016258236,0.0059096435999999,0.0063715552192839,0.024264,0.0210291102997725,0.0030843442278019,0.0044401413448171,0.003978,0.004391118308586,-0.01608,0.0187386498980049,5,7129,5,4,19.16049188922258,0.040344,0.0368695359341557,0.0057811319021905,0.0059797146285251,0.009733072468596,0.0075949118259622,0.0030791614863285,0.0042790964683091,6.202707570140392e-05,0.0001021366214529,5,1,delta_ailerons_binclass_binaryClass.csv,0
3.331620499990528,1.326362510874938,0.9999776283308132,8.399765803625144,6.2046,11.983806497102664,3.33925998,5.972246364642072,17.6479,35.94388096213318,-2.10156894679696,4.948052333029378,-1.883233333333333,4.010251703654855,-19.31745,39.96663812650496,6,9517,6,6,26.98545802788598,36.96535,75.90737996884756,4.979117591220923,9.925851976785506,0.0492373531952858,0.0627801800233255,-2.1767119331115388,5.007503586598435,106.89372654141958,250.6442043826496,5,1,delta_elevators_binclass_binaryClass.csv,0
3.331620499990528,1.326362510874938,2.9682419705521728,17.27644571192788,6.2046,11.983806497102664,3.33925998,5.972246364642072,17.6479,35.94388096213318,-2.10156894679696,4.948052333029378,-1.883233333333333,4.010251703654855,-19.31745,39.96663812650496,6,9517,6,6,18.39146514060137,36.96535,75.90737996884756,4.979117591220923,9.925851976785506,0.0492373531952858,0.0627801800233255,-2.1767119331115388,5.007503586598435,106.89372654141958,250.6442043826496,5,1,delta_elevators_regression_Se.csv,0
2.611786079808356,2.0547623576346328,0.9835093906057096,21.81498169948992,0.1149656923076923,0.1828312850095157,0.1025253824538461,0.1923183286964954,1.0,0.0,0.2492696245110821,0.189351527040444,0.179924,0.2299050682194718,0.0,0.0,13,45312,13,11,56.931389449075006,1.0,0.0,0.243267579447078,0.1282323344925988,0.232559790702743,0.2577588991634444,0.1869211632790484,0.2388278605743937,0.0743577597725835,0.0517636991529911,5,1,electricity_binclass_class.csv,0
3.221498669225232,1.6285028060669184,4.135743621859048,30.989426754095035,22.73261666666667,84.00598411340391,16.56303063333333,60.87689385272164,60.6632,221.48640753945887,-2.132405263034588,4.898080016111067,-3.9908333333333337,12.269933106150653,-65.79013888888889,232.8449135173936,18,16599,18,18,23.138923051399047,126.4533388888889,454.2888680882762,17.365506105258973,63.60859399038721,0.0598093124720958,0.1018832587584826,-2.6899647291101965,6.742097346828378,4122.83329675716,17307.638477425004,5,1,elevators_regression_Goal.csv,0
5.012004321346588,0.0188598874881536,13.83694419621366,4.000494597107444,0.4995999999999999,0.02559600663298,0.3691674,0.0200379665674938,1.0,0.0,0.4869861459968603,0.0132342818016115,0.4824,0.0194547908981024,0.0,0.0,10,40768,10,0,0.4490552194112918,1.0,0.0,0.2908737988952635,0.0076382736925342,0.000974495860065,1.1428494363856452e-19,0.4840495748507889,0.0165232067188811,0.084660075786264,0.0044524483590887,5,1,fried_regression_Y.csv,0
3.169906246644301,4.681111291435604e-16,9.965784284662083,3.146068147907043,1.82087225725,0.0495473896324753,1.34944489062579,0.0372816056717075,1.70087903,0.0544288065226503,-0.0889075142371599,0.0084649506847658,-0.0762589843649999,0.0325555659256454,-1.75805351,0.0222643642541394,10,1000,10,0,0.0006980674634736,3.45893254,0.0642360693298155,1.04651824776717,0.0041259237032066,5.268426321057894e-05,0.0,-0.0831003218935999,0.0177524188845545,1.0952157638314322,0.008642675775325,5,1,fri_c0_1000_10_regression_oz11.csv,0
3.169907286438576,3.598824974717156e-06,9.965784284662083,3.146067115212105,1.821756897,0.0339629589282507,1.352328352115328,0.0219952974015484,1.7277386159999997,0.0298626037901877,-0.0852953104470292,0.0058593008442572,-0.08754087386,0.0328897810116274,-1.73028962,0.041113867765147,25,1000,25,0,0.0006980672343334,3.4580282360000005,0.0457739537960079,1.0452198358110911,0.0048204132656099,5.268426321057894e-05,0.0,-0.0891753224190488,0.016158359765504,1.0925068121016537,0.0100845025712485,5,1,fri_c0_1000_25_regression_oz26.csv,0
3.1693659576219044,0.0038298004686805,9.965784284662083,3.146604839748423,1.8206327937499995,0.0399163528736858,1.35114584958465,0.0279824900071786,1.7277183539999998,0.0434772480447342,-0.0848399082374716,0.0114073630388016,-0.0808385238909999,0.0401617506612051,-1.738011678,0.0358404572550282,50,1000,50,0,0.0006981865477066,3.465730032,0.0484754487942194,1.0439305366331286,0.0089497709937304,5.272867565585657e-05,2.1978460488348046e-07,-0.0872610711914527,0.0163364258022572,1.0898694617479554,0.0184310512327685,5,1,fri_c0_1000_50_regression_oz51.csv,4
3.1699062466443007,0.0,0.9999740313334506,12.52098672418089,1.8035992,0.046426239318205,1.3356283794,0.048407424990302,1.7407201999999995,0.0251208309715264,-0.0604366147999999,0.0593522389159184,-0.0615928999999999,0.0683117824439898,-1.7072482,0.0280141975915784,5,1000,5,0,38.69138476346717,3.4479684,0.0303986029991511,1.035212954499278,0.0203142316238934,5.290632543696706e-05,4.965462334387898e-07,-0.064445449,0.0683778079682592,1.0719959955682994,0.0415372235676461,5,1,fri_c0_1000_5_binclass_binaryClass.csv,0
3.1699062466443007,0.0,9.965784284662083,3.1460681479070445,1.831790128,0.0474849938824426,1.3650281602292995,0.0411654667346123,1.7407202600000002,0.025120726651771,-0.085782592848704,0.0120666951335609,-0.0873872626,0.0217213211060267,-1.7072482,0.028014447464478,5,1000,5,0,0.0006980674634738,3.44796846,0.0303987174597546,1.0445867929604873,0.0031286051328009,5.268426321057894e-05,0.0,-0.0976793221311733,0.011518472688466,1.0911693985635376,0.0065425941922139,5,1,fri_c0_1000_5_regression_oz6.csv,0
3.169907546387145,4.110147759744423e-06,9.965784284662083,3.146066857038476,1.80184302075,0.077290384214116,1.33556123370621,0.0585022100741133,1.80780837,0.2706680691607222,-0.088769400891638,0.0158964589831118,-0.0701836868999999,0.0268408124608836,-1.82251781,0.2229188232346048,10,1000,10,0,0.0006980671770485,3.63032618,0.4871887357684034,1.0532452929718226,0.020330540907484,5.268426321057894e-05,0.0,-0.0816562931210633,0.0127336145763268,1.1096976449715323,0.0437747604038249,5,1,fri_c1_1000_10_regression_oz11.csv,0
3.169907286438576,3.598824974717156e-06,9.965784284662083,3.146067115212105,1.8101677901,0.0485241748159657,1.340262479179848,0.0358349994810503,1.758419864,0.1326653752415229,-0.0878914701642451,0.0105233436490926,-0.08887330714,0.0328357349055651,-1.7508669039999998,0.140069733016902,25,1000,25,0,0.0006980672343334,3.5092867679999995,0.2670600443582003,1.0465793149717435,0.0130023355085063,5.268426321057894e-05,0.0,-0.092687159655742,0.0144145893155237,1.0954905608262526,0.0278478003776728,5,1,fri_c1_1000_25_regression_oz26.csv,0
3.1699091060785567,5.438799374702167e-06,9.965784284662083,3.1460653079975933,1.8164372116,0.0475151310562289,1.345635869680872,0.0363164455041433,1.737680596,0.0905156243873476,-0.0888594221286852,0.0090196147025751,-0.09189623267,0.0363585349757925,-1.7491051040000003,0.1161606818044675,50,1000,50,0,0.0006980668333382,3.4867857,0.1954448911710575,1.0468936847360917,0.0113911571245185,5.268426321057894e-05,0.0,-0.0928496276811421,0.0147878963914596,1.096113550431734,0.0245287336596809,5,1,fri_c1_1000_50_regression_oz51.csv,0
3.1699062466443007,0.0,0.9946583178227808,8.51922264327674,1.7750144,0.1186898859846533,1.31248899642,0.0872841416484951,1.847631,0.2456479235297949,-0.0933530538,0.015761011122252,-0.0898259999999999,0.0212302973954676,-1.8403218000000003,0.2701165799080092,5,1000,5,0,26.15016462395687,3.6879528000000006,0.5144796862726457,1.0516826670082675,0.0213728986420515,5.268426321057894e-05,0.0,-0.0894930176666666,0.0139382768894134,1.1064018727227138,0.0455012708396311,5,1,fri_c1_1000_5_binclass_binaryClass.csv,5
3.1699062466443007,0.0,9.965784284662083,3.146068147907044,1.7750142995,0.1186897825380594,1.31248912377534,0.0872841406870201,1.847631,0.245648145843318,-0.0933530673194348,0.0157610127277548,-0.0898260242,0.0212301744584125,-1.84032202,0.2701165140399084,5,1000,5,0,0.0006980674634737,3.6879530200000006,0.5144798345154865,1.0516826592360746,0.0213728996262188,5.268426321057894e-05,0.0,-0.089493017029058,0.0139382751720246,1.106401856408607,0.0455012726216888,5,1,fri_c1_1000_5_regression_oz6.csv,4
3.1699075463871447,4.110147759744423e-06,9.965784284662083,3.146066857038476,1.74491733875,0.1492139939155277,1.2821645253836995,0.118217963402207,1.98077527,0.6356836821250698,-0.091619292297847,0.0145659173359985,-0.116741941635,0.0573639457134898,-1.82615678,0.1929935873285074,10,1000,10,1,0.0006980671770482,3.80693205,0.793987603061015,1.0542099398033264,0.018721305488178,5.268426321057894e-05,0.0,-0.1065674190264116,0.0416943846632703,1.1116740357313966,0.0399051016864313,5,1,fri_c2_1000_10_regression_oz11.csv,2
3.169908326232851,4.8631924133952304e-06,9.965784284662083,3.146066082517844,1.7893153575,0.0900005992227437,1.3237712711926082,0.0746149642256774,1.810090556,0.280574602015795,-0.08720577423219,0.0085608526976048,-0.08078203716,0.0449147843675411,-1.7749709839999996,0.1583089745178072,25,1000,25,1,0.0006980670051933,3.5850615400000003,0.4122700892407528,1.0498774151457035,0.0155338890697575,5.268426321057894e-05,0.0,-0.0922635900043166,0.0272191715062933,1.1024742364742706,0.0333341755098951,5,1,fri_c2_1000_25_regression_oz26.csv,0
3.1699080662842825,4.555726468955873e-06,9.965784284662083,3.146066340691346,1.8072610297,0.0802261350092488,1.3401722622878518,0.0635616425529644,1.7748349979999998,0.2497644666009146,-0.0863080577069141,0.0075394663712728,-0.0921013155499999,0.0397405426995919,-1.7490626719999998,0.1145930576067133,50,1000,50,1,0.0006980670624785,3.52389767,0.344442982273978,1.0473242654629928,0.010608923385627,5.268426321057894e-05,0.0,-0.0937237549481902,0.0203064404282946,1.0969984152978918,0.0226311997578116,5,1,fri_c2_1000_50_regression_oz51.csv,3
3.1699114456156767,7.118984746492739e-06,9.965784284662083,3.14606298443913,1.6789076975,0.1952289585706212,1.24462956905658,0.1374359978271043,2.18747382,0.7700665902385762,-0.097397505796778,0.0158142517845782,-0.1140902437999999,0.0645336746563828,-1.94334044,0.2895443837738662,5,1000,5,1,0.0006980663177745,4.130814259999999,0.9602354081683188,1.0635590397808907,0.0207680032315631,5.268426321057894e-05,0.0,-0.1057485040046299,0.0468229844653165,1.1315028790662318,0.0443351714296409,5,1,fri_c2_1000_5_regression_oz6.csv,2
3.169907546387145,4.110147759744423e-06,0.9895875212220556,14.530344085180433,1.695583225,0.2408447392645499,1.23841036851,0.2184793335955211,2.2410559,0.9293057057078749,-0.0774734587999999,0.0549092347969056,-0.1280545,0.1188804412017945,-1.8364722,0.2534023796221688,10,1000,10,2,45.54449089084644,4.0775281,1.0208122998212366,1.0512367761007,0.0259993871081387,5.279529432377301e-05,3.511112088372067e-07,-0.1051670731666666,0.097932822048799,1.105707130743592,0.0557648368925406,5,1,fri_c3_1000_10_binclass_binaryClass.csv,5
3.169907546387145,4.110147759744423e-06,9.965784284662083,3.146066857038477,1.6955833085000005,0.2408447373238557,1.23841055465043,0.2184792323698713,2.2410559,0.9293058371390682,-0.0774734540134939,0.0549092286565405,-0.1280543969,0.1188804757944608,-1.83647203,0.2534023977047092,10,1000,10,2,0.0006980671770488,4.0775279300000005,1.0208123168130956,1.0512367375933298,0.0259993889937861,5.279529432377301e-05,3.511112088372067e-07,-0.1051670746758233,0.097932824564685,1.1057070498711123,0.0557648387955068,5,1,fri_c3_1000_10_regression_oz11.csv,5
3.167489492357422,0.0072158221547264,0.990604955873816,33.538509317201935,1.73731166,0.168115482104051,1.274139857256,0.147762085003501,1.91670844,0.6229253357452561,-0.08048669684,0.0329797310123629,-0.08628374,0.086333655093567,-1.82765036,0.2229625570734691,25,1000,25,2,106.24040418095852,3.7443588,0.7914417472827149,1.0455746868975342,0.0345002263448517,5.286191299168944e-05,4.154403848442933e-07,-0.087437865,0.0575575423043915,1.0943690808740087,0.0721613365242651,5,1,fri_c3_1000_25_binclass_binaryClass.csv,3
3.1699062466443007,0.0,9.965784284662083,3.146068147907044,1.7620064380000002,0.1661886769869113,1.296942615372264,0.1449309477227745,1.916708432,0.6229253359039373,-0.0921352177678346,0.0129867098354447,-0.09721111562,0.0725484502882131,-1.8276502960000005,0.2229625668910955,25,1000,25,2,0.0006980674634738,3.744358728,0.7914417373856163,1.054802121890894,0.0219575681255334,5.268426321057894e-05,0.0,-0.0986617213857244,0.0459556709957746,1.1130703657516006,0.0474431467079624,5,1,fri_c3_1000_25_regression_oz26.csv,0
3.168622206564188,0.0062610243893438,0.9912540071703688,53.79587715580704,1.7818788400000003,0.1387690445015452,1.3165837448819997,0.1110866830460732,1.81387426,0.3790869782623427,-0.08177140108,0.020905772420165,-0.09628918,0.0629313614928557,-1.7475867,0.1225112453922545,50,1000,50,2,170.96279636142967,3.5614609600000007,0.4211289563634805,1.0400848945614307,0.0179476703599209,5.279529432377301e-05,3.364750845523367e-07,-0.0933408712333333,0.0400071974856455,1.0820922643887838,0.0367001754758463,5,1,fri_c3_1000_50_binclass_binaryClass.csv,2
3.16990858618142,5.044145157226869e-06,9.965784284662083,3.146065824344385,1.7902882303999998,0.1315735787302877,1.3230085041676016,0.1066173187318402,1.813874176,0.3790869435843524,-0.0877909492175281,0.0084251710488843,-0.10005136254,0.0555010976215396,-1.747586618,0.1225112454945287,50,1000,50,2,0.0006980669479083,3.5614607940000007,0.4211289083065331,1.0465348467310858,0.0102681537179539,5.268426321057894e-05,0.0,-0.0969775053812136,0.0335508064540396,1.0953385117036172,0.0218345226151299,5,1,fri_c3_1000_50_regression_oz51.csv,1
3.1699088461299887,5.812626705187956e-06,0.9885173903891564,7.943258502648926,1.5702523000000002,0.268148429272763,1.1224942512,0.2489878850172503,2.6334814,1.0223706865111597,-0.0906782396,0.0200978371128992,-0.1749763,0.1493080389248181,-1.8411052,0.3372127436711133,5,1000,5,2,24.4718891538484,4.4745866,0.9597811894113158,1.05530926424787,0.0252232905493859,5.268426321057894e-05,0.0,-0.145567208,0.08953045852837,1.1141866147162915,0.0534513380490171,5,1,fri_c3_1000_5_binclass_binaryClass.csv,0
3.1699088461299887,5.812626705187956e-06,9.965784284662083,3.146065566170968,1.570252199,0.268148561063125,1.1224942667673,0.2489878765398623,2.6334813,1.022370789480326,-0.090678245337894,0.020097846569467,-0.1749762172,0.1493080243264732,-1.8411053,0.3372129173603898,5,1000,5,2,0.0006980668906233,4.4745866,0.959781158991408,1.055309247120627,0.0252233012981424,5.268426321057894e-05,0.0,-0.1455672040398233,0.0895304578756634,1.114186579001006,0.0534513598936536,5,1,fri_c3_1000_5_regression_oz6.csv,5
3.1693196234992245,0.0034203990608989,0.9881489563064276,83.49371389787969,1.7936170625,0.1058149550927802,1.325494912182,0.0967979052697024,1.79969462,0.3486475283155771,-0.0719782769899999,0.0407213175055609,-0.07969268,0.0726928137291174,-1.73939667,0.0849587937105311,100,1000,100,3,266.7918791560421,3.53909129,0.4041555840282778,1.0395731352717592,0.0202153387086894,5.2861912991689446e-05,4.090974110680946e-07,-0.08003977845,0.054196176070868,1.0811168768986716,0.0412960048753126,5,1,fri_c4_1000_100_binclass_binaryClass.csv,1
3.1699078063357136,4.2449423530511655e-06,9.965784284662083,3.1460665988648886,1.80478342155,0.0949846652038112,1.3344219965199269,0.0874914165550316,1.799694572,0.3486474458287953,-0.0853870280187367,0.0132406855608635,-0.092585181495,0.0544210105802505,-1.739396653,0.0849588048367928,100,1000,100,3,0.0006980671197631,3.5390912250000004,0.4041554938969763,1.0456070181448145,0.0100899951121096,5.269536632189836e-05,1.1103111319406129e-07,-0.0941474548207278,0.0316643223590202,1.0933948263150386,0.0209762586952973,5,1,fri_c4_1000_100_regression_oz101.csv,3
3.169908846129989,5.480197012992563e-06,0.9895875212220556,15.87172053726839,1.6483157249999998,0.2865685632277361,1.2004478766,0.2558725327706625,2.4581716,1.0767433570888345,-0.0842785886,0.0263982870755793,-0.1576168,0.0936859672829038,-1.8199416,0.2117954895984961,10,1000,10,3,49.841291200053945,4.2781132,1.160737129619967,1.047393955685043,0.0304294132876068,5.279529432377301e-05,3.511112088372067e-07,-0.1327779665,0.064373561937458,1.0978674526792869,0.0629377059597905,5,1,fri_c4_1000_10_binclass_binaryClass.csv,0
3.169908846129989,5.480197012992563e-06,9.965784284662083,3.146065566170967,1.65507170525,0.2726676337803274,1.20758099367003,0.239444487472591,2.4581716600000005,1.0767433630262848,-0.0907923476739277,0.010830960011263,-0.1579377388499999,0.094442292533687,-1.81994151,0.211795576698153,10,1000,10,3,0.0006980668906233,4.27811317,1.1607371436727207,1.0536007586773757,0.0184307898864361,5.268426321057894e-05,0.0,-0.1364680764265461,0.0724216269725301,1.1103802832997962,0.0392292790584346,5,1,fri_c4_1000_10_regression_oz11.csv,0
3.169907806335713,4.310759337706677e-06,0.9936167534536142,35.12302770409848,1.74637912,0.1772048199495419,1.2844535641559998,0.1595040133556284,1.9767236,0.6366204967721482,-0.08949176292,0.008953024895812,-0.11468346,0.0828641886616941,-1.8114708,0.1829178813388675,25,1000,25,3,111.05201534131024,3.7881944,0.7816121373953644,1.053831549524704,0.0173099737745949,5.268426321057894e-05,0.0,-0.1045345164666666,0.0496698818254323,1.1108485845580327,0.0370410874607071,5,1,fri_c4_1000_25_binclass_binaryClass.csv,5
3.169907806335713,4.310759337706677e-06,9.965784284662083,3.14606659886489,1.7463791283,0.1772049456279343,1.2844535075414365,0.1595040564274238,1.976723604,0.6366205442900742,-0.0894917575816129,0.0089530252821126,-0.1146834877059999,0.082864195603241,-1.811470688,0.1829178434647718,25,1000,25,3,0.0006980671197633,3.788194292000001,0.7816121010090337,1.053831516980499,0.0173099707166322,5.268426321057894e-05,0.0,-0.1045345145606882,0.0496698831648751,1.110848515864182,0.0370410795889206,5,1,fri_c4_1000_25_regression_oz26.csv,4
3.168908685895432,0.0040712264688744,0.9895875212220556,54.23721731197308,1.7756682849999998,0.1241144652945191,1.310851153374,0.1043149732273139,1.87552064,0.55567337950593,-0.07654182512,0.0356823342493731,-0.08496801,0.0712601285382696,-1.7604337600000002,0.1116479239363104,50,1000,50,3,172.68124127764003,3.6359544000000006,0.6091415276215725,1.0429124027258665,0.0194568875386404,5.281750054641181e-05,3.644715345475089e-07,-0.0835933733,0.0554399130024401,1.088037278822677,0.0402468660872104,5,1,fri_c4_1000_50_binclass_binaryClass.csv,0
3.16990858618142,5.044145157226869e-06,9.965784284662083,3.146065824344385,1.7827231409500002,0.1212546501291842,1.3173827882527618,0.1029152773189641,1.875520636,0.5556734241511142,-0.0874817826204415,0.0075540501569299,-0.09562535011,0.0554260981487606,-1.760433758,0.1116479454645336,50,1000,50,3,0.0006980669479083,3.635954394000001,0.609141615303608,1.0484530573599773,0.0101673962886017,5.268426321057894e-05,0.0,-0.0958262891697358,0.032454750588407,1.0993551219158275,0.0217346740871206,5,1,fri_c4_1000_50_regression_oz51.csv,5
4.694289354861951,0.0709721659088605,11.106102993951886,5.271445580976721,400.1750875,576.3203950233918,266.710288425,390.3474116594073,10050.9350125,15271.144311985518,617.2520159944283,932.4568200521834,492.6475875,744.9134869823982,-10.1637625,47.40043317276263,8,20640,8,5,1.228116458940548,10061.098775,15261.234133468688,505.580114130525,761.7366000173715,0.002849709202995,0.0066130985772821,514.2612360878957,777.2240987932672,763323.5686345068,1602744.652590264,5,1,houses_regression_median_house_value.csv,0
4.24411844277729,0.7263218121740955,9.083154612142412,8.740311507333633,240.78948328437505,962.789480041942,91.51680888727124,365.81584963336985,457661.06188866246,1830640.7834963724,470.7174748136306,1881.6849284459915,76.270108675,303.92814949068656,0.1510072375,0.4972145275826735,16,22784,16,15,3.0839244566314603,457660.91088142496,1830640.2904316352,4111.531597512398,16445.73056558304,6.110390208647282e-05,8.895442781250614e-05,106.2837481491095,423.9884735632546,270462867.5483605,1081851470.1314657,5,1,house_16H_regression_price.csv,5
4.253425381330274,0.6196411826049709,9.083154612142412,8.476741520085593,178.33552078437498,503.7285938713186,72.61344069488248,204.8926383330913,352427.11180555,996807.9802063892,352.722280287144,994.4686417925292,57.6066613125,159.77564894533526,0.1641972375,0.3475035486107812,8,22784,8,7,2.969456545890945,352426.9476083125,996807.6424911346,3113.465868867322,8805.589100560339,9.877851239588566e-05,0.0001255962971408,79.85663314210704,222.73607924258428,77539769.1985204,219315586.16015705,5,1,house_8L_regression_price.csv,0
3.809512629566588,0.875141199326126,4.70043827987653,11.481558675543504,0.5889867098865479,0.3013801099396607,0.3999790479092381,0.2061085249941289,0.9827458670988656,0.0962245708688684,0.0897231521744327,0.4658467120127957,0.0782421393841167,0.5434115733875379,-0.9336094003241492,0.1158672980423997,617,7797,617,381,8.305332859884233,1.9163552674230149,0.1433314846405166,0.4274437774318513,0.1281369157880839,0.0047895158437824,0.0406407013240236,0.080671812294181,0.5242601515646805,0.1991006409196872,0.1115648075164866,5,1,isolet_multiclass_class.csv,0
4.327272902266562,0.0874159792824217,3.132069248447984,9.068852979817878,2.0918691428571425,4.912636036682732,1.6026377558999996,3.703923741188028,8.955073857142857,23.973707864135648,1.9989989277037588,5.632769712845892,1.8217586428571424,4.998929223296257,-0.5036832142857143,0.7321640874274625,14,9961,14,12,11.529544732655996,9.45875707142857,23.4219875249202,1.6897556824174191,4.239431940257604,0.0032658504194195,0.0094460013581037,1.7793724590214874,4.940806822809573,19.54428721547572,65.86333096564546,5,1,JapaneseVowels_multiclass_speaker.csv,5
4.305408847193439,0.0239909069597524,0.9997770990046064,33.30821284480421,1.62945378125,0.0545744603993737,1.2041209254374998,0.0441544343529275,1.5704765,0.0001927796669776,-0.0559686329345703,0.0188433874630344,-0.0801968125,0.0161297511803001,-1.570321625,0.0006558009143678,8,8192,8,0,142.43744661584958,3.140798125,0.0007823536718499,0.919720016225259,0.0152918087000498,6.607865554398594e-06,4.509331757230756e-08,-0.0765715993948332,0.0168998487191934,0.8460895177320449,0.0280246438675383,5,1,kin8nm_binclass_binaryClass.csv,0
4.309015782770525,0.0241367262417079,12.999755859374998,3.0468956867455894,1.629276574375,0.0679733781555106,1.205686605708375,0.0533191088340813,1.57047645,0.0001928094544214,-0.0647467529649392,0.0215661702670265,-0.080196802375,0.0161298066280163,-1.57032185,0.0006557653260558,8,8192,8,0,0.0099513979082838,3.1407983,0.0007824460656903,0.93550560491416,0.0251291432438444,6.4383375328376e-06,1.229023043948124e-08,-0.0709068815996302,0.0252360920876939,0.8757232764359568,0.0459578157121107,5,1,kin8nm_regression_y.csv,4
2.9288110373642544,0.2710845367074455,4.699810726573159,10.246977454272884,2.375,0.8850612031567836,1.85325,0.6630388766882376,15.0,0.0,5.9162875,1.8287026762616896,5.8125,1.8337120820892248,0.0625,0.25,16,20000,16,15,5.385674320459239,14.9375,0.25,2.223139730941586,0.4268848123742089,0.0627135523442838,0.0010417187526042,5.832723958333333,1.9252657454181032,5.113191491137058,1.996282898671771,5,1,letter_multiclass_class.csv,2
2.809167833837064,0.8779420856322635,0.1593164203699976,6.220404925343583,0.9598194616666668,0.7426269451433686,0.249900213801,0.3835876531405992,16.8715624,12.90927252420479,-0.0355046063942756,0.0126535908834549,-0.5030084716666666,0.3235631505954379,-0.6715638566666667,0.2264665607959779,6,11183,6,5,108.68211179446982,17.543126256666664,12.84255395653174,0.984792486281097,0.0135369807182238,0.0016747771766222,0.0023729623468561,-0.2752855921529107,0.0685763883538058,0.9699689492415092,0.0265224303908915,5,1,mammography_binclass_class.csv,0
4.170892660398399,1.345308202631326,2.331572915249456,3.496111888796901,14396.915434442564,86772.47886996146,10662.470306346544,64388.05640428903,39437.46860767567,237621.6883974391,12876.099047780928,77659.39418498178,12695.646744222971,76653.79976651438,-140.3267622027027,1138.8207926753057,74,45164,74,49,5.254107397432372,39577.795369878375,237349.34892641573,8371.372273970377,50415.59280783113,0.0150016945278469,0.0296394925697981,12709.239481776514,76671.46312801963,2577464142.2095027,15570269265.770258,5,1,meta_stream_intervals.arff_multiclass_class.csv,0
3.482223946124745,0.1433148283127522,3.321928094887362,5.766192600943138,66.23148148148148,64.39356825191169,46.48911944444444,45.50101528129094,474.4861111111111,480.5358441163574,318.1706458333333,347.0350860527778,318.2384259259259,349.79779189448146,188.27777777777777,237.88045984967863,216,2000,216,137,5.044433647999344,286.2083333333333,267.3185507183135,48.66160130216685,45.423599210297006,0.0189032018728697,0.0189076169026198,317.8254166666667,348.5031695174771,4421.702476114214,5424.434857640565,5,1,mfeat-factors_multiclass_class.csv,5
3.576545079336302,0.0128588335387627,3.321928094887362,12.219107706229028,0.0968085961513157,0.0551793334192328,0.0702937752311052,0.0397600652374032,0.3812415307894737,0.1503016913240429,0.1286681572096052,0.0666883681517424,0.1214295898026315,0.0664300718155012,0.003271217368421,0.0024611439801005,76,2000,76,69,12.155669927911411,0.3779703134210526,0.1487111461693856,0.0672182297299014,0.0322764133248726,2.7902210004480343e-05,5.213016406722085e-07,0.1231666327385964,0.0662502846924167,0.0055463498064935,0.0059589269596926,5,1,mfeat-fourier_multiclass_class.csv,0
3.574902373913168,0.0128560678770398,3.321928094887362,13.26320800421762,3.046711117617188,2.1038017509701947,2.248409319974344,1.562175111177293,6.870659854062501,3.873497780356725,-0.0638762125750781,0.7552790410416537,-0.097637182734375,0.7593813725083143,-6.74407291765625,3.3772902783110315,64,2000,64,61,13.273239042396977,13.61473277171875,7.001698317369646,2.1736484776524656,1.3642320850113738,2.7775040986461543e-05,2.2848463468967185e-07,-0.0910992564072916,0.7574301996336101,6.556796742710136,9.639366994937076,5,1,mfeat-karhunen_multiclass_class.csv,5
2.591420222209114,1.1224972494687169,3.321928094887362,2.878433624995006,964.1519610395836,2339.726937576423,653.7559850234455,1587.840324642371,2969.839272355,7154.244887506668,1034.4856097974985,2456.4917786525584,842.9764250825,1990.9639655113965,256.69782190666666,580.8272604590048,6,2000,6,2,1.2454523069234786,2713.141450448333,6574.397169899063,624.261161186403,1515.5268866058302,0.1125417420562449,0.1378556941779194,933.7409720980236,2212.260452082112,2303720.117386764,5642629.814698492,5,1,mfeat-morphological_multiclass_class.csv,0
3.575524521203838,0.0115306191495652,3.321928094887362,9.0940204396126,58.02367337164895,53.803642551046885,41.6393396066979,38.8259151837779,220.43983654787235,205.3646794909589,86.41837160866073,103.34350321611568,80.8659675511702,101.98452003693134,13.052525143191488,49.82272987249068,47,2000,47,39,8.788259152330113,207.3873114046809,185.0457305641793,40.32016236497487,36.7354745534078,2.779574893847662e-05,4.224461692442267e-07,81.99183273239683,102.11448348775176,2946.497922298516,3927.345886638941,5,1,mfeat-zernike_multiclass_class.csv,5
1.0864247608133146,1.262122025228266,3.319837025403414,37.03291793957753,59.66326530612245,96.58655256001678,12.895216071428573,37.80155135226162,220.3992346938776,80.63233523843643,31.718433072157435,40.46390720490838,8.997448979591837,26.84938585782693,0.0,0.0,784,70000,784,513,11.11911268741742,220.3992346938776,80.63233523843643,48.6745705577302,43.91339828026997,0.115574739603679,0.2820105662807747,19.57829178814383,35.12762685351526,4295.14069078102,4937.909012380534,5,1,mnist_784_multiclass_class.csv,5
3.426612657901681,1.0579525703241968,9.072489733617438,7.347099637294605,0.1176499146039604,0.0737919718353052,0.0824558302143564,0.0557740393416509,0.9973293217821784,0.0201616115841978,0.2609156312292802,0.2120022542691644,0.2451004232673267,0.2234321054226202,0.000259400990099,0.0024526726051511,202,4450,202,202,1.7749455061637585,0.9970699207920792,0.0206702799246369,0.1104150204565168,0.0457224205186382,0.0184799509894361,0.0573656866322035,0.2481401258315719,0.2211291343728444,0.014271667273872,0.0133859991473298,5,1,mtp_regression_oz203.csv,5
2.1040143613211675,1.3467868029515595,3.3218327248667654,11.940017977613044,6.03125,5.291408880110092,3.47484375,3.681410920082136,13.390625,5.016218734946214,4.867212522241992,4.28004207135645,4.671875,5.197846585556766,0.0,0.0,64,5620,64,34,6.562683428118247,13.390625,5.016218734946214,3.692329308859831,2.3278258482167087,0.1241265203706268,0.1883542793294218,4.714255263938314,4.855262565019896,18.96740057375949,15.26196090247734,5,1,optdigits_multiclass_class.csv,5
3.936552139338172,0.2937791905308811,0.6354628258660036,4.417996791675168,186.7332,292.0072763556111,79.32473387999998,117.14898045370305,23266.3,45429.65764062552,243.07687440160785,392.9551877782254,70.9962,103.6539233162182,2.5121,3.125169024762234,10,5473,10,10,26.368516322188995,23263.7879,45427.24488637326,831.6118188989864,1546.1932823464922,0.0021564355177697,0.0035544401897809,93.4761200304414,140.01756764278215,2843220.5170685584,7322705.962158062,5,1,page-blocks_multiclass_class.csv,5
3.771056499109152,0.4356011918725602,3.320771738890595,5.161892273398344,50.25,19.316659476558915,32.84885625,14.661304263762654,100.0,0.0,50.353819823508005,17.985979993339487,49.5625,24.22111681983306,0.0,0.0,16,10992,16,2,4.8618263873214245,100.0,0.0,30.20802949304841,6.792298456222371,0.0098620850563106,0.0001451310807022,49.594868101879925,22.383609385553985,955.7769067763834,394.8418557629362,5,1,pendigits_multiclass_class.csv,5
3.890796080958741,0.0290255572437032,11.876629050506004,3.088211218115541,10.88338125,2.9629114395989373,8.071885972499999,2.200214684083772,26.196375,8.408342574837999,-0.4431177754677755,0.1701972657887589,-0.5132625,0.1039403063862458,-26.2814,8.025175089678731,4,3848,4,4,0.0117012203984632,52.477775,16.350890600896943,7.472805142590623,2.2024709138705507,1.5877633917493507e-05,5.426396581225431e-07,-0.5692696428571429,0.24935064192271,59.48097529396318,34.44021773363556,5,1,pollen_regression_DENSITY.csv,0
0.7950872532222069,1.1357045610042362,0.9210049486251756,54.44554056643503,3.4791666666666665,8.609716389757374,0.926625,4.501366271950697,72.97916666666667,68.55824968076986,19.29641944444444,36.16310514238887,16.916666666666668,35.89336057453152,15.4375,34.644643594461094,48,15000,48,26,46.00187047179756,57.54166666666666,59.94286582338692,6.390631103653412,8.178353691591695,0.4654967364006695,0.4968916288927944,17.40629398148148,35.97519932479716,106.33218773473789,205.9712264811453,5,1,pol_binclass_binaryClass.csv,0
0.7950872532222069,1.1357045610042362,1.8914102162679105,64.9136747047451,3.4791666666666665,8.609716389757374,0.926625,4.501366271950697,72.97916666666667,68.55824968076986,19.29641944444444,36.16310514238887,16.916666666666668,35.89336057453152,15.4375,34.644643594461094,48,15000,48,26,26.28759466013427,57.54166666666666,59.94286582338692,6.390631103653412,8.178353691591695,0.4654967364006695,0.4968916288927944,17.40629398148148,35.97519932479716,106.33218773473789,205.9712264811453,5,1,pol_regression_foo.csv,0
4.30262129911886,0.0204680149450075,0.9999559719934968,259.6701073896374,13.770259453125,28.458809388624243,10.191939085584377,21.06681206425621,13.77166903125,26.76432288797933,0.0219578754882812,1.7424264482797518,0.028875109375,1.6935787777638776,-12.481345968750002,27.35139963040705,32,8192,32,0,1116.3113277895416,26.253015,54.10097177955897,7.903638848897857,16.345952314536962,6.571178900864395e-06,8.8456301960161e-08,-0.014915855268511,1.7969672802199614,321.30797171451377,756.0843875367408,5,1,puma32H_binclass_binaryClass.csv,0
4.30262129911886,0.0204680149450075,12.91753553771708,3.0873291105141907,13.770259453125,28.458809388624243,10.191939085584377,21.06681206425621,13.77166903125,26.76432288797933,0.0219578754882812,1.7424264482797518,0.028875109375,1.6935787777638776,-12.481345968750002,27.35139963040705,32,8192,32,0,0.0283391866430008,26.253015,54.10097177955897,7.903638848897857,16.345952314536962,6.571178900864395e-06,8.8456301960161e-08,-0.014915855268511,1.7969672802199614,321.30797171451377,756.0843875367408,5,1,puma32H_regression_thetadd6.csv,2
4.299320034050812,0.018144902408437,0.9999860693604422,31.82735743641252,1.62024703125,0.6149185165381589,1.2019320518625,0.4559925709381802,1.563298875,0.5946022488740897,-0.0544833058776855,0.028925064517452,-0.0719785,0.0352385134202824,-1.5633335000000002,0.5946234955943611,8,8192,8,0,135.83790169675078,3.126632375,1.1892256957163272,0.9174984499112226,0.3473830121629935,6.641113413320877e-06,1.4015536113193e-07,-0.0713681418836452,0.0364842811836757,0.9473939930865016,0.508537976045344,5,1,puma8NH_binclass_binaryClass.csv,0
4.299320034050812,0.018144902408437,12.999999999999996,3.0537871895629483,1.62024703125,0.6149185165381589,1.2019320518625,0.4559925709381802,1.563298875,0.5946022488740897,-0.0544833058776855,0.028925064517452,-0.0719785,0.0352385134202824,-1.5633335000000002,0.5946234955943611,8,8192,8,0,0.0099391110627469,3.126632375,1.1892256957163272,0.9174984499112226,0.3473830121629935,6.641113413320877e-06,1.4015536113193e-07,-0.0713681418836452,0.0364842811836757,0.9473939930865016,0.508537976045344,5,1,puma8NH_regression_thetadd3.csv,0
3.573069944380004,0.0180733088962492,0.9912232530606148,238.8903239765374,101.1175,90.8235312639296,43.012697,14.506758660862497,304.71666666666664,308.45314203835454,45.96107284970921,31.95818701495602,53.035,59.69517756904656,-82.14999999999999,90.99630267214158,3,2178,3,1,860.1297545413521,386.8666666666666,256.73963257224887,87.75677137585107,49.06324119567745,0.0009887135579007,0.0015500146741102,45.10310397553517,38.80145026867864,9306.052013396877,7221.642928103797,5,1,quake_binclass_binaryClass.csv,1
3.573069944380004,0.0180733088962492,2.5898923943940564,64.62741545154479,101.1175,90.8235312639296,43.012697,14.506758660862497,304.71666666666664,308.45314203835454,45.96107284970921,31.95818701495602,53.035,59.69517756904656,-82.14999999999999,90.99630267214158,3,2178,3,1,88.16133976558564,386.8666666666666,256.73963257224887,87.75677137585107,49.06324119567745,0.0009887135579007,0.0015500146741102,45.10310397553517,38.80145026867864,9306.052013396877,7221.642928103797,5,1,quake_regression_col_4.csv,5
3.573069944380004,0.0180733088962492,2.5898923943940564,64.62741545154479,101.1175,90.8235312639296,43.012697,14.506758660862497,304.71666666666664,308.45314203835454,45.96107284970921,31.95818701495602,53.035,59.69517756904656,-82.14999999999999,90.99630267214158,3,2178,3,1,88.16133976558564,386.8666666666666,256.73963257224887,87.75677137585107,49.06324119567745,0.0009887135579007,0.0015500146741102,45.10310397553517,38.80145026867864,9306.052013396877,7221.642928103797,5,1,quake_regression_richter.csv,5
4.030532817588892,0.0624837723247465,2.4832958827266416,3.0115629155077017,24.38888888888889,4.518392746970211,17.255816666666668,3.685732486494373,134.0,19.783109679002152,83.44234222567556,10.93735797084151,83.80555555555556,12.48958296099924,36.61111111111112,9.514733770850276,36,6435,36,9,3.8879407595440494,97.38888888888889,22.95993750337161,17.565777713366607,3.375297209721962,0.0135899890147361,0.0038275101636489,83.86819764597541,11.375595929500657,319.63271595008723,120.48819707053484,5,1,satellite_image_regression_class.csv,0
4.0308651235356665,0.0642863635681753,2.4833618760456604,3.006951564837578,1.356822597222222,0.1561940464149285,0.9693638690166666,0.0949118844801543,2.806633055555556,0.650796655897675,-0.0009970591800587,0.0108174052621096,0.009306,0.1109261163985161,-2.590993055555556,0.2853106199680766,36,6430,36,10,3.8807289456198175,5.397626111111111,0.8323401988870306,0.9756880273422802,0.0026984994379939,0.0136259261808242,0.003817899429235,0.0162818282501008,0.0662137001037886,0.9519742063233088,0.0052533271517803,5,1,satimage_multiclass_class.csv,2
3.6327522957423257,0.3917881172495884,0.6780187068738636,25.44091300899096,0.2050522056856187,0.1014298541546697,0.1339531132996655,0.0788798863344672,0.9989198595317728,0.0118465907003581,0.3177133729423518,0.2015978736809746,0.2722547658862876,0.2358321435356573,1.8795986622073577e-06,1.816845721084429e-05,299,2407,299,250,135.30971269998648,0.9989179799331104,0.0118464326794096,0.217911172909199,0.0557272895866182,0.0083973825480178,0.0641902943499077,0.2802096304752867,0.2313562388031681,0.0505804236926825,0.0226802036427099,5,1,scene_binclass_Urban.csv,0
3.13248388837584,1.2833293913877146,2.807354922057604,3.506057862892258,26.40931814473684,33.69044824191573,17.788881213599996,23.87949230020825,200.6265802631579,363.9116714883924,23.95724340913748,38.85142293975653,18.841038894736847,37.22063717878535,-4.107588421889189,14.262996773125275,19,2310,19,15,2.912105904718975,204.73416868504705,361.6810880924728,25.01265632977052,23.582556875230747,0.084638200636189,0.240048136272065,20.26931078856232,38.07072488842443,1152.4995976145185,1456.882114960353,5,1,segment_multiclass_class.csv,5
3.8070333282939672,0.0005131519203104,0.9999532967890264,18.82476933039909,2604442.9424301665,6379553.013081176,1911698.1180588629,4682682.539530322,-11268321.234109668,27601667.94666788,-15545119.247964991,38077629.05628019,-15161861.504372666,37138842.839729294,-20704981.05461883,50716646.39563023,6,3107,6,6,70.66987145140229,9436659.820509167,23114978.44896318,2205826.2299497696,5403146.008772807,2.7762830352900404e-05,1.283847340848734e-05,-15201183.11558044,37235160.80989047,29193991683499.016,71510383179624.72,5,1,space_ga_binclass_binaryClass.csv,0
1.0845602778888674,0.9684376007480164,0.9673602371807668,13.47023388660874,4.615964912280702,29.40598996254536,2.2150044,14.428897066045511,482.4917192982456,2458.596010533812,5.843249419462588,36.07530331604047,1.7795263157894736,11.354426657389844,0.0526315789473684,0.2252817784447915,57,4601,57,57,14.102213266347468,482.43908771929824,2458.411500779142,14.985492188750245,83.05815371308381,0.0062733647084815,0.004943248445038,2.301665484791297,14.584128957478296,7002.192805975418,47953.08764304308,5,1,spambase_binclass_class.csv,0
3.4851230804937265,1.5638222468236262,9.71919635486444,8.23651937064402,0.0809925413533834,0.05928731127653,0.0575140949210526,0.0436670409189196,0.97338457518797,0.1498096891291911,0.1985328155326414,0.2104645780221122,0.1891558609022556,0.2170330664903814,0.0002518872180451,0.0033712951268785,266,8885,266,260,1.9534626849264336,0.9731326879699248,0.149802702980691,0.0769856923357663,0.0393364664657632,0.034215414458031,0.155007215320413,0.1906080082331603,0.215478178682429,0.0074683372846173,0.0057985435231102,5,1,topo_2_1_regression_oz267.csv,1
3.379873881487705,1.7356498534464837,5.161428470284308,4.709018231089012,10.484475,19.15520246745428,7.045315199999998,12.753599522862036,43.094,81.95297023700036,13.201033106700615,24.465675843396024,12.102825,22.433530848913787,0.219,0.4473522102326086,4,8641,4,2,2.0836207104949938,42.875,81.50574591606001,7.610698688423489,13.899036045486907,0.1250238404708942,0.2499455264531448,12.359132724204436,22.90937923346184,202.81013677127928,404.5214444002154,5,1,visualizing_soil_regression_track.csv,0
4.055523581746854,0.028977646897439,1.5848792049207137,13.407289298541684,1.7034375000000002,0.5719175145328976,1.2498318,0.3997941020093294,5.14475,1.961587514469613,0.8955931500000001,1.1693099257290995,0.8695,1.1560259069051602,-3.18025,0.6309475474968642,40,5000,40,39,33.30771111685964,8.325,1.5802190695255858,1.244424057022934,0.3474862335987307,0.0014700530096637,0.0002984159439514,0.8809077499999999,1.1599937256052404,1.6663192491745349,0.959939554765834,5,1,waveform-5000_multiclass_class.csv,0
4.079906407418244,0.153636455035431,9.220620127247296,6.715823027247924,7.094999999999999,2.614953301539201,5.1356205,1.7932676707851487,33.48571428571428,14.4642374439569,14.176251140857929,16.232488998496446,13.66357142857143,16.394587102569442,4.691428571428572,16.214061730553446,14,6574,14,11,1.97159291043646,28.79428571428572,7.58915999637308,4.89003462075158,1.2681073399777838,0.0134968940819916,0.0255754783549564,13.858369415683152,16.360511428899553,25.40567080173276,15.239377417692092,5,1,wind_regression_MAL.csv,0
4.055752710388088,0.0588817389719351,1.8376039948582683,27.54801757591938,9.608170909090909,21.87730609195998,7.025157231272726,16.70152582951655,76.02272545454545,147.77601793238688,15.849810821824525,34.225150348458,15.37464909090909,34.11218644160044,2.128737272727273,2.7272865821695045,11,6497,11,11,59.8008837932305,73.89398818181817,146.86423639230054,7.285849871754203,16.64403533080223,0.006551657332417,0.0032738995343242,15.71105379817669,34.76109539707952,304.9235284382797,907.936898508548,5,1,wine_quality_regression_quality.csv,2
3.3611140620194635,0.9359873393049326,0.1066848655670195,24.243413482245423,0.1532078362068965,0.1844144560579897,0.0800155769120689,0.0333737093073624,0.5057060689655173,0.2043611854814145,0.0314079276461272,0.1248207624185638,0.0080456551724137,0.1323960798843086,-0.3507504568965517,0.1796270774351753,116,2417,116,110,762.7904170703434,0.856456525862069,0.1630523007015772,0.1330671159603659,0.1003869889868485,0.0560321139339907,0.158336923988045,0.0181218342522398,0.1332661946274983,0.0276975294978737,0.0540349635781708,5,1,yeast_ml8_binclass_class14.csv,5
2.376100607539279,1.5023502082488096,2.490417636232728,13.525011826315223,0.0824999999999999,0.0640869944461655,0.051891,0.0488519351510254,0.9375,0.1029216067833044,0.3799284029649595,0.1847033233816846,0.36375,0.1945645320783239,0.12,0.1723783214742669,8,1484,8,8,11.904176532453846,0.8175,0.1593513637935275,0.0943500082747879,0.0342566514948329,0.1152253420867154,0.1911060438832622,0.3696370515695067,0.19180114321053,0.0099287524616361,0.0064627703937937,5,1,yeast_multiclass_class_protein_localization.csv,0
0.5043343931323476,0.9364670610739562,9.71919635486444,66.19098310654526,0.013542139442231,0.0442568563813617,0.0075440122231075,0.0307453358540878,0.839043828685259,0.3627434564896113,0.0345903618973739,0.1227994699392082,0.0251540876494023,0.1243470891665433,0.0,0.0,251,8885,251,211,2.434686169208337,0.839043828685259,0.3627434564896113,0.0464464294954652,0.0359180166470454,0.3449704255567782,0.3065497074458546,0.0260367268401539,0.1242031141045142,0.0034422348764802,0.0057060897185786,5,1,yprop_4_1_regression_oz252.csv,4
1.4955702911181985,0.1805971344385332,0.9999977500599352,33.39845818439911,2.0,0.0,1.33434,0.4688392858965639,1.0,0.0,-0.0135743720565149,0.134965879667218,0.1,0.3162277660168379,-1.0,0.0,10,40768,10,0,48.949854213918975,2.0,0.0,0.8241081738280697,0.0689928219529236,0.3499840557313513,0.0527059204952308,-0.022622843594146,0.224932098040763,0.6834382907031609,0.1190466725978421,15,2,2dplanes_binclass_binaryClass.csv,0
1.4955702911181985,0.1805971344385332,15.29547077834474,10.49166004440413,2.0,0.0,1.33434,0.4688392858965639,1.0,0.0,-0.0135743720565149,0.134965879667218,0.1,0.3162277660168379,-1.0,0.0,10,40768,10,0,0.0258602232196686,2.0,0.0,0.8241081738280697,0.0689928219529236,0.3499840557313513,0.0527059204952308,-0.022622843594146,0.224932098040763,0.6834382907031609,0.1190466725978421,15,2,2dplanes_regression_y.csv,0
3.0697057979471376,1.2641975932313714,0.9999906975135884,5.682952395884266,0.4151111111111111,0.4114840350622502,0.1375523333333333,0.1966619131648207,1.117611111111111,0.6978250039308646,0.3456641662011545,0.1878393401930652,0.2792777777777778,0.2326343846993484,0.0197222222222222,0.0382378339402802,9,4177,9,7,16.445154202413427,1.097888888888889,0.7068330680656579,0.2306953315098841,0.1814119209385435,0.1153691316932189,0.2180873610335464,0.3021150113016886,0.1998190403204488,0.0824739226992218,0.1017879940012528,15,2,abalone_binclass_binaryClass.csv,0
2.396080400007944,1.654141733042361,0.9832048570341376,13.440272186665506,7.686349999999999,41.48387910029258,5.679729405,30.7378185353316,28.49717500000001,154.69302549588704,-0.8619152163636364,3.1907861456652946,-1.303725,5.525804213369053,-29.3242,154.46289762322894,40,13750,40,40,31.75408225136848,57.821375,309.11497870837866,7.003230180721429,37.96739911942006,0.072672475839258,0.0968351257340924,-1.0196846454545452,3.900766441017857,1454.5305439601725,9090.548888455623,15,2,ailerons_binclass_binaryClass.csv,0
2.396080400007944,1.654141733042361,3.828958233704801,27.250902920225432,7.686349999999999,41.48387910029258,5.679729405,30.7378185353316,28.49717500000001,154.69302549588704,-0.8619152163636364,3.1907861456652946,-1.303725,5.525804213369053,-29.3242,154.46289762322894,40,13750,40,40,16.053033850017552,57.821375,309.11497870837866,7.003230180721429,37.96739911942006,0.072672475839258,0.0968351257340924,-1.0196846454545452,3.900766441017857,1454.5305439601725,9090.548888455623,15,2,Ailerons_regression_goal.csv,5
0.971089238674916,1.1832377901899611,0.794432350758128,8.853780050216344,2.142857142857143,4.81070235442364,1.4826,3.922590893784362,286.2857142857143,750.3947215267696,281.97465096601326,745.4847176572234,282.1428571428572,746.0389687255906,279.0,738.1646157870208,7,4052,7,4,9.822583597149393,7.285714285714286,12.776466461353673,1.632104694264211,3.297486435805521,0.375242640461105,0.213872086143419,281.9788533834586,745.6927576001907,11.983837271029044,31.24672883108736,15,2,analcatdata_supreme_binclass_binaryClass.csv,0
0.971089238674916,1.1832377901899611,1.825202079049472,10.794509421382992,2.142857142857143,4.81070235442364,1.4826,3.922590893784362,286.2857142857143,750.3947215267696,281.97465096601326,745.4847176572234,282.1428571428572,746.0389687255906,279.0,738.1646157870208,7,4052,7,4,4.743162390730488,7.285714285714286,12.776466461353673,1.632104694264211,3.297486435805521,0.375242640461105,0.213872086143419,281.9788533834586,745.6927576001907,11.983837271029044,31.24672883108736,15,2,analcatdata_supreme_regression_Log_exposure.csv,0
3.82188576210498,0.5429066970951382,10.767172197728645,3.625005033580968,1.4276128203125,0.904287008014464,0.8913477376125001,0.4304418310742151,6.08662875,8.265591374705721,1.06211471900177,1.6974657609252353,0.796901859375,1.5002031737477892,-0.03028496875,1.2758773447337854,32,8192,32,9,0.2867217938916766,6.11691371875,8.01194628688176,0.9728611651267988,0.7698885400814685,0.019649082165287,0.0535033967036453,0.8944110994647579,1.6259849709033918,1.5206644493809982,2.58100467200191,15,2,bank32nh_regression_rej.csv,0
3.752198213857629,0.73038653332957,0.9730662661337472,17.03635778780324,1.417403125,1.2566529487236475,0.9772016751,0.8130656879414503,8.731484125000001,13.032916425040993,1.5288957340698242,2.4108447935255537,1.30855025,2.4205673119946045,0.380009125,1.883986344468667,8,8192,8,2,64.69315316624957,8.351475,13.03172371379654,1.0837883926009162,1.2263743368483553,0.0312577330333433,0.0883482256240239,1.3407299993388937,2.39219736361851,2.4905920422566905,4.077397617620936,15,2,bank8FM_binclass_binaryClass.csv,0
3.752198213857629,0.73038653332957,12.86331256724435,3.535861670039116,1.417403125,1.2566529487236475,0.9772016751,0.8130656879414503,8.731484125000001,13.032916425040993,1.5288957340698242,2.4108447935255537,1.30855025,2.4205673119946045,0.380009125,1.883986344468667,8,8192,8,2,0.0314025857190693,8.351475,13.03172371379654,1.0837883926009162,1.2263743368483553,0.0312577330333433,0.0883482256240239,1.3407299993388937,2.39219736361851,2.4905920422566905,4.077397617620936,15,2,bank8FM_regression_rej.csv,0
2.2419547553136545,0.7572527385041176,0.928691959084338,2.7483556566508005,2.2073829722222222,1.2603421986899868,0.5006549109333334,1.0655111749475064,12.304476666666666,1.2844623417684342,2.825210992238085,0.6051497010581571,1.4487982222222222,0.7370119391356185,0.771111,0.3702142659460869,9,39366,9,9,5.634803901819804,11.533365666666668,1.3686863257108073,2.6221089846163466,0.5480464459721215,9.853621580008664e-05,0.0001044632722794,1.8674463618778807,0.6605522283919366,7.142437666710366,2.7466824896971542,15,2,BNG(breast-w)_binclass_Class.csv,0
1.2616448250614307,1.1319816013882746,0.3261016552819349,160.11465840754968,1.3529411764705883,2.6802002517266765,0.7325788235294117,1.202372221118588,7.176470588235294,4.626982125039405,1.7281828308598943,3.1675721693028884,1.6705882352941177,3.9442189017723193,0.0705882352941176,0.2576558841203685,85,9822,85,75,618.4627562430359,7.105882352941176,4.535635434591079,1.101689875032889,1.4681473151143494,0.1736086736904313,0.1084738033517195,1.6689754286512706,3.419391476234746,3.343818807405368,16.37233911896046,15,2,coil2000_regression_CARAVAN.csv,0
3.2515198528623106,0.946758549552253,0.8841664897438647,6.685445151553812,48346.07619047619,160688.22434311995,39582.89252,146548.91787436925,315078.69095238094,793009.9703456105,66003.13297659738,247190.79138861224,58380.23809523809,238783.8004762624,93.15238095238097,328.1813029699401,21,8192,21,20,23.58570629813913,314985.53857142857,792834.0142912879,46822.19070716969,141803.9740992104,0.0017039890933572,0.0017312971584779,66545.79247888333,271470.64472813206,21343143323.88479,82428314297.63516,15,2,cpu_act_binclass_binaryClass.csv,0
3.2515198528623106,0.946758549552253,4.974974983530833,13.177059585767298,48346.07619047619,160688.22434311995,39582.89252,146548.91787436925,315078.69095238094,793009.9703456105,66003.13297659738,247190.79138861224,58380.23809523809,238783.8004762624,93.15238095238097,328.1813029699401,21,8192,21,20,7.612198249701297,314985.53857142857,792834.0142912879,46822.19070716969,141803.9740992104,0.0017039890933572,0.0017312971584779,66545.79247888333,271470.64472813206,21343143323.88479,82428314297.63516,15,2,cpu_act_regression_usr.csv,0
3.6972730762908834,0.4558602724623301,0.8841664897438647,6.389333888505095,84597.52500000001,208894.0796613501,69255.248265,191802.49902681008,550976.39,1000870.4401301726,115167.20997711182,322779.7117478496,102035.18333333332,313910.3003399707,163.0,428.2582058864616,12,8192,12,11,25.717945585391085,550813.39,1000658.865216209,81888.17000844971,182769.0948858593,0.0019476138391619,0.0020162765235107,116090.8557160293,356082.0696517658,37326502595.61265,108068398302.71512,15,2,cpu_small_binclass_binaryClass.csv,0
3.6972730762908834,0.4558602724623301,4.974974983530833,11.859388346739918,84597.52500000001,208894.0796613501,69255.248265,191802.49902681008,550976.39,1000870.4401301726,115167.20997711182,322779.7117478496,102035.18333333332,313910.3003399707,163.0,428.2582058864616,12,8192,12,11,7.813591501632039,550813.39,1000658.865216209,81888.17000844971,182769.0948858593,0.0019476138391619,0.0020162765235107,116090.8557160293,356082.0696517658,37326502595.61265,108068398302.71512,15,2,cpu_small_regression_usr.csv,0
3.869708603846206,0.1135139189560752,0.9972877951195076,5.548964834173063,0.006902,0.00712085107273,0.0048362412,0.0051630297067833,0.024264,0.0210291102997725,0.0032552458970402,0.0042955783942475,0.004078,0.0039468240396551,-0.01608,0.0187386498980049,5,7129,5,4,20.531274188175928,0.040344,0.0368695359341557,0.0055301407405491,0.0057412204287058,0.0098175077081001,0.0075580919191137,0.0033746356625379,0.0040981096694742,5.695174621907263e-05,9.401961583201597e-05,15,2,delta_ailerons_binclass_binaryClass.csv,0
3.1242349069944697,1.220866938776057,0.9999776283308132,9.323380739633828,4.4041,8.026254253386195,3.19062933,5.932704130848345,17.61456666666667,35.946809000058224,-2.1045496287345453,4.818244599637173,-2.017183333333333,3.9998959338546127,-19.31728333333333,39.96673454113642,6,9517,6,6,28.129083224177524,36.93185,75.91113858568451,4.734243350422102,9.416818759430893,0.0492683299066013,0.062755130030328,-2.1834424648339463,4.802370240408973,96.31012305765718,225.5654165330362,15,2,delta_elevators_binclass_binaryClass.csv,0
3.1242349069944697,1.220866938776057,2.9682419705521728,19.350696586814653,4.4041,8.026254253386195,3.19062933,5.932704130848345,17.61456666666667,35.946809000058224,-2.1045496287345453,4.818244599637173,-2.017183333333333,3.9998959338546127,-19.31728333333333,39.96673454113642,6,9517,6,6,19.367652755728205,36.93185,75.91113858568451,4.734243350422102,9.416818759430893,0.0492683299066013,0.062755130030328,-2.1834424648339463,4.802370240408973,96.31012305765718,225.5654165330362,15,2,delta_elevators_regression_Se.csv,0
2.4222315888899923,1.9081539441392,0.9835093906057096,24.66384190655113,0.110843,0.1939986865960695,0.094282183476923,0.1926841531760492,0.9991833846153848,0.0029443486415635,0.2400941788964037,0.191242078468887,0.1729784615384615,0.2193180560235201,0.0019718461538461,0.0071095924150187,13,45312,13,11,59.74322984617786,0.9972115384615384,0.0100539410565822,0.2368310179316039,0.1255445786971109,0.2325619479179042,0.2577567932645251,0.1852227080046627,0.2394334148117871,0.0706379537378136,0.0490416841795589,15,2,electricity_binclass_class.csv,0
3.0380355918047743,1.5076051396677486,4.135743621859048,34.72788536086713,19.55083888888889,72.01520409208648,15.3167406,56.69829394932497,60.60208888888889,221.47921295877828,-1.3529347269915857,3.658532636982613,1.1836111111111112,10.226521664648068,-65.67900555555555,232.8286171818219,18,16599,18,17,24.510418778571488,126.28109444444446,454.2651334010744,16.46497238758272,60.28248172525261,0.0599207654796865,0.1018371509770967,-1.396720207141184,3.609450550170452,3703.185274070641,15546.602299614944,15,2,elevators_regression_Goal.csv,0
4.65266288371389,0.0358978606733961,13.83694419621366,4.376689561014787,0.4683,0.067212845994398,0.33024915,0.0456851080750062,1.0,0.0,0.4858749509419152,0.0402045487102055,0.4735499999999999,0.084123734925274,0.0,0.0,10,40768,10,0,0.4716588276509589,1.0,0.0,0.2822869545743044,0.0144102813094198,0.000974495860065,1.1428494363856452e-19,0.4804208813670182,0.0616976182497118,0.0798728153095103,0.0083552731753497,15,2,fried_regression_Y.csv,0
3.1492764433376808,0.0,9.965784284662083,3.166691415427267,2.03967329075,0.042204801225521,1.5120676127445,0.0290597312468945,1.70011956,0.0540818349602032,-0.268664282760074,0.0120621770198556,-0.2969572635,0.0393334263620544,-1.7579796399999998,0.0221821327359656,10,1000,10,0,0.0007026434711658,3.4580992000000004,0.0642012819550442,1.1138783336866054,0.0082925024462136,0.0001766472354707,0.0,-0.3064467370834567,0.0189417822899841,1.2407868312935868,0.0185449702468939,15,2,fri_c0_1000_10_regression_oz11.csv,0
3.1492780030290937,4.310759337559389e-06,9.965784284662083,3.166689846009833,2.0330704931000003,0.0376846145780303,1.50828037197936,0.0302783996482293,1.727681728,0.0298154320170992,-0.2583255245573333,0.0123856478423679,-0.3032770874,0.0385435279427671,-1.73028962,0.041113867765147,25,1000,25,0,0.000702643122935,3.457971348,0.0457908610388408,1.110188215233736,0.0094576155997488,0.0001766472354707,0.0,-0.3037365197455555,0.0206175452187163,1.2326037418769873,0.0210047865572496,15,2,fri_c0_1000_25_regression_oz26.csv,0
3.1449001957004223,0.0298620143793088,9.965784284662083,3.171095723803268,2.02443770965,0.06734464837183,1.49880967336674,0.0653146164857562,1.72704336,0.0436363578752107,-0.2582046889065497,0.0222233051413615,-0.2989504169,0.0379262307272034,-1.7376186480000002,0.0357426261323712,50,1000,50,0,0.0007019294730622,3.4646620080000003,0.0486196747193168,1.1063672851566797,0.0230249623086889,0.0001767027194866,2.74574669899084e-07,-0.3043520313385827,0.0204454871068781,1.224568115576492,0.0488634341521394,15,2,fri_c0_1000_50_regression_oz51.csv,0
3.108387376532112,0.0914307329137811,0.9999740313334506,13.35081327697318,1.9329402,0.1749480935773701,1.41009018528,0.1895781298039068,1.7407201999999995,0.0251208309715264,-0.1833940023999999,0.1785125840800249,-0.1834732,0.2714671718190802,-1.7070156,0.0280589292169177,5,1000,5,0,40.50057717123092,3.4477358,0.0306797413075795,1.0817647967766706,0.0584653664338262,0.00017692465555,6.203301555555715e-07,-0.2116187143333333,0.2370094274252374,1.1729496348030648,0.1220082853827409,15,2,fri_c0_1000_5_binclass_binaryClass.csv,0
3.1492764433376808,0.0,9.965784284662083,3.1666914154272674,2.0107363200000004,0.0372127972160511,1.488582283587,0.0252648234027978,1.7407202600000002,0.025120726651771,-0.259431946568334,0.0137845979610845,-0.308480669,0.0214211990861282,-1.7070156399999998,0.0280591701763968,5,1000,5,0,0.000702643471166,3.4477359,0.0306798045093184,1.1068514272206902,0.0058693827965508,0.0001766472354707,0.0,-0.3162546201705567,0.0126375873639317,1.2251476416640088,0.0130092429777558,15,2,fri_c0_1000_5_regression_oz6.csv,0
3.1492764433376808,0.0,9.965784284662083,3.166691415427268,2.02050215575,0.0606143804556797,1.4999473807247998,0.0461484554290912,1.80747675,0.270797447863102,-0.273503044506348,0.0402387661239367,-0.2899605875,0.0210589094945331,-1.8225052,0.2229236459574792,10,1000,10,0,0.0007026434711661,3.62998195,0.4872921092881953,1.1292935580176628,0.048410667982485,0.0001766472354707,0.0,-0.2987268490922466,0.0146526780507134,1.2774131736772518,0.1149579746188352,15,2,fri_c1_1000_10_regression_oz11.csv,0
3.149279042823369,5.3061779411326585e-06,9.965784284662083,3.166688799732408,2.0157849259,0.04146473913076,1.49594674860036,0.0344249828477989,1.757924164,0.1328397618701785,-0.2624051528957172,0.0225298763537203,-0.3001787432,0.0371841701302679,-1.75001226,0.140134794872437,25,1000,25,0,0.000702642890781,3.5079364239999995,0.2672986912750217,1.1136373253884837,0.0311622992308969,0.0001766472354707,0.0,-0.3056683088515287,0.0171672528247649,1.2411203378360367,0.0734767975054647,15,2,fri_c1_1000_25_regression_oz26.csv,2
3.149278003029093,4.266545252488468e-06,9.965784284662083,3.166689846009833,2.0287217779999995,0.0517580618342233,1.50472234502898,0.0359019839066395,1.737047242,0.0904432511061936,-0.2624343235993575,0.0213450003144462,-0.3038289465,0.0404516741673239,-1.74893953,0.1162165925518246,50,1000,50,0,0.0007026431229348,3.485986772,0.195469530920448,1.1141483226059996,0.02638086775551,0.0001766472354707,0.0,-0.3052474131252625,0.0195743833673036,1.2420085159456256,0.0625437081911386,15,2,fri_c1_1000_50_regression_oz51.csv,0
3.149279042823369,5.812626704989353e-06,0.9946583178227808,9.6683699146862,1.9970561,0.0562867700667749,1.4844267114599998,0.0523110760548251,1.8464274,0.246310309587926,-0.2783071062,0.0424773671324639,-0.2971019,0.0405019192884732,-1.8403218000000003,0.2701165799080092,5,1000,5,0,29.61191386529,3.6867492,0.5151920384402304,1.128616421491789,0.055617291220443,0.0001766472354707,0.0,-0.303337144,0.0200772436361101,1.276249653327091,0.1296194847684519,15,2,fri_c1_1000_5_binclass_binaryClass.csv,0
3.149279042823369,5.812626704989353e-06,9.965784284662083,3.166688799732408,1.9970559925,0.0562865521150542,1.4844266313995995,0.0523109554948469,1.84642742,0.2463105206781412,-0.2783071421439148,0.0424773671561427,-0.297101926,0.0405019742253636,-1.84032202,0.2701165140399084,5,1000,5,0,0.0007026428907812,3.6867494400000007,0.5151921745908543,1.1286164431306158,0.0556172825439951,0.0001766472354707,0.0,-0.303337139129858,0.0200772452370304,1.2762497013988656,0.1296194667262961,15,2,fri_c1_1000_5_regression_oz6.csv,0
3.1492777430805248,4.110147759603989e-06,9.965784284662083,3.166690107579297,1.9393608545,0.1791018703414574,1.4404895061186,0.1306634439164339,1.92945547,0.4818365625457593,-0.273709876283141,0.0371454110194462,-0.3081070725,0.0619311470129902,-1.82615678,0.1929935873285074,10,1000,10,1,0.0007026431809733,3.75561225,0.6485857396558373,1.1289736241900192,0.0389059893146739,0.0001766472354707,0.0,-0.310175774035235,0.0323417613874678,1.2759437525208452,0.0896486848952642,15,2,fri_c2_1000_10_regression_oz11.csv,0
3.149276963234819,2.599485688037362e-06,9.965784284662083,3.1666908922879498,2.002388997,0.1058273543962489,1.4807868839820002,0.0897526287003815,1.80985336,0.2806574156643305,-0.265044323681034,0.022035316325768,-0.3041315812,0.0439479918933238,-1.774599288,0.1585561768027353,25,1000,25,1,0.0007026433550891,3.584452648,0.4124652810417574,1.1207699404808622,0.0366545681890026,0.0001766472354707,0.0,-0.3048437142763899,0.0213357512359407,1.2574150745598325,0.0861457690602452,15,2,fri_c2_1000_25_regression_oz26.csv,2
3.1492774831319554,3.561912973454238e-06,9.965784284662083,3.1666903691488053,2.0171246224,0.095269945079486,1.4931324207932997,0.0698119983886294,1.774329504,0.2497036207043878,-0.2623937907410909,0.0199600658520879,-0.3069666247,0.042474816985336,-1.748615622,0.1147505813508003,50,1000,50,1,0.0007026432390118,3.522945126,0.3445197437041911,1.114864481410023,0.0246843210798171,0.0001766472354707,0.0,-0.3077895703408182,0.0208520926507275,1.2435199413026674,0.0573486911939226,15,2,fri_c2_1000_50_regression_oz51.csv,4
3.149279042823369,5.812626704989353e-06,9.965784284662083,3.1666887997324085,1.9186668695,0.2454786886914575,1.412842417203,0.1776274356961905,2.1865399200000004,0.7706706847529378,-0.288418121603238,0.0422502696598998,-0.3003506569999999,0.0413213918297607,-1.9417424800000005,0.2884700677067934,5,1000,5,1,0.0007026428907813,4.1282824,0.9578255418728692,1.1556851858950168,0.0584959137323773,0.0001766472354707,0.0,-0.3036453931753966,0.0313318141113338,1.338345666435908,0.1375518304364663,15,2,fri_c2_1000_5_regression_oz6.csv,0
3.149281642309057,6.7118431856488206e-06,0.9895875212220556,16.49010436472863,1.850696325,0.310746026500207,1.36635882264,0.2362184401357845,2.2148309,0.8953305096484947,-0.2848000031,0.0443848316537476,-0.3408573999999999,0.0669277836514021,-1.8343137000000005,0.2546884066462608,10,1000,10,2,51.47841332060129,4.0491446,0.9858048590003556,1.1249910645258263,0.0545126061474659,0.0001766472354707,0.0,-0.3307214705,0.040477033888278,1.268279357069042,0.1290065827135139,15,2,fri_c3_1000_10_binclass_binaryClass.csv,0
3.149281642309057,6.7118431856488206e-06,9.965784284662083,3.1666861840418683,1.8506964277500004,0.3107459774163061,1.36635879180192,0.2362182608949326,2.21483092,0.8953306220189188,-0.284799978541451,0.0443848378059494,-0.340857425,0.0669277297053909,-1.83431353,0.2546884268033439,10,1000,10,2,0.0007026423103968,4.04914445,0.9858048566282874,1.124991009590802,0.0545126089815234,0.0001766472354707,0.0,-0.3307214652724183,0.0404770403380357,1.2682792337443072,0.1290065833082198,15,2,fri_c3_1000_10_regression_oz11.csv,0
3.1297738885374184,0.0593565339947905,0.990604955873816,37.39801949428378,1.9193905,0.2637511400111915,1.4120397746279998,0.2130475454455869,1.91660476,0.6229702972589786,-0.24828007352,0.0984362048114537,-0.27711796,0.1387051865323625,-1.82725532,0.2230891628870469,25,1000,25,2,117.15743925183055,3.7438600800000006,0.7916230967242724,1.1149460999036365,0.0802177438608716,0.0001768136875183,4.600491561131047e-07,-0.2793803300666667,0.111263486399328,1.249282296663253,0.178552555550825,15,2,fri_c3_1000_25_binclass_binaryClass.csv,0
3.149279042823369,5.3061779411326585e-06,9.965784284662083,3.166688799732408,1.9801680057,0.2071333352550597,1.4657447961884278,0.1610837461533182,1.916604764,0.6229702921702747,-0.276550365260727,0.0351157683816771,-0.3120005164,0.0521963135799137,-1.827255296,0.2230891600580368,25,1000,25,2,0.000702642890781,3.74386006,0.7916230678924829,1.1328445606766036,0.0529286903035655,0.0001766472354707,0.0,-0.3117687486492118,0.0261106850414039,1.2860261870615275,0.1264404439796757,15,2,fri_c3_1000_25_regression_oz26.csv,0
3.136267149966808,0.0458983121617476,0.9912540071703688,61.216501785969605,1.9571567800000005,0.214905970405709,1.4404525137660005,0.173578028209916,1.8099232,0.3647345303604041,-0.24585034942,0.05869206697761,-0.29908529,0.1022578712157775,-1.74682522,0.1226184463930634,50,1000,50,2,192.6852736013434,3.55674842,0.4052575749300277,1.0959027097247147,0.0463006697852143,0.0001767859455103,4.20354898466177e-07,-0.2957874349666666,0.0679433920590396,1.2031036261640802,0.0968776918935206,15,2,fri_c3_1000_50_binclass_binaryClass.csv,4
3.1492782629776617,4.555726468800215e-06,9.965784284662083,3.1666895844404115,1.9971676054,0.1653066155825803,1.4774459645278202,0.1295950310008552,1.809923126,0.3647344900399936,-0.2638914503460532,0.0224436288646981,-0.3119537565999999,0.0468159441565668,-1.746825124,0.1226184436727991,50,1000,50,2,0.0007026430648961,3.55674825,0.405257504920446,1.11256676031517,0.0256358312663721,0.0001766472354707,0.0,-0.3099759057497552,0.0241507295692866,1.2384488480860163,0.0594387991387302,15,2,fri_c3_1000_50_regression_oz51.csv,0
3.1492764433376808,0.0,0.9885173903891564,8.322283418966947,1.7320048500000005,0.3353669939074488,1.2604925835599998,0.27823259070017,2.6334814,1.0223706865111597,-0.273821169,0.0580282072021272,-0.3403901,0.1081634043775897,-1.839904,0.335355572439165,5,1000,5,2,25.513616635327413,4.4733854,0.9596450237404456,1.1310249902500202,0.0653015591984218,0.0001766472354707,0.0,-0.324968253,0.0570605066587608,1.2826289634770542,0.147465735608375,15,2,fri_c3_1000_5_binclass_binaryClass.csv,0
3.1492764433376808,0.0,9.965784284662083,3.166691415427268,1.7320045909999997,0.3353668438384327,1.26049267340556,0.2782325612116793,2.6334813,1.022370789480326,-0.27382115979354,0.0580282154505614,-0.340390111,0.1081633044648297,-1.83990396,0.3353555986637662,5,1000,5,2,0.0007026434711661,4.47338526,0.959645027763768,1.1310249609100256,0.0653015581025218,0.0001766472354707,0.0,-0.3249682383225666,0.0570605039291227,1.2826288969940185,0.1474657243179427,15,2,fri_c3_1000_5_regression_oz6.csv,1
3.132748722124234,0.055547164174053,0.9881489563064276,87.84664928625666,1.967016685,0.1850838739295981,1.4555390807160002,0.1505886943492531,1.7993795399999997,0.3487056899166557,-0.23121701597,0.0933585562869812,-0.2718723649999999,0.14565177384731,-1.73888246,0.0852541296887029,100,1000,100,3,277.502017877025,3.538262,0.4043529181083117,1.0977171830126096,0.0509404006896719,0.0001768136875183,4.530250923979668e-07,-0.2725802621666667,0.118172771420945,1.2075519890593391,0.1063911472020761,15,2,fri_c4_1000_100_binclass_binaryClass.csv,4
3.1474285229928487,0.0184910196698674,9.965784284662083,3.168551952557773,2.00348143355,0.1298346303694023,1.484856191895321,0.1074511740568942,1.799379489,0.3487056083182467,-0.2559243134370001,0.0343898262959776,-0.3010158115999999,0.0766167581801628,-1.73888242,0.0852541541133535,100,1000,100,3,0.0007030562977082,3.5382619090000005,0.4043528358468635,1.1105153994466423,0.0265989361872477,0.0001766611064747,1.3871003963152769e-07,-0.3012981106733334,0.0452857186743651,1.233944880780366,0.0579934043099773,15,2,fri_c4_1000_100_regression_oz101.csv,0
3.1307881416894605,0.0584742771879767,0.9895875212220556,16.610897005535964,1.790429575,0.3879925837956766,1.31457797982,0.3162279301962895,2.4150616,1.021543522950899,-0.2517366913,0.0735752797083647,-0.3313012999999999,0.0435565694874046,-1.8016301,0.1990225100945172,10,1000,10,3,51.55240011872321,4.2166917,1.0790063080892789,1.1081422828947174,0.0787705634184654,0.0001767859455103,4.386396595678505e-07,-0.3161525866666667,0.0311963185000549,1.2335636406342525,0.1677620554123162,15,2,fri_c4_1000_10_binclass_binaryClass.csv,0
3.149279042823369,5.480197012805319e-06,9.965784284662083,3.166688799732408,1.813547253,0.333230169446194,1.33496094008571,0.2652830500575025,2.4150616200000004,1.0215433979813016,-0.2712779785755907,0.0300904932204529,-0.3445835175,0.0661826967054026,-1.80162998,0.1990225960098434,10,1000,10,3,0.000702642890781,4.216691600000001,1.079006153507632,1.1247459641858577,0.0439373900214164,0.0001766472354707,0.0,-0.3286758906676512,0.0399837765408497,1.2667909287700791,0.1013358053434789,15,2,fri_c4_1000_10_regression_oz11.csv,0
3.149278003029094,4.310759337559389e-06,0.9936167534536142,39.94163290360415,1.95167351,0.2208045475952832,1.4456216134919997,0.176904438199889,1.97636156,0.6367730568166914,-0.2719046026,0.0293554898341913,-0.31614794,0.0550415932226333,-1.81143512,0.1829432049433466,25,1000,25,3,125.59539552968684,3.78779668,0.7817836310070987,1.128244138890365,0.0410345173610916,0.0001766472354707,0.0,-0.3129534578666667,0.0269212180273158,1.2745513152909171,0.0957952153046024,15,2,fri_c4_1000_25_binclass_binaryClass.csv,0
3.149278003029094,4.310759337559389e-06,9.965784284662083,3.166689846009833,1.9516735555,0.2208045352022472,1.44562166656908,0.1769043544049499,1.976361536,0.6367731166080152,-0.2719045871373414,0.0293554869272827,-0.316147907,0.0550415363012435,-1.8114350160000003,0.1829431591680202,25,1000,25,3,0.0007026431229352,3.787796552000001,0.78178360390044,1.1282440976729982,0.0410345089637707,0.0001766472354707,0.0,-0.312953449893569,0.0269212201634274,1.2745512216228196,0.0957951899748585,15,2,fri_c4_1000_25_regression_oz26.csv,0
3.1417547746342027,0.0323569190895529,0.9895875212220556,60.02576653807944,1.978058575,0.1760513884941481,1.450705893672,0.1560073195259731,1.8752781,0.5557435457339555,-0.24493950398,0.071097472879011,-0.28371094,0.1006906724149962,-1.7592424800000004,0.1120796319585721,50,1000,50,3,189.5705504341862,3.63452058,0.6095342598932032,1.1080438474337595,0.0472757504549243,0.0001767582035024,3.80131417522764e-07,-0.2874461741666666,0.0909769684798525,1.229951464485263,0.1021601701444911,15,2,fri_c4_1000_50_binclass_binaryClass.csv,3
3.149278003029093,4.266545252488468e-06,9.965784284662083,3.166689846009833,2.00595636355,0.147115505204004,1.48253602862694,0.1163560363436374,1.875278094,0.555743591343318,-0.2615951668285473,0.0186600560473939,-0.2979018382,0.0470987263366413,-1.759242426,0.1120796559742783,50,1000,50,3,0.0007026431229348,3.63452052,0.6095343642255274,1.1180446374574473,0.0259192229110559,0.0001766472354707,0.0,-0.3057774095002455,0.0199910980920858,1.2506821813413416,0.0607788393671223,15,2,fri_c4_1000_50_regression_oz51.csv,1
4.383744820733647,0.0914092549185779,11.106102993951886,5.827441631060427,341.111790625,491.0100596924895,218.14543666125,318.9663165208333,8518.3100125,13679.855483958563,591.912537356468,893.6273774034611,449.1196875,680.1185577745638,-10.1637625,47.40043317276263,8,20640,8,5,1.3001782967617468,8528.473775,13670.734638904472,485.4675611836453,732.200425532301,0.0028591463903738,0.0066093562434153,486.1780630067023,734.4174790115833,704781.5332175689,1486733.4823661032,15,2,houses_regression_median_house_value.csv,0
3.915041786926394,0.7002579998758328,9.083154612142412,9.783575604863072,205.7641325984375,822.6629137756746,65.85706905213188,263.1437439564634,457661.0659270937,1830640.782419457,418.9403474523692,1674.6047596688277,58.63999879375,233.4295664029975,0.1510072375,0.4972145275826735,16,22784,16,15,3.216938822927092,457660.9149198562,1830640.2893547209,3791.7723023001786,15166.695353171235,7.099858286420798e-05,9.640322561636434e-05,86.2443084473221,343.86110385511535,230029394.6324027,920117578.4666984,15,2,house_16H_regression_price.csv,0
3.9495052956443777,0.618817610570708,9.083154612142412,9.38869431553927,151.12074951875,426.7407491563205,48.24876544677,135.96100827073383,352427.11180555,996807.9802063892,320.8331212476815,904.3042000394388,43.7810428625,120.717464298018,0.1641972375,0.3475035486107812,8,22784,8,7,3.0823589932994127,352426.9476083125,996807.6424911346,3080.615430472907,8712.690067409927,0.0001101845952112,0.0001327016037343,63.881617207916726,177.5961049779421,75912288.61486842,214712375.9522961,15,2,house_8L_regression_price.csv,0
3.530144374726196,0.8283295302581863,4.70043827987653,13.422550125405502,0.6589053484602917,0.3622559154786428,0.443759240713128,0.2493003641945681,0.9825721231766614,0.0970297584600516,0.1392246077274038,0.4889972370515235,0.1328457050243111,0.5667015672153051,-0.9310985413290112,0.1188466889258932,617,7797,617,350,9.080664184558822,1.913670664505673,0.1459186107816522,0.4446729118958981,0.141789992098234,0.0048134826553794,0.0406388742077434,0.1398812720583676,0.5485567608560497,0.2178058163134874,0.1279066711511123,15,2,isolet_multiclass_class.csv,0
4.06641863798412,0.0691872200125347,3.132069248447984,10.196070298828694,2.198838214285714,4.842722171806174,1.4133512487,2.9906467935003325,8.951519571428571,23.97508773177499,1.825467437190758,5.273872996732484,1.5014605,4.330068252922184,-0.5029035714285713,0.7317132595046225,14,9961,14,8,12.23773103608692,9.45442314285714,23.423622404474507,1.682048908777236,4.165847539128101,0.0032765172830522,0.0094420372361431,1.5295014369846314,4.425575626109546,18.943982413688367,63.22860549409842,15,2,JapaneseVowels_multiclass_speaker.csv,5
4.02488393754237,0.0519861010711949,0.9997770990046064,37.30195807892398,1.69270446875,0.1976160222936152,1.200250134825,0.2061590427811235,1.5704765,0.0001927796669776,-0.1626482225494385,0.0450042913131567,-0.2724796875,0.0116669325137865,-1.570191375,0.0006743165720088,8,8192,8,0,149.16952484730618,3.140667875,0.0007972872645056,0.9282377966995476,0.0416709996994044,2.1711210677520025e-05,2.8033029198426692e-08,-0.2417369756407648,0.0424877067962881,0.863144820410585,0.0773262578731086,15,2,kin8nm_binclass_binaryClass.csv,0
4.077047251608224,0.0195253787664704,12.999755859374998,3.218628050145319,1.832920175625,0.0324981404974339,1.3529919243566249,0.0386979600074684,1.57047645,0.0001928094544214,-0.2237811752782052,0.0208875657065795,-0.272479664375,0.0116670394170345,-1.5701915125,0.0006743070018015,8,8192,8,0,0.0094419301213717,3.1406679625,0.0007974488356852,0.9970892382006488,0.0268374900363111,2.1551154190457376e-05,7.294199042629904e-09,-0.2698579562404001,0.0091415645434533,0.994817168448068,0.052123692520456,15,2,kin8nm_regression_y.csv,0
2.785981643257573,0.2715255989941376,4.699810726573159,11.831254605317575,2.1875,0.8341662504161466,1.667925,0.5064043068537233,15.0,0.0,5.89583125,1.8456669214563968,5.8125,1.8337120820892248,0.0625,0.25,16,20000,16,15,6.013401190978428,14.9375,0.25,2.114339298954804,0.4173090291363746,0.0627135523442838,0.0010417187526042,5.810348958333334,1.948194648428516,4.633693320291014,1.868884242381681,15,2,letter_multiclass_class.csv,5
2.5473328643515774,0.8006913350799397,0.1593164203699976,7.519749293673074,0.9024039708333332,0.7305864722145993,0.197916921951,0.3227261236450328,15.342861566666668,12.48688160970647,-0.1040212801934138,0.0351217301928958,-0.5380707216666666,0.2904206474706479,-0.6715638566666667,0.2264665607959779,6,11183,6,5,119.23433907799055,16.014425423333332,12.461205043150006,0.9532744482480626,0.0269292273642192,0.0017441655877409,0.0024639149155855,-0.3570134590143158,0.0299407152938828,0.9093364930880098,0.0513191917542738,15,2,mammography_binclass_class.csv,0
3.8580386058945297,1.2649825083337856,2.331572915249456,4.108838121392857,16017.693989851348,96568.72568394708,11864.020805138587,71650.03212049809,39437.38615439189,237621.7022544497,11618.106294862324,70069.17448720711,11006.444994128376,66449.64619319096,-140.32650616216216,1138.8208246498734,74,45164,74,49,5.798867834681799,39577.71266055405,237349.3628918202,8722.576482187185,52542.934713289775,0.0150514509143209,0.0296613224232527,11022.345510568794,66494.20892967265,2799535761.363379,16913609446.31026,15,2,meta_stream_intervals.arff_multiclass_class.csv,0
3.2777863420873428,0.1480285190215371,3.321928094887362,6.588561203065538,58.2037037037037,58.013843056797896,39.67327777777778,39.389960431805775,473.6111111111111,480.1146633070902,317.52793055555554,346.882617232799,317.0601851851852,349.5912112246916,188.96759259259252,238.3880827865406,216,2000,216,165,5.501012456787399,284.64351851851853,266.0489686603518,46.78674213368504,43.850765504210415,0.0190160441361829,0.0190063437351976,316.89161265432097,348.2404987598402,4102.986607959073,5096.182522864301,15,2,mfeat-factors_multiclass_class.csv,0
3.3875179341128754,0.0580808253397795,3.321928094887362,13.703962921762388,0.096079237368421,0.0589103104470356,0.0675153617625789,0.0394353908609314,0.3800825114473684,0.149793006435924,0.1234496996484868,0.0642284158407911,0.1126995718421052,0.0614125114825503,0.0033854806578947,0.0024649746613774,76,2000,76,68,12.974540941248767,0.3766970307894737,0.1482199384610537,0.0661792034954164,0.0319821687306229,8.993827313966219e-05,6.2453675238076e-07,0.1157485872178728,0.06209989464052,0.0053890874194134,0.0058927421919227,15,2,mfeat-fourier_multiclass_class.csv,5
3.395556155662991,0.0532587015148387,3.321928094887362,15.04012070325921,3.156089073242188,2.1493367616483856,2.240806458218344,1.4437655249100751,6.8287081753125,3.842514427535153,-0.2793391555382031,0.8216002377288738,-0.411579775,0.8635921920602079,-6.69336075671875,3.3915682848611586,64,2000,64,54,14.373473770990168,13.52206893203125,6.980945104763247,2.178112685611561,1.3598356547296542,8.991232779774866e-05,3.321194994713757e-07,-0.3830764570264323,0.8561924943574911,6.564434863348004,9.477932500430787,15,2,mfeat-karhunen_multiclass_class.csv,5
2.4640850987305782,1.0406112939867065,3.321928094887362,3.308420223274027,862.9237067116666,2093.163862464908,501.1030108770945,1218.3018015210864,2969.5059390216666,7154.410698897558,997.034793298781,2366.010154982215,709.6452070308333,1667.4274630960738,256.69782190666666,580.8272604590048,6,2000,6,5,1.4540654522459926,2712.808117115,6574.561987494211,600.9662683595915,1458.6259536486018,0.1209105404990747,0.1454449574324258,880.5309691015806,2083.7237405738106,2134151.84958713,5227279.185958086,15,2,mfeat-morphological_multiclass_class.csv,0
3.386978945897388,0.0533289690375967,3.321928094887362,10.286578048760957,59.0389478725,55.45905026019884,40.674528401803975,39.243965541775054,220.42202423893616,205.3605965628908,82.09460063988725,99.70763274699706,75.1677990724468,98.10715159843478,13.155918033404255,49.80376857235081,47,2000,47,38,9.488012467851124,207.266106205532,184.9901262172669,40.29154919080676,36.92313714454962,8.997147322707356e-05,5.016292059028778e-07,76.2526382885344,97.69073337715145,2957.72022562882,3945.7071906519072,15,2,mfeat-zernike_multiclass_class.csv,5
0.990252752620892,1.155661957620395,3.319837025403414,44.07960036405176,52.81951530612245,89.82057171928562,5.128585714285714,20.173695918342457,219.8762755102041,81.109161253458,28.378364486151607,36.20476207697375,3.459183673469388,13.606971481412693,0.0,0.0,784,70000,784,523,12.148219403820567,219.8762755102041,81.109161253458,47.26566848615161,43.12805986682562,0.1169534481138826,0.2825131017002706,15.114407981049563,28.101885892006703,4091.700478651072,4784.90288432819,15,2,mnist_784_multiclass_class.csv,5
3.221883012692849,1.0014134518667213,9.072489733617438,8.039709836006486,0.1171952165841584,0.078000112294403,0.0811868677366336,0.0611799405525808,0.9899489504950496,0.038490858619175,0.2520751385359884,0.2131773054577273,0.2345066485148515,0.2254533028622562,0.0006562920792079,0.0038688634605597,202,4450,202,202,1.855115333074145,0.9892926584158416,0.0389459847453907,0.1100362346507955,0.0475279545306279,0.0184606766531582,0.0568986245823267,0.2390806562112953,0.2226867153503683,0.0143556966927336,0.0133446906843342,15,2,mtp_regression_oz203.csv,5
1.9382413376690408,1.245370028918559,3.3218327248667654,14.463229678308409,5.734375,5.115312175302075,2.73354375,3.2160314865529536,13.34375,5.109029510551152,4.777226979537367,4.428812298863978,4.53125,5.560543395851062,0.0,0.0,64,5620,64,35,7.43908527628327,13.34375,5.109029510551152,3.672276823151723,2.3509662467477126,0.1259585586082869,0.1895350308805328,4.584978314056939,5.113540435797687,18.92629932337079,15.560350012141487,15,2,optdigits_multiclass_class.csv,5
3.683324072775679,0.2818551060547321,0.6354628258660036,5.1627004369976,166.05540000000002,255.18949040150105,60.64560474,85.50327452593211,22307.1,45566.17488993344,219.7070763383884,356.10458534227865,56.3068,81.1809844042584,2.5121,3.125169024762234,10,5473,10,10,28.924486572771688,22304.5879,45563.80604087261,798.2441946131881,1517.970114904053,0.0025275716877775,0.0045690893447529,77.84906879756468,116.23703287265757,2711003.737001299,7072805.109171093,15,2,page-blocks_multiclass_class.csv,0
3.4737581630280294,0.420502916792853,3.320771738890595,6.155448627655075,52.75,18.404709542215908,32.38554375,15.90768023800532,100.0,0.0,49.66468226892286,20.74417013981236,49.65625,28.421071261771026,0.0,0.0,16,10992,16,2,5.439027310127612,100.0,0.0,30.704780440364075,6.815865475078897,0.0098759382669645,0.0001945830829461,48.58941024863554,26.34453743136065,986.3360626794384,396.1530885567005,15,2,pendigits_multiclass_class.csv,5
3.6484448822456703,0.0556359828028336,11.876629050506004,3.293811279792979,12.66073125,3.852432888306588,9.2647118025,2.794200676931555,25.027775,7.957340595272183,-1.2774813474532225,0.454636911217305,-1.5980375,0.4631857481525816,-25.8972,8.250146207593335,4,3848,4,3,0.0118434158160187,50.924975,15.854044456515398,7.465924346187167,2.2327322675316035,4.809123608786303e-05,6.76745264855528e-07,-1.8893771536796533,0.6610673999882863,59.47884637684787,34.64467666156161,15,2,pollen_regression_DENSITY.csv,0
0.7244599454071796,1.0402683755366458,0.9210049486251756,62.98659326301182,2.645833333333333,6.954225971684284,0.6486375,3.719489420155532,72.8125,68.49154513747773,19.026169444444445,36.089627086496144,16.791666666666668,35.805597050487,15.4375,34.644643594461094,48,15000,48,26,48.54508006153666,57.375,59.82265457165872,6.107550030073789,7.833113611311783,0.4655650109788061,0.4968282019365265,17.202527777777778,35.909839246441635,97.38155144991148,187.29924263622763,15,2,pol_binclass_binaryClass.csv,4
0.7244599454071796,1.0402683755366458,1.8914102162679105,74.49669720438351,2.645833333333333,6.954225971684284,0.6486375,3.719489420155532,72.8125,68.49154513747773,19.026169444444445,36.089627086496144,16.791666666666668,35.805597050487,15.4375,34.644643594461094,48,15000,48,26,27.534197777674617,57.375,59.82265457165872,6.107550030073789,7.833113611311783,0.4655650109788061,0.4968282019365265,17.202527777777778,35.909839246441635,97.38155144991148,187.29924263622763,15,2,pol_regression_foo.csv,0
4.041893052804431,0.0429172010857559,0.9999559719934968,288.382942204044,15.3178744609375,31.94918842594784,11.34051020904375,23.69129850019602,13.7708873125,26.762505890815184,-1.2511816265449522,4.408384043327099,-1.60098834375,4.991636163674622,-12.48123615625,27.351445207718964,32,8192,32,0,1164.6643325186396,26.25212346875,54.09920195942152,8.35578052266658,17.38501848995859,2.1687360656921392e-05,9.127011469282264e-08,-1.6159713761505798,5.112317023454443,362.6129714174198,853.5387227321675,15,2,puma32H_binclass_binaryClass.csv,0
4.041893052804431,0.0429172010857559,12.91753553771708,3.2876017935976303,15.3178744609375,31.94918842594784,11.34051020904375,23.69129850019602,13.7708873125,26.762505890815184,-1.2511816265449522,4.408384043327099,-1.60098834375,4.991636163674622,-12.48123615625,27.351445207718964,32,8192,32,0,0.028689629777327,26.25212346875,54.09920195942152,8.35578052266658,17.38501848995859,2.1687360656921392e-05,9.127011469282264e-08,-1.6159713761505798,5.112317023454443,362.6129714174198,853.5387227321675,15,2,puma32H_regression_thetadd6.csv,4
4.027670906792088,0.0352162117282548,0.9999860693604422,35.40384814576488,1.66709775,0.6575489131270146,1.2352762818374998,0.486128193854369,1.563298875,0.5946022488740897,-0.1528921452636719,0.0933563197903075,-0.2535031875,0.1028419257525622,-1.563314,0.5946114630397615,8,8192,8,0,141.5970356330876,3.126612875,1.1892136556821833,0.9242919204916424,0.3488837794063239,2.1755255452736388e-05,1.2954594126797008e-07,-0.2128247796989422,0.1208558844523245,0.9608204593773644,0.528823302033818,15,2,puma8NH_binclass_binaryClass.csv,0
4.027670906792088,0.0352162117282548,12.999999999999996,3.258378808958664,1.66709775,0.6575489131270146,1.2352762818374998,0.486128193854369,1.563298875,0.5946022488740897,-0.1528921452636719,0.0933563197903075,-0.2535031875,0.1028419257525622,-1.563314,0.5946114630397615,8,8192,8,0,0.0095136563192823,3.126612875,1.1892136556821833,0.9242919204916424,0.3488837794063239,2.1755255452736388e-05,1.2954594126797008e-07,-0.2128247796989422,0.1208558844523245,0.9608204593773644,0.528823302033818,15,2,puma8NH_regression_thetadd3.csv,0
3.387455127480804,0.0809154213961052,0.9912232530606148,167.10517631102286,89.49916666666667,59.632182813337735,40.28471299999999,2.819634052526496,304.71666666666664,308.45314203835454,48.208186409550045,29.099071828194663,57.52,60.7051867635707,-82.14999999999999,90.99630267214158,3,2178,3,1,570.0734535086038,386.8666666666666,256.73963257224887,85.46641732228254,46.42598929435039,0.0010667839839738,0.0015859310281183,50.27542813455657,44.93449972621997,8741.423477879314,6692.245881294563,15,2,quake_binclass_binaryClass.csv,3
3.387455127480804,0.0809154213961052,2.5898923943940564,67.62463769561374,89.49916666666667,59.632182813337735,40.28471299999999,2.819634052526496,304.71666666666664,308.45314203835454,48.208186409550045,29.099071828194663,57.52,60.7051867635707,-82.14999999999999,90.99630267214158,3,2178,3,1,87.44978509604604,386.8666666666666,256.73963257224887,85.46641732228254,46.42598929435039,0.0010667839839738,0.0015859310281183,50.27542813455657,44.93449972621997,8741.423477879314,6692.245881294563,15,2,quake_regression_col_4.csv,2
3.387455127480804,0.0809154213961052,2.5898923943940564,67.62463769561374,89.49916666666667,59.632182813337735,40.28471299999999,2.819634052526496,304.71666666666664,308.45314203835454,48.208186409550045,29.099071828194663,57.52,60.7051867635707,-82.14999999999999,90.99630267214158,3,2178,3,1,87.44978509604604,386.8666666666666,256.73963257224887,85.46641732228254,46.42598929435039,0.0010667839839738,0.0015859310281183,50.27542813455657,44.93449972621997,8741.423477879314,6692.245881294563,15,2,quake_regression_richter.csv,1
3.732099115883824,0.0665412284830969,2.4832958827266416,3.4304718384322603,20.11111111111111,4.640060207600622,14.45535,3.255456258345364,133.77777777777777,19.914260663599283,83.34222999222999,11.14888347324453,83.25,13.538041639342502,36.833333333333336,9.37626181984514,36,6435,36,36,4.155592212886022,96.94444444444444,22.736935896647417,16.602971078585117,3.1859536907877724,0.0136549420243825,0.0038481701790994,83.64574520130076,11.711112861553987,285.526996752849,107.73432986272653,15,2,satellite_image_regression_class.csv,5
3.727842776083312,0.0679939410290024,2.4833618760456604,3.4219494873137024,1.1171698541666668,0.1681874513165335,0.8005512853333332,0.0724141126970753,2.786224138888889,0.6539014775516548,-0.0020211947770865,0.0302375883818568,-0.0043214444444444,0.1921855159616717,-2.5793322777777776,0.2802417563970296,36,6430,36,36,4.136782439745335,5.365556416666667,0.814407678536822,0.9247893469957634,0.0063626483761428,0.0136803750647664,0.0038110881219386,0.0114221434177178,0.0672995532679923,0.8552746950752543,0.011690995406387,15,2,satimage_multiclass_class.csv,0
3.386898591327061,0.3760324479411491,0.6780187068738636,30.812023158164056,0.2695057240802676,0.131736302622197,0.1591369585404682,0.0955367187921802,0.9988263377926424,0.0119056233096896,0.3432280813763647,0.1966583371777321,0.2768859130434782,0.2373025982421083,2.8193979933110367e-06,2.430291552452249e-05,299,2407,299,190,152.91492413458866,0.9988235183946488,0.0119053692413964,0.2597987431440846,0.0828530743722311,0.0084490763659126,0.064183541890822,0.2905810332804851,0.2321033922507474,0.0743370602369493,0.0395441179263073,15,2,scene_binclass_Urban.csv,0
2.962789443522025,1.21720734189168,2.807354922057604,4.086797751838401,25.20513253947368,30.284381388471584,16.19790181535842,20.48361502848559,187.88217657894737,338.30968067575327,22.675815591470588,37.99057009915379,16.978264184210527,34.69928704730204,-4.107588421889189,14.262996773125275,19,2310,19,15,3.3130710484165533,191.9897650008365,336.05169670608103,24.177098961181105,22.66316805969872,0.0846849572926544,0.2400310658946059,18.786983797535505,36.94470911174586,1071.1187119176218,1342.963780172755,15,2,segment_multiclass_class.csv,1
3.562836367581994,0.0853984273243745,0.9999532967890264,21.596081819026807,3405015.7743405,8340547.957379167,2303656.509351457,5642780.687096665,-11394730.591545334,27911306.30025225,-16100892.789382445,39438990.44912768,-15516595.116116667,38007758.8546577,-20704980.668758165,50716646.58466259,6,3107,6,5,75.94689936938002,9310250.077212833,22805340.28441113,2612162.70506762,6398463.105632694,6.73959088669024e-05,1.290913814227592e-05,-15632153.010000812,38290816.85846427,40940335759531.84,100282932509069.22,15,2,space_ga_binclass_binaryClass.csv,0
0.9819978665882276,0.8948573009949443,0.9673602371807668,15.746081024618256,4.05821052631579,25.91522583191535,1.9997152736842103,12.709196870073864,475.6391403508772,2457.7766954501453,5.263738401644188,32.47792501044826,1.47159649122807,9.244996750867946,0.0526315789473684,0.2252817784447915,57,4601,57,57,14.98434314228595,475.58650877192986,2457.594550644514,14.511902896054204,80.8472633182635,0.0066383758276406,0.0054867724002239,1.863579296847697,11.760332135206456,6632.203733014461,45394.668712048864,15,2,spambase_binclass_class.csv,0
3.258965020128466,1.4674626607140129,9.71919635486444,9.092088882301884,0.0770846879699248,0.0583912698250152,0.0539319995526315,0.0430668995502564,0.9609507857142856,0.1697656476067932,0.1944160323287115,0.2114780934882354,0.1838361090225564,0.2189894274467686,0.0010677631578947,0.0115917743766991,266,8885,266,259,2.048688239793674,0.959883022556391,0.1699229309059697,0.0749588816740089,0.0390218421547834,0.0365572251049289,0.1637027091236371,0.1858198066325069,0.2163812715120872,0.0071358136552222,0.0056741858855504,15,2,topo_2_1_regression_oz267.csv,5
3.1885267465128155,1.638532073997546,5.161428470284308,5.479776482167785,12.59495,23.17486142950301,9.453094664999998,17.442250190758152,43.094,81.95297023700036,11.826077467885662,21.67334919541129,10.820325,19.74431400030145,0.219,0.4473522102326086,4,8641,4,2,2.385189580539019,42.875,81.50574591606001,8.212528207688568,15.089016251316666,0.1250347259988664,0.249938269414474,10.982225149469624,20.091141974671807,238.20442813645425,475.2704075393104,15,2,visualizing_soil_regression_track.csv,0
3.829307730282958,0.0576584187437186,1.5848792049207137,15.083640646913182,1.4773125,0.5142661523771219,1.073587725,0.3415342873416197,5.14325,1.9626256451694808,0.8718997999999999,1.1503268008886107,0.805,1.1223721445087769,-3.1105,0.6227192230606269,40,5000,40,40,35.44435585418917,8.25375,1.5721807286663143,1.1839688533280506,0.3335545438350225,0.0014989734403189,0.0003038665668589,0.8441055833333333,1.1338713204573858,1.5102594135211045,0.880165800833458,15,2,waveform-5000_multiclass_class.csv,0
3.8312087136093855,0.13523568982397,9.220620127247296,7.407720264592148,6.6692857142857145,3.53447300888682,4.723140000000001,2.7188121274125465,33.48571428571428,14.4642374439569,13.82962319092529,15.880398783451758,13.035714285714288,15.963172382940446,4.7092857142857145,16.210413777419898,14,6574,14,11,2.077940749540338,28.77642857142857,7.580464372971494,4.780083678475898,1.4210278346113605,0.0135182925638301,0.0255648356364988,13.368434762146114,15.86316949672072,24.724282929490474,17.851590720885433,15,2,wind_regression_MAL.csv,0
3.7829520161670143,0.0682566238677807,1.8376039948582683,32.085076658005136,8.052036363636363,18.219795986084627,5.845468585090909,13.999642267938937,76.02272545454545,147.77601793238688,15.786837095535937,34.22238660906408,14.9536,32.963235236851375,2.128737272727273,2.7272865821695045,11,6497,11,11,65.05139397383346,73.89398818181817,146.86423639230054,6.940634525611899,15.816820640732896,0.0066700270207827,0.0033355129738374,15.59752685187344,34.623941577661824,275.6013305100379,820.208304597667,15,2,wine_quality_regression_quality.csv,2
3.1781873745248803,0.8858691370997294,0.1066848655670195,27.05938725200561,0.1559999655172413,0.1857864741770219,0.0810339825206896,0.0388784220852565,0.4998045431034483,0.2060574438175745,0.0222937064471487,0.1250148380362433,-0.0021643017241379,0.1339609921249446,-0.3442357155172413,0.1776828295021561,116,2417,116,108,805.1106181239793,0.8440402586206897,0.160827321692776,0.1302609481355578,0.096486544174479,0.0560776879303284,0.1583206628758747,0.0057908114380094,0.1365880483438297,0.0261973121848156,0.0504832152367264,15,2,yeast_ml8_binclass_class14.csv,2
2.181799970311804,1.379066403498758,2.490417636232728,15.126357927004198,0.07,0.0537188447913233,0.044478,0.0426765174774137,0.93625,0.1058216153992854,0.3772574123989218,0.1851842241455843,0.3575,0.1921866652130534,0.1375,0.1654215394508397,8,1484,8,8,12.251868600636351,0.7987500000000001,0.1769937448450812,0.0901670029922661,0.0335438601235628,0.1154996179939992,0.1909447367533213,0.3663663116591928,0.1922006351603355,0.0091146301615978,0.0060270898897868,15,2,yeast_multiclass_class_protein_localization.csv,0
0.4675446176006086,0.872328976819991,9.71919635486444,71.52987382346183,0.0135089163346613,0.0516156608171296,0.0069044386661354,0.032665719547565,0.8239875258964144,0.3654429115722924,0.0329810199777143,0.1219659400604209,0.0241680039840637,0.1230617538140749,0.0,0.0,251,8885,251,211,2.440964281688977,0.8239875258964144,0.3654429115722924,0.0443616426168688,0.0352354425629813,0.3477816803612664,0.3063445762981088,0.0247865372029047,0.1228087116919931,0.0032045453880663,0.0059808714571194,15,2,yprop_4_1_regression_oz252.csv,1
1.407723359842933,0.1674085904437165,0.9999977500599352,45.29010085693808,0.9,0.5676462121975467,0.0,0.0,1.0,0.0,0.0612980769230769,0.2786862292738713,0.2,0.9189365834726816,-1.0,0.0,10,40768,10,2,62.75607639330483,2.0,0.0,0.8069181664689562,0.0777986941308226,0.3499840557313513,0.0527059204952308,0.102158449840569,0.4644542635531513,0.6565643005052374,0.1245139392820893,30,3,2dplanes_binclass_binaryClass.csv,0
1.407723359842933,0.1674085904437165,15.29547077834474,11.16027753377506,0.9,0.5676462121975467,0.0,0.0,1.0,0.0,0.0612980769230769,0.2786862292738713,0.2,0.9189365834726816,-1.0,0.0,10,40768,10,2,0.0271395770876438,2.0,0.0,0.8069181664689562,0.0777986941308226,0.3499840557313513,0.0527059204952308,0.102158449840569,0.4644542635531513,0.6565643005052374,0.1245139392820893,30,3,2dplanes_regression_y.csv,0
2.6770629316288392,1.0859827897402388,0.9999906975135884,6.993355642748567,0.1285555555555555,0.1687847083647621,0.0832726999999999,0.1019563765288125,1.0988333333333336,0.6876396221859238,0.3533718511424999,0.2441150106379205,0.3203333333333333,0.3451980409851712,0.0198888888888888,0.0381467378829581,9,4177,9,9,17.721827318443797,1.0789444444444445,0.6966586971234751,0.2098066480824695,0.1634100274222626,0.1154256752954341,0.218055112965837,0.3153866285511678,0.2951366970637807,0.067754684745952,0.0823388247296371,30,3,abalone_binclass_binaryClass.csv,0
2.0884764312981163,1.4495341690936678,0.9832048570341376,16.695620173679107,5.246375,28.323239986225225,3.8428992000000006,20.881457037419,28.38935,154.70384388335222,-0.926726298181818,3.4942499752996,-1.24985,5.454857339317656,-29.324175000000004,154.46290249099604,40,13750,40,40,34.46403273862542,57.71352499999999,309.1277496482882,6.374742542301915,34.52378723329734,0.0786861522433993,0.1124723610002915,-1.1024549606060603,4.434523765845667,1202.7319302873686,7516.526113844896,30,3,ailerons_binclass_binaryClass.csv,0
2.0884764312981163,1.4495341690936678,3.828958233704801,33.71539890689655,5.246375,28.323239986225225,3.8428992000000006,20.881457037419,28.38935,154.70384388335222,-0.926726298181818,3.4942499752996,-1.24985,5.454857339317656,-29.324175000000004,154.46290249099604,40,13750,40,40,17.38981041084304,57.71352499999999,309.1277496482882,6.374742542301915,34.52378723329734,0.0786861522433993,0.1124723610002915,-1.1024549606060603,4.434523765845667,1202.7319302873686,7516.526113844896,30,3,Ailerons_regression_goal.csv,2
0.8788619515816132,1.0707784779874183,0.794432350758128,11.677850103075462,1.4285714285714286,3.3594217189442417,0.8472,2.241480510733921,286.2857142857143,750.3947215267696,282.0949090396277,745.8162835957797,282.42857142857144,746.7948975773865,279.0,738.1646157870208,7,4052,7,6,11.918932772654887,7.285714285714286,12.776466461353673,1.5097253920769045,3.0301861530682066,0.375242640461105,0.213872086143419,282.1803923872181,746.2069584279288,10.149580578550015,26.43594668506921,30,3,analcatdata_supreme_binclass_binaryClass.csv,0
0.8788619515816132,1.0707784779874183,1.825202079049472,13.866439936608568,1.4285714285714286,3.3594217189442417,0.8472,2.241480510733921,286.2857142857143,750.3947215267696,282.0949090396277,745.8162835957797,282.42857142857144,746.7948975773865,279.0,738.1646157870208,7,4052,7,6,5.676897097620889,7.285714285714286,12.776466461353673,1.5097253920769045,3.0301861530682066,0.375242640461105,0.213872086143419,282.1803923872181,746.2069584279288,10.149580578550015,26.43594668506921,30,3,analcatdata_supreme_regression_Log_exposure.csv,0
3.317259874247664,0.4241528789391856,10.767172197728645,4.181265231078323,1.1393283359375002,0.5851262845090842,0.6601454180343749,0.3840242441827846,6.08661234375,8.265601797255378,0.9387272827949524,1.6765107744457783,0.6445300468749999,1.689783868871689,-0.03012134375,1.2758819664377548,32,8192,32,12,0.2882067008800125,6.1167336875,8.011897657956819,0.9258679723282384,0.713195137319588,0.0196760157501966,0.0534931976526223,0.7257218028948841,1.6278258725340922,1.34998357783275,2.255551326662658,30,3,bank32nh_regression_rej.csv,0
3.253522316496351,0.5815315336922706,0.9730662661337472,20.39792225876714,1.27348975,0.999313514873282,0.6790720348125001,0.4762769194129969,8.731484125000001,13.032916425040993,1.4279715438842773,2.470273616616108,1.0823519999999998,2.4544340766836075,0.38005275,1.883976325083333,8,8192,8,2,67.20203062093894,8.351431375,13.031644105903302,1.0469913850896562,1.1518689352692757,0.0312847018503378,0.0883373285763709,1.2070315369711146,2.5273267565702264,2.2571427489855345,3.64724873677817,30,3,bank8FM_binclass_binaryClass.csv,0
3.253522316496351,0.5815315336922706,12.86331256724435,4.080187554056013,1.27348975,0.999313514873282,0.6790720348125001,0.4762769194129969,8.731484125000001,13.032916425040993,1.4279715438842773,2.470273616616108,1.0823519999999998,2.4544340766836075,0.38005275,1.883976325083333,8,8192,8,2,0.0320033189907739,8.351431375,13.031644105903302,1.0469913850896562,1.1518689352692757,0.0312847018503378,0.0883373285763709,1.2070315369711146,2.5273267565702264,2.2571427489855345,3.64724873677817,30,3,bank8FM_regression_rej.csv,0
1.8838009407791825,0.6259018184715347,0.928691959084338,3.663649349035076,1.4846383055555554,1.0437081943208983,0.3671355790666666,0.7334257081122871,12.303607777777778,1.2855082081770988,2.5229850345193534,0.5027418992531171,1.3587406666666668,0.5421446239556379,0.7840582222222222,0.3717463247692497,9,39366,9,9,6.431512702233442,11.519549555555557,1.386875795112175,2.4447225765298377,0.5290574491360991,0.0001267565175149,0.000130602679625,1.5724488321902343,0.5307644258746125,6.225470062404819,2.461657199147373,30,3,BNG(breast-w)_binclass_Class.csv,0
1.1290192499997094,1.0160256128771288,0.3261016552819349,203.7688236721528,0.9647058823529412,1.6142745593427337,0.4883858823529411,0.8677669715662013,7.047058823529412,4.664725486622576,1.704157533508211,3.3062623827750404,1.611764705882353,3.979393701268055,0.0705882352941176,0.2576558841203685,85,9822,85,78,704.4822346018356,6.976470588235294,4.5721112935570885,1.0301144634037374,1.3801152562364052,0.1781049297837452,0.1131406736778886,1.6496157607936284,3.653456564995155,2.94344547973362,14.276492059686309,30,3,coil2000_regression_CARAVAN.csv,0
2.794840759281433,0.8369592978964628,0.8841664897438647,8.432699626037884,88895.11523809524,349406.25934838626,52215.115422,217448.174235284,314944.6433333333,793065.185243998,54195.20167201451,203159.0088075118,53735.69857142857,230285.24138990007,93.2190476190476,328.16259326597174,21,8192,21,20,25.65567277092286,314851.4242857143,792889.253390512,50256.11387946686,159325.94206106383,0.0018601222719849,0.0018601523751688,50024.13368815143,206315.8543335441,26701634900.02353,108294287334.99454,30,3,cpu_act_binclass_binaryClass.csv,0
2.794840759281433,0.8369592978964628,4.974974983530833,16.679818022000596,88895.11523809524,349406.25934838626,52215.115422,217448.174235284,314944.6433333333,793065.185243998,54195.20167201451,203159.0088075118,53735.69857142857,230285.24138990007,93.2190476190476,328.16259326597174,21,8192,21,20,8.370385865176553,314851.4242857143,792889.253390512,50256.11387946686,159325.94206106383,0.0018601222719849,0.0018601523751688,50024.13368815143,206315.8543335441,26701634900.02353,108294287334.99454,30,3,cpu_act_regression_usr.csv,0
3.2092944494509954,0.4050996520406201,0.8841664897438647,8.033297805270688,152303.57916666666,448051.15428017685,91223.426665,286170.6310576724,550675.3066666666,1001049.3111603662,94415.40736999513,264918.47711668146,93760.14166666666,303000.35630863975,163.08333333333334,428.2251867955231,12,8192,12,11,28.15878214827014,550512.2233333333,1000837.779437275,87476.82545067435,205169.2233072148,0.0021164733734624,0.0021543036957152,86968.64420311229,269850.3892469554,46238737667.373024,141021112265.15903,30,3,cpu_small_binclass_binaryClass.csv,0
3.2092944494509954,0.4050996520406201,4.974974983530833,14.904399114162343,152303.57916666666,448051.15428017685,91223.426665,286170.6310576724,550675.3066666666,1001049.3111603662,94415.40736999513,264918.47711668146,93760.14166666666,303000.35630863975,163.08333333333334,428.2251867955231,12,8192,12,11,8.614642386711227,550512.2233333333,1000837.779437275,87476.82545067435,205169.2233072148,0.0021164733734624,0.0021543036957152,86968.64420311229,269850.3892469554,46238737667.373024,141021112265.15903,30,3,cpu_small_regression_usr.csv,0
3.303569884188954,0.052744897961193,0.9972877951195076,6.752219072822161,0.005488,0.006133491664623,0.0028376964,0.0028381162065646,0.024264,0.0210291102997725,0.0034729229906017,0.0041891338642498,0.004658,0.0046873574644995,-0.01608,0.0187386498980049,5,7129,5,5,21.367091715735395,0.040344,0.0368695359341557,0.0050989530222822,0.005303407132645,0.0099978449953367,0.007735450414279,0.0038171100724468,0.0041026301311636,4.850022369511341e-05,8.010874108618793e-05,30,3,delta_ailerons_binclass_binaryClass.csv,0
2.7435658897390205,1.047570349941826,0.9999776283308132,11.15316007661104,4.119583333333334,7.980781768828581,2.91780622,5.917825697833496,17.63123333333333,35.95333310399283,-2.0923954099681272,4.656780348963521,-2.1176833333333334,4.009552089905637,-19.31728333333333,39.96673454113642,6,9517,6,6,29.60011412461936,36.94851666666667,75.91683182300001,4.295267551988734,8.528148442297608,0.0499824687582936,0.062934849772025,-2.1034748963987626,4.400340436483477,79.05708655471987,184.9800505690886,30,3,delta_elevators_binclass_binaryClass.csv,0
2.7435658897390205,1.047570349941826,2.9682419705521728,23.168720023260324,4.119583333333334,7.980781768828581,2.91780622,5.917825697833496,17.63123333333333,35.95333310399283,-2.0923954099681272,4.656780348963521,-2.1176833333333334,4.009552089905637,-19.31728333333333,39.96673454113642,6,9517,6,6,20.41500275090636,36.94851666666667,75.91683182300001,4.295267551988734,8.528148442297608,0.0499824687582936,0.062934849772025,-2.1034748963987626,4.400340436483477,79.05708655471987,184.9800505690886,30,3,delta_elevators_regression_Se.csv,0
2.04728799876506,1.6117257501845532,0.9835093906057096,30.464248915084337,0.0468133076923076,0.0827666536740337,0.0272540655692307,0.0627620993898924,0.9993227692307692,0.0024417902637834,0.2294108854455264,0.1944099888945464,0.1779296153846153,0.2241122778562636,0.0018523846153846,0.0066788677126498,13,45312,13,12,62.41484056073188,0.9974703846153846,0.0091206579764333,0.2119990765961998,0.1118223850920305,0.2325657264291919,0.2577531048846902,0.1808756169661955,0.2284247743545032,0.0564859892231832,0.0394541958130797,30,3,electricity_binclass_class.csv,0
2.6496191769392894,1.3443657319575772,4.135743621859048,42.70459288066818,13.424477777777778,49.48168033941874,10.763305349999998,40.34953779952544,60.60208888888889,221.47921295877828,-0.7384332463133656,4.220914945586301,1.925305555555555,12.887895777158835,-65.67900555555555,232.8286171818219,18,16599,18,18,26.359265608718086,126.28109444444446,454.2651334010744,14.974579454141091,54.81002019068007,0.059957445171261,0.1018177174885755,-0.3378695557117201,4.955634725055114,3061.4797701698776,12853.053359071184,30,3,elevators_regression_Goal.csv,0
3.999141557101183,0.0323703125136706,13.83694419621366,5.215676305764971,0.471225,0.1190063286132296,0.26115999,0.0700737000453165,1.0,0.0,0.4762014717425432,0.1063210447062,0.4625499999999999,0.2078180895238269,0.0,0.0,10,40768,10,0,0.5074302220919783,1.0,0.0,0.2874473009241862,0.0274805799169263,0.000974495860065,1.1428494363856452e-19,0.4670005437004333,0.1593592250245225,0.0833056148539132,0.015707978591371,30,3,fried_regression_Y.csv,0
2.7959070913438206,4.110147759744423e-06,9.965784284662083,3.5669009742943163,2.26687236425,0.0388730801278293,1.5331620714899998,0.0678933427738318,1.6980356399999998,0.0539128524519215,-0.5228815672556341,0.0131137005191842,-0.7231206,0.0319633879391204,-1.7572242500000002,0.0217968302970995,10,1000,10,0,0.0006963268810923,3.45525989,0.0636682924232297,1.162598797168211,0.0137706705364547,0.0004290004290004,5.714247181928225e-20,-0.6953079719760569,0.0121588747863435,1.3518066314072923,0.032165074588553,30,3,fri_c0_1000_10_regression_oz11.csv,0
2.795907351292389,4.310759337706677e-06,9.965784284662083,3.5669006424319454,2.214933273,0.0560997166634799,1.4811025680695995,0.1065936824568532,1.7274558999999998,0.030032915641953,-0.5175443357304335,0.0171891923707259,-0.729402996,0.0413880603434352,-1.7283929919999996,0.0403526787288023,25,1000,25,0,0.0006963268163066,3.455848892,0.0451178194022321,1.150272884942579,0.0143804690238906,0.0004290004290004,0.0,-0.6978451333260558,0.0204482855534575,1.3233262358078963,0.0330835748944459,30,3,fri_c0_1000_25_regression_oz26.csv,0
2.795906571446683,3.1180562754784776e-06,9.965784284662083,3.566901638019246,2.23125481245,0.0527633277437164,1.4609466777049205,0.0825622933253805,1.725859736,0.042887753957329,-0.5243772070643016,0.0187514602104655,-0.7519436418,0.0367882010971803,-1.737338676,0.0356148578181919,50,1000,50,0,0.0006963270106641,3.463198412,0.0475439716156534,1.1546395538651684,0.0115072219191922,0.0004290004290004,5.476047916726336e-20,-0.7050699314271696,0.0188381369433335,1.3333222671831266,0.026562704603957,30,3,fri_c0_1000_50_regression_oz51.csv,0
2.7484489646199366,0.1061166911260506,0.9999740313334506,16.699671080111415,2.0236522,0.3799167137082646,1.3132507563,0.312259904772465,1.7406532,0.0250062480132466,-0.3605642787999999,0.3499727516469634,-0.4395306,0.6765859926850023,-1.7060099999999998,0.028361471506253,5,1000,5,0,44.89938563546611,3.4466632000000006,0.0318774385608379,1.1062846601164322,0.0942784191220094,0.0004294095853466,9.149014035493775e-07,-0.475934066,0.5074823390724769,1.2309764854586462,0.1971675667395051,30,3,fri_c0_1000_5_binclass_binaryClass.csv,0
2.7959057916009766,0.0,9.965784284662083,3.566902633607103,2.183948275,0.0535968086338585,1.4093366123172,0.1277919881823609,1.74065324,0.0250061089330787,-0.5126401705525818,0.0155265586301638,-0.7554255179999999,0.0636408032777885,-1.70601004,0.0283617028040983,5,1000,5,0,0.000696327205022,3.44666328,0.0318774625198899,1.1475617482591436,0.0119966220874594,0.0004290004290004,6.06087439757635e-20,-0.7014440920476367,0.022163438792621,1.3170131012207893,0.0275862004330695,30,3,fri_c0_1000_5_regression_oz6.csv,0
2.7959083910866647,5.480197012992564e-06,9.965784284662083,3.5668993149830754,2.28241648475,0.109053764689609,1.5441392507856002,0.1680109329029457,1.80747675,0.270797447863102,-0.538181478662108,0.0384599224205715,-0.724563652,0.0535872166353631,-1.7904832099999997,0.1314121064174703,10,1000,10,0,0.0006963265571635,3.59795996,0.3943209032051722,1.1705993343021452,0.042905262490442,0.0004290004290004,5.714247181928225e-20,-0.7095312129985134,0.0202677004818742,1.3719595768630626,0.1044091485658894,30,3,fri_c1_1000_10_regression_oz11.csv,0
2.795906831395252,3.598824974717156e-06,9.965784284662083,3.5669013061567507,2.2305099372,0.1278781195107075,1.47802742616312,0.1424301001875659,1.75685754,0.1327834098717971,-0.5209576684973293,0.0466685984980131,-0.7365572420000001,0.0428428621153374,-1.748605748,0.1404605205591299,25,1000,25,0,0.0006963269458783,3.505463288,0.2677220736355152,1.1598443415705737,0.0459905248666652,0.0004290004290004,0.0,-0.6983716994602154,0.0329333286169148,1.3472694199156878,0.1153798149541157,30,3,fri_c1_1000_25_regression_oz26.csv,0
2.795907871189527,4.813312198276598e-06,9.965784284662083,3.5668999787073865,2.2338444276,0.1094995143793978,1.4885689068284995,0.1209377511482655,1.734429486,0.0856570815939717,-0.5246602489211805,0.0347769955433163,-0.7334626571000001,0.0458201641632088,-1.7473926220000005,0.1094164190157189,50,1000,50,0,0.0006963266867349,3.481822108,0.1826915432156258,1.15790988057916,0.0378976596726958,0.0004290004290004,5.476047916726336e-20,-0.7031850897579673,0.0258141947731869,1.3421627994993393,0.0956050697592075,30,3,fri_c1_1000_50_regression_oz51.csv,0
2.7959083910866647,5.812626705187956e-06,0.9946583178227808,11.70535551002431,2.314401,0.2637234095151822,1.5426653150999996,0.2358681658182942,1.84568,0.2466255441930133,-0.553712995,0.0765398435798135,-0.7183033,0.0720484606936539,-1.8400576,0.2702701758339236,5,1000,5,0,31.9028583029057,3.6857376,0.5157714093741529,1.185233357159218,0.0919930140301484,0.0004290004290004,6.06087439757635e-20,-0.7157640883333334,0.0310211671400377,1.411548282627191,0.2291539818697186,30,3,fri_c1_1000_5_binclass_binaryClass.csv,0
2.7959083910866647,5.812626705187956e-06,9.965784284662083,3.5668993149830754,2.314401271,0.26372349113782,1.5426653758866,0.2358682207753723,1.84568,0.2466257632919866,-0.5537130269804708,0.0765398537422559,-0.718303325,0.0720485026834063,-1.8400577,0.2702701801870121,5,1000,5,0,0.0006963265571635,3.6857377000000007,0.5157716328266274,1.1852333718482897,0.091993012621486,0.0004290004290004,6.06087439757635e-20,-0.7157640954474513,0.0310211730368678,1.4115483172398071,0.2291539853276785,30,3,fri_c1_1000_5_regression_oz6.csv,0
2.79590709134382,4.110147759744423e-06,9.965784284662083,3.566900974294317,2.283103987,0.1530168202454675,1.5640000202799,0.1821903285372512,1.9274701800000005,0.4827278986410663,-0.5416190780033401,0.0629431352429098,-0.7225673065,0.0303427953384411,-1.82423081,0.1901641593557959,10,1000,10,0,0.0006963268810925,3.75170099,0.648224396538211,1.1890454399763628,0.0637150050820198,0.0004290004290004,5.714247181928225e-20,-0.7139651713305668,0.04317917689614,1.4174827000139236,0.1564339705972585,30,3,fri_c2_1000_10_regression_oz11.csv,0
2.795906831395252,3.598824974717156e-06,9.965784284662083,3.5669013061567507,2.253546056,0.1462128898229326,1.4892824601177597,0.1437216193156186,1.8093168200000005,0.2808655082050927,-0.5289618547092327,0.0464514573514656,-0.7362466585999999,0.0481385132390124,-1.7732355079999995,0.1588992406280599,25,1000,25,0,0.0006963269458783,3.582552328,0.4130057189771988,1.170297250685053,0.0553910883877906,0.0004290004290004,0.0,-0.7046518554387213,0.0298006723256586,1.3725411007268664,0.1393923268459736,30,3,fri_c2_1000_25_regression_oz26.csv,4
2.795906831395252,3.56191297357594e-06,9.965784284662083,3.5669013061567507,2.2235996249,0.0947776247409129,1.4752820312500197,0.1301841513244284,1.773051808,0.2499682417586974,-0.5244209316139132,0.0391344519827189,-0.7412937096000002,0.0447549505417171,-1.7475132,0.1149944825798319,50,1000,50,0,0.0006963269458783,3.520565008,0.3449998190001446,1.1587962496880215,0.0385389593704032,0.0004290004290004,5.476047916726336e-20,-0.7046532799908555,0.0312968002665514,1.3442642946525896,0.0946984852397206,30,3,fri_c2_1000_50_regression_oz51.csv,0
2.7959057916009766,0.0,9.965784284662083,3.566902633607103,2.3612993490000003,0.2569483604648655,1.6163591312148,0.1816374341986721,2.1865399200000004,0.7706706847529378,-0.577133312518498,0.0804858000059845,-0.691439059,0.0694430028773784,-1.92303906,0.2790077463674315,5,1000,5,0,0.000696327205022,4.10957898,0.9220073441680317,1.2129370519749236,0.0889712671140456,0.0004290004290004,6.06087439757635e-20,-0.7289197003708301,0.0378767715711866,1.477549001151122,0.2233171428573163,30,3,fri_c2_1000_5_regression_oz6.csv,0
2.7959057916009766,0.0,0.9895875212220556,23.647515393950524,2.2241658,0.2759190062738519,1.5187079817,0.1997820798413515,2.1875495000000003,0.8264089580043487,-0.5601640871000001,0.0846999360850586,-0.7362375,0.0542556146254826,-1.8343137000000005,0.2546884066462608,10,1000,10,1,65.81190276659073,4.0218632,0.928023209789233,1.1811092208366902,0.0822334589998527,0.0004290004290004,5.714247181928225e-20,-0.7334202191666668,0.0520195980218348,1.4011050991466258,0.2074557889962588,30,3,fri_c3_1000_10_binclass_binaryClass.csv,0
2.7959057916009766,0.0,9.965784284662083,3.566902633607103,2.2241656101,0.2759192188127599,1.5187078015641,0.1997821854050097,2.18754947,0.826409140739049,-0.5601640382127491,0.0846999446543686,-0.73623752,0.0542557088643218,-1.83431353,0.2546884268033439,10,1000,10,1,0.000696327205022,4.021863,0.9280232739033506,1.181109148115747,0.082233464014373,0.0004290004290004,5.714247181928225e-20,-0.7334201831745817,0.0520195996563405,1.401104928106129,0.2074557889721905,30,3,fri_c3_1000_10_regression_oz11.csv,0
2.780775660274637,0.0469537271870021,0.990604955873816,43.22677254251187,2.1634640000000003,0.4106181760033305,1.433387257596,0.3144360948194984,1.91608268,0.623158036085866,-0.4957685518799999,0.2008531529101193,-0.6509304,0.3086314626514526,-1.8265846,0.2233026056830357,25,1000,25,1,120.34398909039646,3.74266728,0.7920593674496839,1.1541750483256592,0.1247899944573685,0.0004292459228081,6.785090404844592e-07,-0.6472952430666667,0.2553581572615644,1.3470696831855409,0.2831910507694454,30,3,fri_c3_1000_25_binclass_binaryClass.csv,4
2.795907351292389,4.310759337706677e-06,9.965784284662083,3.5669006424319454,2.282182866591,0.1752253026821965,1.52346972906996,0.1443076496293706,1.91608268,0.6231580331441522,-0.5523091330511124,0.0713799517105128,-0.732032091,0.0416450330966946,-1.826584568,0.2233026046704163,25,1000,25,1,0.0006963268163066,3.742667248,0.7920593422261093,1.1844575427495083,0.0765231096217003,0.0004290004290004,0.0,-0.7223065103671874,0.0497871594288738,1.408561225430132,0.1952348332928625,30,3,fri_c3_1000_25_regression_oz26.csv,0
2.782824236694575,0.0542618086395566,0.9912540071703688,76.23176196537722,2.14108238,0.2644480264520869,1.4031181549979996,0.231875067516421,1.80933328,0.3637849887730018,-0.49914104534,0.0781909909431203,-0.72966715,0.0633349355264154,-1.74130278,0.1057504774079618,50,1000,50,2,213.0113364169458,3.55063606,0.3843650677845701,1.1363595732827247,0.0625181018892189,0.0004291640915389,5.606414008896843e-07,-0.6806287823666666,0.0875267619248515,1.29514342259385,0.1314056523134509,30,3,fri_c3_1000_50_binclass_binaryClass.csv,0
2.795907611240958,4.555726468955873e-06,9.965784284662083,3.566900310569636,2.219360876455,0.1395980329068153,1.4770435775474398,0.1373253450517011,1.809333208,0.3637849563874789,-0.5226245902278907,0.0336737111065235,-0.7338145919,0.0493554829537507,-1.7413027219999997,0.1057504595734121,50,1000,50,1,0.0006963267515209,3.5506359300000003,0.3843649840078749,1.1575641677240336,0.0354829550270004,0.0004290004290004,5.476047916726336e-20,-0.7035256608361512,0.0242709971607105,1.3411886616941338,0.0869651300705679,30,3,fri_c3_1000_50_regression_oz51.csv,0
2.7959083910866647,5.812626705187956e-06,0.9885173903891564,10.84510505101979,2.1778422,0.4370889121411826,1.5514497201000002,0.3542795104559254,2.510801,0.8307396919784801,-0.5441712928,0.1172588141359085,-0.6878122000000001,0.0401867952638052,-1.8270044,0.3460254709321266,5,1000,5,1,29.67413938203511,4.3378054,0.8315539278867007,1.184025737398111,0.0996887750302504,0.0004290004290004,6.06087439757635e-20,-0.7160755833333333,0.0599866427099523,1.4098672283147655,0.2350897713947398,30,3,fri_c3_1000_5_binclass_binaryClass.csv,2
2.7959083910866647,5.812626705187956e-06,9.965784284662083,3.5668993149830754,2.1778421645,0.4370892064084162,1.5514495614618,0.3542795703232819,2.51080082,0.8307396350215734,-0.544171258052986,0.117258858539573,-0.687812061,0.0401869462001402,-1.8270043,0.3460256090588167,5,1000,5,1,0.0006963265571635,4.3378051200000005,0.8315537974184394,1.1840256930268098,0.0996888108328176,0.0004290004290004,6.06087439757635e-20,-0.7160755481649768,0.0599866697682045,1.4098671289518263,0.2350898310958988,30,3,fri_c3_1000_5_regression_oz6.csv,0
2.776452383463221,0.0741968974462953,0.9881489563064276,101.80376878814512,2.1539554175,0.2794525675517451,1.4235890803680002,0.2251514508438423,1.7982003699999998,0.3489346095103703,-0.48605735815,0.1344589726679918,-0.6933827850000002,0.2123773830578988,-1.7380572,0.085367706664473,100,1000,100,1,285.0432272821555,3.53625757,0.4047909460625412,1.139815249674964,0.0744522788359935,0.0004291640915389,5.57802692012037e-07,-0.6564163869166666,0.1822707731044613,1.304666513797235,0.1564157678536367,30,3,fri_c4_1000_100_binclass_binaryClass.csv,4
2.7959074812666747,4.393100515792779e-06,9.965784284662083,3.5669004765007832,2.2245553478775,0.0921785056676416,1.4750311178051396,0.1222615135618308,1.7982002960000003,0.3489345322457517,-0.5184045486623674,0.0283105517623455,-0.73545245455,0.0395506478798715,-1.7380571559999998,0.0853677296957186,100,1000,100,1,0.0006963267839143,3.536257452,0.4047908696051633,1.1578875629854126,0.0299906072002916,0.0004290004290004,0.0,-0.6989609616317791,0.0251883032211461,1.3415940506713369,0.0727687700931045,30,3,fri_c4_1000_100_regression_oz101.csv,0
2.7614603235880537,0.1089261339913106,0.9895875212220556,21.627246711021705,2.0620407750000003,0.5372935010949356,1.3764760850399995,0.3965224923476151,2.4068471,1.0135626637366772,-0.4991083343999999,0.1558151276742916,-0.6954025500000001,0.1340514214238223,-1.7888817,0.1998224383140914,10,1000,10,3,59.35118917747079,4.1957288,1.0573434216141044,1.144144259882162,0.1175109833439736,0.0004292050071735,6.46932986566855e-07,-0.6800347088333333,0.1351753752280675,1.321494035507121,0.2534642363580037,30,3,fri_c4_1000_10_binclass_binaryClass.csv,0
2.7959057916009766,0.0,9.965784284662083,3.566902633607103,2.1712149624,0.2432439741116691,1.4837083042866,0.1918248499899364,2.40684705,1.0135626137452862,-0.5381909301262306,0.0688046329733641,-0.7250914374999999,0.0660991979643724,-1.78888163,0.1998225279434676,10,1000,10,3,0.000696327205022,4.19572868,1.0573434205081305,1.17214004973695,0.0614804422639508,0.0004290004290004,5.714247181928225e-20,-0.7196131971437179,0.0418756244389179,1.377314156500214,0.150247767627058,30,3,fri_c4_1000_10_regression_oz11.csv,0
2.795907871189527,4.8631924133952304e-06,0.9936167534536142,50.45866102648427,2.23704397,0.1865924207039029,1.4984644426920002,0.16283675883724,1.97094984,0.6351181075986104,-0.54126165872,0.0579103758481834,-0.7433552800000001,0.0456717099175554,-1.7963106,0.1868800912073479,25,1000,25,1,140.9840869664016,3.76726044,0.7408523288796088,1.176172357389251,0.0640160086211633,0.0004290004290004,0.0,-0.7184842208,0.0374740122695036,1.387315541671982,0.1586944801016301,30,3,fri_c4_1000_25_binclass_binaryClass.csv,0
2.795907871189527,4.8631924133952304e-06,9.965784284662083,3.5668999787073865,2.23704394057,0.1865924870334094,1.49846434899168,0.1628368201319117,1.970949824,0.6351181666697697,-0.5412616351411504,0.0579103657338305,-0.7433552743999999,0.04567171567778,-1.79631052,0.1868800619319314,25,1000,25,1,0.0006963266867349,3.767260344,0.7408523413832218,1.1761723153175985,0.0640159984686314,0.0004290004290004,0.0,-0.7184841961539173,0.0374740058150124,1.3873154414570985,0.1586944404988535,30,3,fri_c4_1000_25_regression_oz26.csv,0
2.78570237778536,0.0468438026356578,0.9895875212220556,75.81134879856819,2.15869072,0.2587285918873123,1.4472033549539998,0.2475900987147271,1.87476822,0.5559029400765999,-0.49238191414,0.1415796377949445,-0.6895713799999998,0.2305232525872691,-1.7583696400000002,0.1122640824840705,50,1000,50,2,212.4099815148112,3.63313786,0.6099366588920931,1.1481465006780034,0.076073088483613,0.0004291640915389,5.606414008896843e-07,-0.660878499,0.1955503838985884,1.3239117595147514,0.168316087822898,30,3,fri_c4_1000_50_binclass_binaryClass.csv,0
2.795907351292389,4.266545252634245e-06,9.965784284662083,3.566900642431946,2.22047876965,0.1193045051948905,1.4996670781449,0.1334895635861247,1.874768244,0.5559029762687503,-0.5256932441527029,0.0341612657029896,-0.7327763005,0.0478940462356729,-1.758369604,0.1122641037767019,50,1000,50,2,0.0006963268163068,3.633137848000001,0.6099367459692097,1.1644364939217542,0.0415056344727518,0.0004290004290004,5.476047916726336e-20,-0.7046382366681716,0.0258090681257886,1.3576006117159136,0.1040487675829285,30,3,fri_c4_1000_50_regression_oz51.csv,0
3.7329475216776298,0.0961920331506721,11.106102993951886,7.138780308762475,270.245825,394.2995519601119,146.2337491125,210.9748569026206,10050.9350125,15271.144311985518,553.2040053264292,833.9518909230261,373.863125,560.1536674044869,-10.1637625,47.40043317276263,8,20640,8,5,1.3994638151571417,10061.098775,15261.234133468688,452.1723858773835,676.4162876975596,0.0028787255504792,0.0066018769054352,444.76371945251935,670.9267548775833,604806.4865297747,1258643.2680840006,30,3,houses_regression_median_house_value.csv,0
3.363966022309472,0.635345374022438,9.083154612142412,11.774986930494666,152.90417184843753,611.225573364128,31.845832668142496,127.11629980971284,173983.67651993126,695931.286261396,325.2982790191853,1300.078609259583,32.378373668749994,128.4328654088967,0.15516250625,0.4966286373630588,16,22784,16,15,3.3608919630598835,173983.521357425,695930.7943047289,2030.72110083218,8122.505133260497,9.008207470657632e-05,0.0001078177820048,57.80401231572375,230.1535554501836,65975474.72671797,263901898.8462682,30,3,house_16H_regression_price.csv,0
3.3750689786311376,0.5468372277573604,9.083154612142412,11.41364783715731,105.673228334375,298.32915443265307,21.6196684796925,60.75560391596386,152177.61180555,430416.86269610014,248.7402499000576,700.4309523994767,23.828327925,64.346815553924,0.1641972375,0.3475035486107812,8,22784,8,7,3.241020922038891,152177.4476083125,430416.52498092526,1705.3096763167302,4822.7757788272165,0.0001339780274954,0.0001490209929671,43.06392719138568,118.76343096660511,23259851.528376628,65788794.75048953,30,3,house_8L_regression_price.csv,0
3.0182683398854664,0.7175467627124296,4.70043827987653,16.831577936135087,0.7234401944894651,0.4458935544367891,0.4736885373743922,0.3268100475055064,0.981396758508914,0.1001444696160026,0.212374155791541,0.5292080748129853,0.2460275526742301,0.6145356732689626,-0.9265173419773096,0.123228356707454,617,7797,617,345,9.807974867459752,1.907914100486224,0.1505379192820287,0.4515250336936492,0.1567027103044152,0.0048620404197324,0.0406357235349773,0.2529870842617953,0.5988369537338863,0.228390796863587,0.1462654425516213,30,3,isolet_multiclass_class.csv,0
3.479858466783707,0.0793469780970442,3.132069248447984,12.728118169879588,1.702923642857143,3.9507854541321583,0.9671361977999998,1.993916871989492,8.950965499999999,23.975300026412626,1.7047987289213644,4.921808062865627,1.1450247142857144,3.363120773230708,-0.5029035714285713,0.7317132595046225,14,9961,14,9,13.141465678521254,9.45386907142857,23.42384392414173,1.5678238974725622,3.926492577714872,0.0033861816509108,0.0097467394833407,1.3801217967446635,4.02939579595715,16.77417688184675,57.258965032215386,30,3,JapaneseVowels_multiclass_speaker.csv,2
3.41940915273039,0.0589860451536644,0.9997770990046064,46.867036385872936,1.3701466875,0.411841931090544,0.8101711251375,0.2322710991585686,1.570407125,0.0002378219246771,-0.1980484598083496,0.2204896493119053,-0.3609867499999999,0.4675412667463544,-1.570145375,0.00078901854722,8,8192,8,0,159.2933027159324,3.1405525,0.0009115188266999,0.8739808557804912,0.0992395926522403,5.252475103285913e-05,7.239752809983885e-08,-0.2965664434499593,0.3304537782350057,0.7724599709268597,0.1761448875688479,30,3,kin8nm_binclass_binaryClass.csv,0
3.538701143024257,0.0206338060398468,12.999755859374998,3.706668234230771,1.8863179396875,0.4126403348536085,1.26667893406425,0.252802410675311,1.5704070875,0.000237774139153,-0.4118565483164712,0.1508866437007574,-0.5898303725,0.1868221150627776,-1.5701454375,0.0007891904440401,8,8192,8,0,0.0090028812213987,3.140552525,0.0009118354954236,1.0105096826725974,0.1058533604767814,5.233820472723488e-05,1.0756435907690371e-08,-0.5570043750144492,0.1997270936431077,1.0309341359587727,0.1903045956456724,30,3,kin8nm_regression_y.csv,0
2.4945634533390346,0.248794657614316,4.699810726573159,14.820863134164195,1.3125,0.7932002689527196,1.0192875,0.7097407149797733,15.0,0.0,5.870265625,1.877393161870892,5.75,2.1134489978863145,0.125,0.3415650255319866,16,20000,16,16,6.866611162101722,14.875,0.3415650255319866,1.933730809389145,0.3933740904756407,0.063234411720586,0.0016797210169463,5.780270833333333,1.9962768144491905,3.88438656979724,1.6243372492017427,30,3,letter_multiclass_class.csv,2
2.1408952804136026,0.6867651831252147,0.1593164203699976,9.034128422549424,0.8007669014666666,0.6846061120898298,0.0,0.0,13.8716167,10.921238857802289,-0.2077475102530935,0.0708277719263475,-0.6715638566666667,0.2264665607959779,-0.6715638566666667,0.2264665607959779,6,11183,6,5,120.40068712043914,14.543180556666668,10.904583361127084,0.8916709833008056,0.0427174788699189,0.0018368546373481,0.002531482361047,-0.4718368765355791,0.0846991199488728,0.7965977949614608,0.0762664443842095,30,3,mammography_binclass_class.csv,0
3.303132209342068,1.08217500237368,2.331572915249456,5.2901832485566,15084.314640013514,91227.25460193508,7895.459524556951,48839.67242056604,39437.226255445945,237621.72893980733,10144.537815924636,61219.039631361295,7560.408000614865,45632.72431578198,-78.65367843243243,867.1984519089843,74,45164,74,52,6.494586408746129,39515.87993387838,237358.53456277543,8509.483321207801,51303.7446739964,0.0151443738856035,0.029850043766416,8461.310065416832,51079.80165560448,2668916953.4607635,16173275733.722033,30,3,meta_stream_intervals.arff_multiclass_class.csv,0
2.816636327373635,0.1260238067273553,3.321928094887362,8.240267233633361,44.039351851851855,48.31622051815876,26.1617125,26.2945249234359,470.8518518518519,476.954472300782,316.2452222222222,346.5808472261715,313.6736111111111,348.5102063140171,189.7037037037037,239.16648902927616,216,2000,216,201,5.98685684173587,281.1481481481481,261.6164710985206,43.53274078240553,41.2185864716614,0.0191318410383702,0.0190076103385269,314.98899691358025,347.8094576266875,3586.2057802373406,4610.295604780304,30,3,mfeat-factors_multiclass_class.csv,0
2.913840860409173,0.0904483571382274,3.321928094887362,17.020304732338758,0.0817070052960526,0.0590348371521886,0.0484519882535131,0.0321730820781546,0.3779868138157894,0.1505418754053277,0.1210545504204605,0.0636113538122521,0.1091872340131579,0.0658511553904841,0.003561299868421,0.002485917126304,76,2000,76,69,13.929419893836052,0.3744255139473684,0.1489471518046689,0.062859677316219,0.0320941401493409,0.0002158139051414,8.448313242858452e-07,0.1128418108076754,0.0633291589382439,0.0049678197874888,0.0058686090641498,30,3,mfeat-fourier_multiclass_class.csv,1
2.9151548200980697,0.0863338092291195,3.321928094887362,18.347254103713546,2.76203222390625,2.140691368859168,1.7667812657049842,1.362076736462679,6.800460144375,3.846192208768363,-0.2467893547222656,0.9814057896178636,-0.5354434346875,1.3910016029537868,-6.65533955,3.407517412894685,64,2000,64,54,15.10061527771213,13.455799694375,7.003278462398387,2.070989760468079,1.3239691370343314,0.000215623865053,6.307899672075915e-07,-0.3888228957559896,1.1658783841776936,6.014503890723385,8.552215058063428,30,3,mfeat-karhunen_multiclass_class.csv,1
2.1631533225586312,0.829132821805519,3.321928094887362,4.144289230909556,620.5090292450001,1502.5743332504064,324.53732539498543,791.0659435198903,2969.5059390216666,7154.410698897558,937.27328849169,2221.467645373192,658.05979976,1544.0992108979008,256.701357925,580.8253935708678,6,2000,6,5,1.6986535419846078,2712.8045810966664,6574.563737432223,562.6539481178751,1365.175190439418,0.1209720545654802,0.1453836641648929,796.8539340946321,1881.352552356214,1869665.5491587168,4579438.10817148,30,3,mfeat-morphological_multiclass_class.csv,0
2.949964662544217,0.0790563716439674,3.321928094887362,12.57847511888482,51.87843737388299,53.00570099399119,30.8572290499352,34.23959912861524,219.7992134848936,205.15398850023027,77.924921891155,97.32033783559967,66.37780495202128,93.6413195233582,14.705214839361702,52.79816114403349,47,2000,47,39,10.170036210750688,205.0939986455319,182.37649462745284,38.56476431441706,35.68078541407686,0.000215852263728,8.690302010087578e-07,70.46596088563173,94.29410429864863,2733.2718678437354,3680.3906873640967,30,3,mfeat-zernike_multiclass_class.csv,0
0.8369301297294478,0.983161388527772,3.319837025403414,57.78940343857111,38.77710459183673,73.061140280346,0.0472767857142857,0.7718247058257388,218.54591836734693,82.74181131472068,23.35938332725948,29.80373570639768,0.0318877551020408,0.5205886320152023,0.0,0.0,784,70000,784,565,13.5686949530161,218.54591836734693,82.74181131472068,44.46990238765064,41.22914189782223,0.12251398226564,0.2885888148664484,8.893232294703596,17.8532354185173,3675.246194000958,4400.751264707105,30,3,mnist_784_multiclass_class.csv,2
2.7726834380708705,0.8680745463324343,9.072489733617438,9.684123280728295,0.1192622054455445,0.1042545938866903,0.0699154672930693,0.0662165643097919,0.980171316831683,0.06321999835132,0.2397982978851929,0.2162750317934721,0.220305254950495,0.2285802531348337,0.0015495346534653,0.0066902672637931,202,4450,202,194,1.9596074529814536,0.9786217821782178,0.0634172771768816,0.1067681857650653,0.0493714985375308,0.0187877112561141,0.0571845794611776,0.2232063100474654,0.2258995643234284,0.0138249233056037,0.0135934434714961,30,3,mtp_regression_oz203.csv,0
1.659721215129768,1.075039669200457,3.3218327248667654,19.124395784803543,4.71875,4.592847268497618,1.0192875,1.4438519903369595,13.3125,5.166666666666666,4.637555604982206,4.729161671663098,4.09375,6.306254768588818,0.0,0.0,64,5620,64,36,8.555317211780991,13.3125,5.166666666666666,3.561120798754085,2.327852529749624,0.1270144552320785,0.1899163412618729,4.389494365361803,5.615098467286347,18.015808471701565,15.236074540998308,30,3,optdigits_multiclass_class.csv,2
3.15555096723321,0.2586137244373952,0.6354628258660036,6.590871224902848,121.0513,180.45870823546065,31.99169106,43.04217558819296,22319.6,45559.51776937261,184.61345030148,302.0067237429856,34.276,48.260316463022825,2.5121,3.125169024762234,10,5473,10,9,31.728633717178656,22317.0879,45557.14903514941,704.7075138623479,1341.534153192376,0.0028569553650923,0.0053471357207901,56.70907595129376,85.89941678765639,2116355.1758574774,5548971.990812736,30,3,page-blocks_multiclass_class.csv,0
2.9376946965348574,0.3804488887694027,3.320771738890595,7.962377049843173,47.9375,17.38378075486841,20.2930875,15.395440521742142,100.0,0.0,48.631771970524014,25.52545146739382,48.375,38.57611523555303,0.0,0.0,16,10992,16,4,6.043854462261125,100.0,0.0,30.510487098361217,6.813049295327914,0.0098903937911252,0.0002488775168197,47.25092859308672,33.31098405466714,974.4063611360492,386.87977503245605,30,3,pendigits_multiclass_class.csv,0
3.212461159596473,0.0652946444810695,11.876629050506004,3.742183233672968,11.3526125,3.705974841697077,6.813677482499999,2.7877854706727736,24.441925,6.917997387189929,-2.5647937175155926,0.8484701898601444,-4.0866875,1.2518150591407928,-25.8972,8.250146207593335,4,3848,4,4,0.0122079454654149,50.339125,14.939090266673988,7.313646364048294,2.2712485546180123,0.0001134647401151,1.015248821602741e-06,-3.852576201298701,1.2591712563850932,57.35835063599765,34.402838282012866,30,3,pollen_regression_DENSITY.csv,0
0.6087697038581504,0.8735406191202644,0.9210049486251756,79.11012985585317,1.4791666666666667,4.722015361899428,0.4015374999999999,2.781933404576752,72.39583333333333,68.25133139791966,18.61498472222222,35.98831357951287,16.708333333333332,35.657327934955994,15.4375,34.644643594461094,48,15000,48,26,51.29054458004584,56.958333333333336,59.43706069782693,5.632344937127621,7.243368084919152,0.4656897454161462,0.4967122619770613,16.951125,35.81947635396047,83.09664109579528,158.57777120385026,30,3,pol_binclass_binaryClass.csv,1
0.6087697038581504,0.8735406191202644,1.8914102162679105,94.1081965316564,1.4791666666666667,4.722015361899428,0.4015374999999999,2.781933404576752,72.39583333333333,68.25133139791966,18.61498472222222,35.98831357951287,16.708333333333332,35.657327934955994,15.4375,34.644643594461094,48,15000,48,26,29.289684617568007,56.958333333333336,59.43706069782693,5.632344937127621,7.243368084919152,0.4656897454161462,0.4967122619770613,16.951125,35.81947635396047,83.09664109579528,158.57777120385026,30,3,pol_regression_foo.csv,0
3.469710406061952,0.0651383467558661,0.9999559719934968,352.7759662928095,16.3828846484375,34.98202662732968,10.74967724446875,23.16967773101122,13.7703566875,26.76185506445649,-3.1165119662361143,8.49666166371117,-4.809724125,11.917153237569146,-12.4811746875,27.35147004183349,32,8192,32,0,1223.0843352477943,26.251531375,54.09857343596198,8.620209204451388,18.083400529140054,5.247812245421633e-05,1.0842982156055349e-07,-4.462427108014646,11.341023265897276,391.0983384665204,920.9738083250404,30,3,puma32H_binclass_binaryClass.csv,4
3.469710406061952,0.0651383467558661,12.91753553771708,3.834558651452135,16.3828846484375,34.98202662732968,10.74967724446875,23.16967773101122,13.7703566875,26.76185506445649,-3.1165119662361143,8.49666166371117,-4.809724125,11.917153237569146,-12.4811746875,27.35147004183349,32,8192,32,0,0.0299803717783863,26.251531375,54.09857343596198,8.620209204451388,18.083400529140054,5.247812245421633e-05,1.0842982156055349e-07,-4.462427108014646,11.341023265897276,391.0983384665204,920.9738083250404,30,3,puma32H_regression_thetadd6.csv,1
3.452881218240016,0.0414540071180021,0.9999860693604422,47.50336569517388,1.4698643125,0.635543939668805,0.8128690864875001,0.3293937648432009,1.56252775,0.5941274906914821,-0.2894221153869629,0.1731764898638945,-0.5641769375,0.2825386306200872,-1.563314,0.5946114630397615,8,8192,8,0,163.0257641958522,3.12584175,1.188738398393109,0.8991075391126672,0.3375281672091171,5.257439333753171e-05,1.525864757786575e-07,-0.4375393167463385,0.2521603080401179,0.908078972591339,0.5171382578095383,30,3,puma8NH_binclass_binaryClass.csv,0
3.452881218240016,0.0414540071180021,12.999999999999996,3.799552419464504,1.4698643125,0.635543939668805,0.8128690864875001,0.3293937648432009,1.56252775,0.5941274906914821,-0.2894221153869629,0.1731764898638945,-0.5641769375,0.2825386306200872,-1.563314,0.5946114630397615,8,8192,8,0,0.0091848605298,3.12584175,1.188738398393109,0.8991075391126672,0.3375281672091171,5.257439333753171e-05,1.525864757786575e-07,-0.4375393167463385,0.2521603080401179,0.908078972591339,0.5171382578095383,30,3,puma8NH_regression_thetadd3.csv,0
2.920821186565867,0.056649265630956,0.9912232530606148,286.3417870090301,58.03166666666667,9.89453647642644,45.350263000000005,26.898838739511405,304.71666666666664,308.45314203835454,45.96447811447812,22.83729055970362,45.445,29.416426958419,-82.14999999999999,90.99630267214158,3,2178,3,2,842.7586139274739,386.8666666666666,256.73963257224887,78.81823129999403,40.79857413590152,0.0012432803081405,0.0016877559892428,47.25419979612641,39.9416432302814,7321.996019607792,5497.402976473778,30,3,quake_binclass_binaryClass.csv,0
2.920821186565867,0.056649265630956,2.5898923943940564,93.0604291908993,58.03166666666667,9.89453647642644,45.350263000000005,26.898838739511405,304.71666666666664,308.45314203835454,45.96447811447812,22.83729055970362,45.445,29.416426958419,-82.14999999999999,90.99630267214158,3,2178,3,2,103.9514156650072,386.8666666666666,256.73963257224887,78.81823129999403,40.79857413590152,0.0012432803081405,0.0016877559892428,47.25419979612641,39.9416432302814,7321.996019607792,5497.402976473778,30,3,quake_regression_col_4.csv,0
2.920821186565867,0.056649265630956,2.5898923943940564,93.0604291908993,58.03166666666667,9.89453647642644,45.350263000000005,26.898838739511405,304.71666666666664,308.45314203835454,45.96447811447812,22.83729055970362,45.445,29.416426958419,-82.14999999999999,90.99630267214158,3,2178,3,2,103.9514156650072,386.8666666666666,256.73963257224887,78.81823129999403,40.79857413590152,0.0012432803081405,0.0016877559892428,47.25419979612641,39.9416432302814,7321.996019607792,5497.402976473778,30,3,quake_regression_richter.csv,0
3.2177981195131355,0.0327909701509412,2.4832958827266416,4.1643953417909065,14.25,3.9523952954415593,9.3898,2.722268621572823,133.30555555555554,19.68584617644209,83.27570577570577,11.563801108603212,82.80555555555556,13.872520513476468,37.25,9.13822427264416,36,6435,36,36,4.396128424700939,96.05555555555556,22.245313399769586,15.141921454163295,2.932122079587455,0.0137569060160973,0.0038141636406729,83.39923451034562,12.371449193874115,237.6363102167216,90.70898026722428,30,3,satellite_image_regression_class.csv,0
3.2215401617417267,0.0367355059896979,2.4833618760456604,4.166097635090708,0.7689092916666666,0.1379239457345126,0.5257902935833333,0.0968893519319798,2.756549277777778,0.6690559283030985,-0.0075106905952998,0.065314940306566,-0.0237828333333333,0.2175239483163044,-2.559097583333333,0.2713837990312797,36,6430,36,36,4.4044684259037785,5.315646861111111,0.8099230341016062,0.8429244923048255,0.0102433853271236,0.0137973850233659,0.0038175726292865,-0.004017388910489,0.1102983652653739,0.7106237120330032,0.017042885611019,30,3,satimage_multiclass_class.csv,0
2.960746778432913,0.3404693917108772,0.6780187068738636,37.92686346632237,0.5574216036789298,0.3272778680868892,0.2313345902608695,0.1448266665062405,0.9987192073578596,0.0120389722162638,0.3755314019964068,0.2153408669335605,0.2907308361204013,0.2480456236262138,6.013377926421405e-06,4.666329293651317e-05,299,2407,299,107,164.6176115578317,0.9987131939799332,0.0120384207442644,0.2885584027084369,0.1112106671877555,0.0085545161485283,0.0641697689525331,0.3424855229727696,0.2391848152734077,0.0955924003485977,0.062201057625096,30,3,scene_binclass_Urban.csv,0
2.5524031413411703,1.049924870805625,2.807354922057604,5.063356434923931,20.260499026315788,22.90065742716638,10.149217424021051,13.702437931165637,187.52837657894736,338.41512351084594,20.80471507967064,37.01698682041345,14.88238094736842,34.30214780626354,-4.053425263994453,14.323674186894262,19,2310,19,16,3.603524395396947,191.5818018429418,336.1437977677774,22.299104794141208,20.66747770821152,0.0847817381961135,0.2399957897039597,16.601903890248344,35.82705871696233,901.913412870068,1113.84706914879,30,3,segment_multiclass_class.csv,0
3.065547041566488,0.0890697426254037,0.9999532967890264,26.968680387001488,6329387.205358833,15503766.229459563,3615279.4173519695,8855588.136283018,-11394730.765704,27911306.214932244,-16931087.65500087,41472543.94810714,-16194362.657651668,39667942.88365362,-20682048.53290284,50660474.952436335,6,3107,6,5,81.67761968563956,9287317.767198833,22749168.737504832,2935555.917990677,7190611.582111408,0.0001487376633435,1.283321568334532e-05,-16909338.80963129,41419269.91988672,51704900984979.03,126650624614322.88,30,3,space_ga_binclass_binaryClass.csv,0
0.8214567381113883,0.7716511379063105,0.9673602371807668,19.77427202140846,3.191824561403509,20.31368421437945,1.1097651157894737,6.983600582041026,475.4518245614035,2457.8123563627464,4.3553035076280135,26.78716698843347,0.8713333333333333,5.384335604767027,0.0526315789473684,0.2252817784447915,57,4601,57,57,15.791789003622323,475.39919298245616,2457.630210116978,13.603043688534262,75.46035470698587,0.0073759815491306,0.006310363451205,1.248307198637666,7.832465505240584,5779.40854180675,39291.67332783351,30,3,spambase_binclass_class.csv,0
2.809286408208948,1.2689046605481735,9.71919635486444,10.951807633251644,0.0694287932330827,0.0622357904784222,0.0447931249578947,0.0449343661769606,0.9400973120300752,0.1884610450423561,0.1872979561946509,0.2127353269261652,0.1731751278195488,0.2190000721177072,0.0031678721804511,0.0169406611162403,266,8885,266,258,2.1655666997625924,0.936929439849624,0.1883796799555935,0.0712719811040031,0.0384743150662512,0.0372354224808769,0.1639546538630977,0.1768899816204834,0.2177704876104723,0.0065544032745177,0.0055788677052106,30,3,topo_2_1_regression_oz267.csv,0
2.734199219943985,1.3880722311952087,5.161428470284308,7.020924850961797,7.476850000000001,13.05111525081286,4.146350354999999,7.493831501413141,43.094,81.95297023700036,12.047571496354587,22.048706887118666,8.626625,15.15366031038376,0.219,0.4473522102326086,4,8641,4,2,2.7192431051413326,42.875,81.50574591606001,6.960409338493291,12.60067404731752,0.1250565891887247,0.2499236938933129,10.617797545805209,19.22449015022951,167.5300379944406,333.9264583094533,30,3,visualizing_soil_regression_track.csv,0
3.2909299388341737,0.0689426856288128,1.5848792049207137,18.48384775059876,1.057875,0.433375447904186,0.7383348,0.2256031639843596,5.088500000000001,1.935728246979376,0.8464275000000001,1.1164117355000371,0.7365,1.0881495702243729,-3.09625,0.6153243359900032,40,5000,40,40,37.380873292069744,8.18475,1.5673953365458382,1.090207571220298,0.3176856897622386,0.0015487007158382,0.0003142414004185,0.8044355,1.091905428412074,1.2869536408887776,0.7802635022880824,30,3,waveform-5000_multiclass_class.csv,0
3.3368479664974275,0.0945190697561582,9.220620127247296,8.868959753169015,4.36,1.2806428674092372,2.93343,0.9343883482133768,33.2,14.330762500514544,13.77585814246599,16.587008334556884,12.86857142857143,17.55683424115602,4.739285714285715,16.20141421381086,14,6574,14,11,2.2095856795853708,28.460714285714285,7.125903412939965,4.300545971743724,1.0303544985782476,0.0135557945906528,0.0255461671928663,13.310760263558032,16.934145336156792,19.480495305483,10.831110146014584,30,3,wind_regression_MAL.csv,0
3.2708591267841047,0.0857928390512171,1.8376039948582683,40.48607426435228,5.444109090909091,11.888838786479909,3.825953082,9.094221386895937,72.80445272727273,148.41819446191425,15.596474388295762,33.933217846107375,14.860057272727271,32.9914214360655,2.128737272727273,2.7272865821695045,11,6497,11,11,71.06353811035842,70.67571545454545,147.47885617483146,6.303757492519761,14.26966655938257,0.0069908420037935,0.0034602515357137,15.327223100251036,34.07935820365293,224.8495255390092,667.3400482019086,30,3,wine_quality_regression_quality.csv,0
2.743471926919283,0.7561159238191092,0.1066848655670195,31.813087717734174,0.113840698275862,0.1287947915105549,0.0620372114431034,0.0386905280274294,0.4904316206896552,0.2058184421664397,0.0117800338443211,0.1253362470761544,-0.0178898189655172,0.1390324769711769,-0.3348335,0.1760903175817554,116,2417,116,111,817.094606000099,0.8252651206896551,0.1515537855298246,0.1226066864134368,0.0904117372214201,0.0561702125492926,0.1582876494618517,-0.0093382120059887,0.1393682965268804,0.0231362138304417,0.0444943859848621,30,3,yeast_ml8_binclass_class14.csv,0
1.932064096428237,1.241387392057767,2.490417636232728,18.56146830385744,0.04625,0.0370086862390825,0.029652,0.029652,0.93625,0.1058216153992854,0.3735899595687331,0.1863127118703513,0.35375,0.1938289009852319,0.14625,0.1659550283316881,8,1484,8,8,13.399972906199906,0.79,0.1738636575842445,0.0840616715197196,0.0312337556579776,0.1159738913541011,0.1906690674498806,0.3616928251121076,0.1928930407144335,0.0079199686746287,0.0052531497061964,30,3,yeast_multiclass_class_protein_localization.csv,0
0.4058188483182922,0.7635447343281105,9.71919635486444,81.39347804727085,0.0109121992031872,0.0459757849564328,0.0044971983418326,0.0327722008587284,0.7925005258964144,0.3704342736573093,0.0305347613888845,0.1209163220736303,0.0218034900398406,0.1209313699100564,0.0006873705179282,0.010879608966602,251,8885,251,210,2.398532791780844,0.7918131553784861,0.3702073985175712,0.040548003470807,0.0337094071742427,0.3556375565068773,0.307575293334228,0.0230271136896794,0.1211288388189748,0.0027759375297304,0.0060813704025895,30,3,yprop_4_1_regression_oz252.csv,1
1.2041161366877566,0.1392200802807468,0.9999977500599352,70.87324462736541,0.7,0.4830458915396479,0.0,0.0,1.0,0.0,0.1002673665620094,0.4620670501095438,0.2,0.9189365834726816,-1.0,0.0,10,40768,10,3,84.33980952468613,2.0,0.0,0.7349677074813038,0.0900663588662382,0.3499840557313513,0.0527059204952308,0.1616834273567165,0.7230511554170874,0.547478285139803,0.1253377059540249,50,4,2dplanes_binclass_binaryClass.csv,0
1.2041161366877566,0.1392200802807468,15.29547077834474,13.084364726469977,0.7,0.4830458915396479,0.0,0.0,1.0,0.0,0.1002673665620094,0.4620670501095438,0.2,0.9189365834726816,-1.0,0.0,10,40768,10,3,0.0300496750813695,2.0,0.0,0.7349677074813038,0.0900663588662382,0.3499840557313513,0.0527059204952308,0.1616834273567165,0.7230511554170874,0.547478285139803,0.1253377059540249,50,4,2dplanes_regression_y.csv,0
1.990131774662523,0.7702754721167255,0.9999906975135884,10.142656046720694,0.0358888888888888,0.0458412871886371,0.0,0.0,1.0782222222222222,0.6998922288070103,0.3230839118984917,0.2047322144905501,0.2806666666666666,0.2315381987923375,0.0202777777777777,0.0379498938660498,9,4177,9,9,19.18540985255269,1.0579444444444446,0.7089186944056264,0.1793001157093147,0.1410724622795575,0.1155983250850255,0.2179597237723181,0.2822879492975225,0.2351326430983038,0.0498387000388111,0.0611666376972393,50,4,abalone_binclass_binaryClass.csv,0
1.5626961018633947,1.1047043445630946,0.9832048570341376,23.645167711978942,0.439825,1.7348186026136447,0.0,0.0,28.4946,154.6934997407487,-1.0077100981818183,4.020393455233893,-1.2015999999999998,5.437695763879479,-29.13405,154.438911358795,40,13750,40,40,36.58139633573104,57.62865000000001,309.09649871367657,5.36460747974607,28.9735908913392,0.0867338267769496,0.1287778016765074,-1.1849133575757578,5.181684328329618,847.261258321974,5293.620636426234,50,4,ailerons_binclass_binaryClass.csv,0
1.5626961018633947,1.1047043445630946,3.828958233704801,47.91194722714848,0.439825,1.7348186026136447,0.0,0.0,28.4946,154.6934997407487,-1.0077100981818183,4.020393455233893,-1.2015999999999998,5.437695763879479,-29.13405,154.438911358795,40,13750,40,40,18.554095029160344,57.62865000000001,309.09649871367657,5.36460747974607,28.9735908913392,0.0867338267769496,0.1287778016765074,-1.1849133575757578,5.181684328329618,847.261258321974,5293.620636426234,50,4,Ailerons_regression_goal.csv,2
0.6779085299699062,0.7675735293987388,0.794432350758128,16.680920730431602,0.4285714285714285,1.1338934190276817,0.0,0.0,286.2857142857143,750.3947215267696,282.1835072627274,746.0786729562273,282.42857142857144,746.7948975773865,279.0,738.1646157870208,7,4052,7,7,13.234237112977649,7.285714285714286,12.776466461353673,1.307319707198079,2.6189551451475848,0.375242640461105,0.213872086143419,282.3463345864662,746.6063179630687,7.588164290224192,19.75949018829074,50,4,analcatdata_supreme_binclass_binaryClass.csv,0
0.6779085299699062,0.7675735293987388,1.825202079049472,22.390869980396644,0.4285714285714285,1.1338934190276817,0.0,0.0,286.2857142857143,750.3947215267696,282.1835072627274,746.0786729562273,282.42857142857144,746.7948975773865,279.0,738.1646157870208,7,4052,7,7,7.316318465439669,7.285714285714286,12.776466461353673,1.307319707198079,2.6189551451475848,0.375242640461105,0.213872086143419,282.3463345864662,746.6063179630687,7.588164290224192,19.75949018829074,50,4,analcatdata_supreme_regression_Log_exposure.csv,0
2.482493526113889,0.2648474422027635,10.767172197728645,5.597124936875717,0.7039971328125,0.5099609683687732,0.0,0.0,5.9993238125,8.059557270549321,0.7755092466621398,1.5256698479615234,0.3514020625,1.4013716537142007,-0.03005578125,1.275806106689736,32,8192,32,23,0.2904805612355416,6.029379593749999,7.799677554734893,0.8188595719873049,0.6411711095276046,0.0197370374031543,0.0534700905374239,0.5158071438542514,1.4204889162649204,1.0687845030876897,1.7877444908070128,50,4,bank32nh_regression_rej.csv,0
2.4435220124281685,0.3701360591451901,0.9730662661337472,26.81545252420815,0.7268836562500001,0.6230283322182975,0.0,0.0,8.176849375,12.072683431536078,1.3177385140686035,2.56523200412259,0.99603775,2.893198329661669,0.3813255000000001,1.883709011495596,8,8192,8,4,66.33780709146367,7.795523875,12.052168732749228,0.9229047338379096,0.9930201280187612,0.0313456926972785,0.0883126845526551,1.1083715968266885,2.710772685546479,1.7145810005595197,2.7585663570340446,50,4,bank8FM_binclass_binaryClass.csv,0
2.4435220124281685,0.3701360591451901,12.86331256724435,5.438282181158288,0.7268836562500001,0.6230283322182975,0.0,0.0,8.176849375,12.072683431536078,1.3177385140686035,2.56523200412259,0.99603775,2.893198329661669,0.3813255000000001,1.883709011495596,8,8192,8,4,0.0330591089961284,7.795523875,12.052168732749228,0.9229047338379096,0.9930201280187612,0.0313456926972785,0.0883126845526551,1.1083715968266885,2.710772685546479,1.7145810005595197,2.7585663570340446,50,4,bank8FM_regression_rej.csv,0
1.4017400038606278,0.482992465982242,0.928691959084338,5.601850917234449,0.3485338888888888,0.7477175906290496,0.0,0.0,12.149245,1.1791193395642785,2.1314979686192825,0.4165751930300425,1.2222222222222223,0.4409585518440984,0.7956405555555555,0.3765225219024458,9,39366,9,9,7.455267055497115,11.353604444444445,1.3085167672087843,2.1239902357866587,0.4719426254520605,0.0001863360738776,0.0001787293683655,1.3101534739251106,0.4565049235979146,4.709316603244696,1.9215233920298624,50,4,BNG(breast-w)_binclass_Class.csv,0
0.9044549943839622,0.8080620758819762,0.3261016552819349,265.8032411989601,0.4588235294117647,0.9704311900788594,0.0,0.0,6.976470588235294,4.68527701724149,1.669562925964522,3.493521991792045,1.588235294117647,4.030520814884311,0.0705882352941176,0.2576558841203685,85,9822,85,82,736.215114158184,6.905882352941177,4.591979367310346,0.9051708083212544,1.2305713558745208,0.1811818070064804,0.1133203207882234,1.616842651549931,3.917858432811685,2.315824691054646,11.196207271997896,50,4,coil2000_regression_CARAVAN.csv,0
2.063965656126295,0.6167861454332829,0.8841664897438647,12.666701427225036,61832.90535714285,246274.8717312357,0.0,0.0,301529.0233333333,769013.69409232,38668.6278297061,144502.63614492537,274.65714285714284,1047.2398772828642,100.22857142857144,333.3122817161965,21,8192,21,20,28.568680814596345,301428.79476190475,768837.5712511225,49521.59528561436,162637.66070951856,0.0022274540461381,0.002181232966229,26985.093922468903,112671.98790866132,27643825238.74121,115309342155.65147,50,4,cpu_act_binclass_binaryClass.csv,0
2.063965656126295,0.6167861454332829,4.974974983530833,24.892372840750173,61832.90535714285,246274.8717312357,0.0,0.0,301529.0233333333,769013.69409232,38668.6278297061,144502.63614492537,274.65714285714284,1047.2398772828642,100.22857142857144,333.3122817161965,21,8192,21,20,9.32708763619472,301428.79476190475,768837.5712511225,49521.59528561436,162637.66070951856,0.0022274540461381,0.002181232966229,26985.093922468903,112671.98790866132,27643825238.74121,115309342155.65147,50,4,cpu_act_regression_usr.csv,0
2.359380648819419,0.2777844600176794,0.8841664897438647,12.3496651020231,108040.3625,325362.0241552576,0.0,0.0,520524.5491666666,959498.1843084568,68077.39127655029,190024.23537516943,1010.2833333333332,2295.518086039257,174.75,433.3413781304527,12,8192,12,11,31.95483508943513,520349.7991666666,959284.8584616152,86435.76595585619,210970.3534119152,0.0024412492650727,0.00243546809367,47819.141782106046,149581.11396792604,48270590820.22823,151904509594.989,50,4,cpu_small_binclass_binaryClass.csv,0
2.359380648819419,0.2777844600176794,4.974974983530833,22.81818630366426,108040.3625,325362.0241552576,0.0,0.0,520524.5491666666,959498.1843084568,68077.39127655029,190024.23537516943,1010.2833333333332,2295.518086039257,174.75,433.3413781304527,12,8192,12,11,9.821519180346266,520349.7991666666,959284.8584616152,86435.76595585619,210970.3534119152,0.0024412492650727,0.00243546809367,47819.141782106046,149581.11396792604,48270590820.22823,151904509594.989,50,4,cpu_small_regression_usr.csv,0
2.4561579640227023,0.0949943936652305,0.9972877951195076,10.411553205589655,0.0019639999999999,0.0023798067148405,0.0,0.0,0.024204,0.0210775017494958,0.0041197851031,0.0047235428541113,0.005272,0.0055043546397375,-0.01584,0.0188998148139075,5,7129,5,5,24.64196558796824,0.040044,0.0369011609573465,0.0044011828528749,0.0046029547754705,0.0104041740906082,0.0081260162479105,0.0049219013788268,0.005178428759093,3.63201646364622e-05,6.016358642715143e-05,50,4,delta_ailerons_binclass_binaryClass.csv,0
2.0574354126471435,0.7467417862947574,0.9999776283308132,15.487513665976971,0.3514166666666667,0.8566332013567223,0.0,0.0,17.63123333333333,35.95333310399283,-2.1261751707470844,4.455232333009008,-2.167566666666666,4.020198125300128,-17.55045,35.944106864616906,6,9517,6,6,30.86527194956021,35.18168333333334,71.89675767850498,3.630961176006021,7.1463024802588455,0.0512862785968932,0.0631566940051475,-2.166126110430164,4.154714307265692,55.74191167779113,129.80112020716925,50,4,delta_elevators_binclass_binaryClass.csv,0
2.0574354126471435,0.7467417862947574,2.9682419705521728,32.52465054664244,0.3514166666666667,0.8566332013567223,0.0,0.0,17.63123333333333,35.95333310399283,-2.1261751707470844,4.455232333009008,-2.167566666666666,4.020198125300128,-17.55045,35.944106864616906,6,9517,6,6,21.544444988825152,35.18168333333334,71.89675767850498,3.630961176006021,7.1463024802588455,0.0512862785968932,0.0631566940051475,-2.166126110430164,4.154714307265692,55.74191167779113,129.80112020716925,50,4,delta_elevators_regression_Se.csv,0
1.5277151977478969,1.1941728519415504,0.9835093906057096,42.58297611842876,0.0332226153846153,0.0881607311132517,0.0,0.0,0.9946991538461538,0.0120732191636844,0.2306240359235794,0.2289058664311881,0.210184923076923,0.2825814699012958,0.0018523846153846,0.0066788677126498,13,45312,13,13,65.14543836881357,0.9928467692307692,0.0142978950499356,0.1856646249528147,0.0983026352082082,0.2325738738948617,0.2577451522160267,0.2029014837994137,0.2681401790426757,0.0433914219639875,0.0299954750141846,50,4,electricity_binclass_class.csv,0
2.009337621658746,1.015958807831593,4.135743621859048,59.3973108332694,4.982894444444445,18.76862249238692,0.0,0.0,60.26485555555556,220.79073203113083,0.1457040203225094,6.163389170500729,2.150311111111111,12.684584028092983,-65.28953333333334,232.8585724120418,18,16599,18,18,27.85799077385712,125.55438888888892,453.61144312057473,12.75131907409281,46.6400583609033,0.0607352245599736,0.1016789951137088,1.3150917394505235,9.76617322899291,2217.041457376208,9307.393146278093,50,4,elevators_regression_Goal.csv,0
2.9715122051004217,0.0333541956995272,13.83694419621366,7.220869677296492,0.3251,0.1590726249233349,0.0,0.0,1.0,0.0,0.4141833325156986,0.1664320271463984,0.3291,0.332727599630021,0.0,0.0,10,40768,10,3,0.5506966041965775,1.0,0.0,0.2687337786233188,0.0403277149043061,0.000974495860065,1.1428494363856452e-19,0.3740988390156161,0.2437967661404828,0.0736815359036296,0.0209770858218563,50,4,fried_regression_Y.csv,0
2.137773794939544,0.0,9.965784284662083,4.664843589487965,1.7854212636100002,0.0613122231835269,0.0,0.0,1.69668135,0.0548514017947125,-0.8723024813597171,0.018997063540667,-1.7555948500000005,0.020144758981391,-1.7555948500000005,0.020144758981391,10,1000,10,0,0.0006618744946305,3.4522762,0.06413371055861,1.1306578123048412,0.0171671354540542,0.001001001001001,0.0,-1.2153219938845283,0.023943782614319,1.2786523280116977,0.0388096587905171,50,4,fri_c0_1000_10_regression_oz11.csv,0
2.137774314836681,2.5994856882149973e-06,9.965784284662083,4.664842454268024,1.74088598925788,0.0825139870696953,0.0,0.0,1.72636126,0.0311363841858684,-0.8573099893699232,0.0274367603582704,-1.7273135280000005,0.0409985096942917,-1.7273135280000005,0.0409985096942917,25,1000,25,0,0.0006618743335588,3.4536747880000003,0.0471074289551404,1.1210613613112306,0.0179621556341895,0.001001001001001,0.0,-1.202422544453872,0.02779375352007,1.2570883092986156,0.0402086104863458,50,4,fri_c0_1000_25_regression_oz26.csv,0
2.137773794939544,4.485978453382215e-16,9.965784284662083,4.664843589487966,1.7418575439105002,0.0780790691170357,0.0,0.0,1.7231850459999998,0.0430971560724598,-0.8687156980359282,0.0247953511363302,-1.735877928,0.0358094604968965,-1.735877928,0.0358094604968965,50,1000,50,0,0.0006618744946308,3.459062974,0.0487266863084445,1.1181027045484186,0.0180679580225782,0.001001001001001,0.0,-1.2130511750405473,0.0252992500586604,1.250473580003452,0.0404970432176466,50,4,fri_c0_1000_50_regression_oz51.csv,0
2.137773794939544,0.0,0.9999740313334506,22.61814794634745,1.73583675,0.0623771795886725,0.0,0.0,1.7388492,0.0220802479990601,-0.8471822318,0.0097464953024827,-1.7058074,0.0280580735849773,-1.7058074,0.0280580735849773,5,1000,5,0,47.35373965190869,3.4446566000000005,0.0294363013012843,1.115836057812123,0.0184718562166954,0.001001001001001,0.0,-1.1940141273333331,0.009800116225305,1.2453630754913716,0.041256698956067,50,4,fri_c0_1000_5_binclass_binaryClass.csv,0
2.137773794939544,0.0,9.965784284662083,4.664843589487965,1.735836847145,0.062377249612763,0.0,0.0,1.73884932,0.0220802165876378,-0.8471822489305619,0.0097465360817237,-1.7058074400000005,0.0280583050371543,-1.7058074400000005,0.0280583050371543,5,1000,5,0,0.0006618744946305,3.44465676,0.0294364416525332,1.115836067646354,0.0184719431435495,0.001001001001001,0.0,-1.1940141400876032,0.0098001318060212,1.2453631000072778,0.0412568939586922,50,4,fri_c0_1000_5_regression_oz6.csv,0
2.137773794939544,0.0,9.965784284662083,4.664843589487964,1.82288825355025,0.2217955585065832,0.0,0.0,1.79864122,0.2467123802608697,-0.9083361170212718,0.1053706882901854,-1.81474185,0.2188709491030185,-1.81474185,0.2188709491030185,10,1000,10,0,0.0006618744946302,3.61338307,0.4582978406960188,1.149542155785933,0.093609229351224,0.001001001001001,0.0,-1.251224324950453,0.0997741166168074,1.3293335869667284,0.2350536159006896,50,4,fri_c1_1000_10_regression_oz11.csv,0
2.137773794939544,0.0,9.965784284662083,4.664843589487965,1.7576432053507,0.1605371202291167,0.0,0.0,1.7540084559999998,0.1334860163372556,-0.8709408092774268,0.069522519171754,-1.7466876919999998,0.1409674244864864,-1.7466876919999998,0.1409674244864864,25,1000,25,0,0.0006618744946303,3.5006961480000003,0.2687995789414796,1.1252607167309618,0.0605974729970495,0.001001001001001,0.0,-1.2147968293417113,0.0671294702722709,1.2697368522021606,0.150184714682071,50,4,fri_c1_1000_25_regression_oz26.csv,0
2.137774054888113,1.838113957734204e-06,9.965784284662083,4.6648430218779255,1.7449621444843502,0.1312009432115614,0.0,0.0,1.7331580779999998,0.0817304506506534,-0.8740610223007037,0.0565032229557246,-1.7451426179999998,0.109612120349828,-1.7451426179999998,0.109612120349828,50,1000,50,0,0.000661874414095,3.478300696,0.1784562587641405,1.1223201947470078,0.0450093210356437,0.001001001001001,0.0,-1.2192685493251731,0.0534169095240614,1.2615879417374491,0.1111021116177511,50,4,fri_c1_1000_50_regression_oz51.csv,0
2.137773794939544,0.0,0.9946583178227808,21.43017990621281,1.820735,0.2735934305717724,0.0,0.0,1.8456726,0.246629589651769,-0.9240465578000002,0.1385606038226225,-1.8400576,0.2702701758339236,-1.8400576,0.2702701758339236,5,1000,5,0,45.0589090780662,3.685730200000001,0.5157747176575254,1.1531916631610757,0.1060829325119655,0.001001001001001,0.0,-1.262757956333333,0.1304531969817673,1.3388538828404783,0.2593876349183184,50,4,fri_c1_1000_5_binclass_binaryClass.csv,0
2.137773794939544,0.0,9.965784284662083,4.664843589487965,1.820735057485,0.273593599063609,0.0,0.0,1.84567278,0.2466297103500956,-0.924046609606646,0.1385605942828884,-1.8400577,0.2702701801870121,-1.8400577,0.2702701801870121,5,1000,5,0,0.0006618744946305,3.68573048,0.5157748606360457,1.1531916906330677,0.1060829441168209,0.001001001001001,0.0,-1.2627580007577437,0.1304531847004403,1.3388539481711468,0.2593876649683944,50,4,fri_c1_1000_5_regression_oz6.csv,0
2.137773794939544,0.0,9.965784284662083,4.664843589487967,1.7989073326525002,0.1619381703953817,0.0,0.0,1.92452694,0.4837706154063864,-0.90447631312579,0.0848414175040129,-1.81576321,0.173119070482765,-1.81576321,0.173119070482765,10,1000,10,1,0.0006618744946308,3.74029015,0.6399676604792468,1.1581213007547806,0.0722483955411969,0.001001001001001,0.0,-1.2514541501763168,0.0803991824713671,1.3459427948543945,0.1742923377886549,50,4,fri_c2_1000_10_regression_oz11.csv,0
2.137773794939544,0.0,9.965784284662083,4.664843589487965,1.7683395357501,0.1616473981848299,0.0,0.0,1.8007283719999998,0.2696383231616497,-0.8863204778479169,0.0800831454262407,-1.772170028,0.159340421906761,-1.772170028,0.159340421906761,25,1000,25,1,0.0006618744946303,3.5728984,0.3935368896285761,1.1343729754465144,0.0668572059614696,0.001001001001001,0.0,-1.2305202672722748,0.077198817103742,1.291093137972794,0.1662764557405522,50,4,fri_c2_1000_25_regression_oz26.csv,0
2.137773794939544,4.485978453382215e-16,9.965784284662083,4.664843589487965,1.7405418971788,0.1240854752377298,0.0,0.0,1.765121842,0.2183589410675142,-0.8707737970860998,0.0562429760630027,-1.743264648,0.1044495308658669,-1.743264648,0.1044495308658669,50,1000,50,1,0.0006618744946307,3.50838649,0.3006965959817285,1.1239604810501085,0.0436921338036955,0.001001001001001,0.0,-1.216309042618793,0.0539819902119991,1.265157985467585,0.1039322502283643,50,4,fri_c2_1000_50_regression_oz51.csv,0
2.137773794939544,0.0,9.965784284662083,4.664843589487966,1.912196829,0.2745343706096965,0.0,0.0,2.18073094,0.7704923666152008,-0.9658950236330182,0.1459913034255117,-1.94093688,0.2893791929660492,-1.94093688,0.2893791929660492,5,1000,5,1,0.0006618744946307,4.121667820000001,0.9551211058156645,1.2058586250589136,0.1094297329253497,0.001001001001001,0.0,-1.3054856413616966,0.1326146818038301,1.4636749167874643,0.2713746787301691,50,4,fri_c2_1000_5_regression_oz6.csv,0
2.137773794939544,0.0,0.9895875212220556,43.492184112845806,1.7564326500000005,0.2770295102756102,0.0,0.0,2.1435959,0.8055386023987581,-0.9221506476,0.1272344518263873,-1.8328835,0.2552389417046309,-1.8328835,0.2552389417046309,10,1000,10,2,92.95475335653968,3.9764794,0.8798984763755671,1.1478596175079012,0.1051259527977033,0.001001001001001,0.0,-1.2570231456666667,0.1221971698520433,1.3275280208618472,0.261268315602034,50,4,fri_c3_1000_10_binclass_binaryClass.csv,0
2.137773794939544,0.0,9.965784284662083,4.6648435894879645,1.7564324528050002,0.2770295083429291,0.0,0.0,2.14359579,0.8055385276471284,-0.922150572761528,0.1272344567772872,-1.83288335,0.2552389551161039,-1.83288335,0.2552389551161039,10,1000,10,2,0.0006618744946303,3.97647914,0.8798982543775732,1.147859545467506,0.1051259627081507,0.001001001001001,0.0,-1.2570230629169967,0.1221971821919749,1.3275278573526532,0.2612683189824494,50,4,fri_c3_1000_10_regression_oz11.csv,0
2.133659840425903,0.0205697725682029,0.990604955873816,79.57312039771234,1.74831912,0.4145794711355808,0.0,0.0,1.9135342,0.6240680126118066,-0.8815219577200001,0.2072804127252581,-1.7611676400000005,0.4119562858455453,-1.8250073200000003,0.2238532155185104,25,1000,25,3,170.3922087339133,3.73854152,0.7936537536852958,1.1397716547777097,0.1297099206911981,0.0010011614821234,8.02405612024791e-07,-1.2113996992,0.2579792110501238,1.3152311020194063,0.2895011309026012,50,4,fri_c3_1000_25_binclass_binaryClass.csv,0
2.137773794939544,0.0,9.965784284662083,4.664843589487966,1.8121587746248,0.2030726027925919,0.0,0.0,1.913534224,0.6240680009379862,-0.9134417761320576,0.1156096931132888,-1.82500728,0.2238532196044225,-1.82500728,0.2238532196044225,25,1000,25,2,0.0006618744946306,3.738541504000001,0.7936537248399406,1.155490132873052,0.0929026212814221,0.001001001001001,0.0,-1.255466403603096,0.1125529794589744,1.3434431083263043,0.2351229310336973,50,4,fri_c3_1000_25_regression_oz26.csv,0
2.1298201668840155,0.056240643330998,0.9912540071703688,113.54576795244228,1.7038197549999998,0.1680713140637662,0.0,0.0,1.80814508,0.3640937412188352,-0.86059033384,0.0820841221755269,-1.7208647200000002,0.1540630406372982,-1.73715094,0.1008507946503575,50,1000,50,2,242.96578949504328,3.5452960200000003,0.3728570015824851,1.114996300186036,0.0554633034604923,0.0010010812415622,5.673864495248716e-07,-1.2040458638333331,0.0902548113948889,1.2462314038986848,0.1235011400671978,50,4,fri_c3_1000_50_binclass_binaryClass.csv,0
2.137773794939544,4.485978453382215e-16,9.965784284662083,4.664843589487965,1.720105851889,0.141800157413351,0.0,0.0,1.808144972,0.3640937176674551,-0.8687334067479827,0.0525440434006667,-1.7371508659999997,0.1008507862711785,-1.7371508659999997,0.1008507862711785,50,1000,50,2,0.0006618744946306,3.545295838000001,0.3728569577593327,1.12064494696842,0.0419577543259277,0.001001001001001,0.0,-1.2136625462574446,0.0516940601858041,1.257570341250966,0.1002784021311195,50,4,fri_c3_1000_50_regression_oz51.csv,0
2.137773794939544,0.0,0.9885173903891564,20.9966953911788,1.7612625000000002,0.4321750580312479,0.0,0.0,2.526575,0.8549131261909013,-0.9165617514,0.1792170374516436,-1.8380286,0.3358400292658694,-1.8380286,0.3358400292658694,5,1000,5,2,44.40758273349068,4.364603600000001,0.8485784353454312,1.1545199979527154,0.1158225381470849,0.001001001001001,0.0,-1.2444534446666666,0.1691368681244471,1.343648313947004,0.2683768229097878,50,4,fri_c3_1000_5_binclass_binaryClass.csv,0
2.137773794939544,0.0,9.965784284662083,4.664843589487965,1.76126264965,0.4321749966016223,0.0,0.0,2.5265749200000003,0.8549132155614785,-0.916561736309238,0.1792170545063851,-1.83802858,0.3358400504295341,-1.83802858,0.3358400504295341,5,1000,5,2,0.0006618744946305,4.364603499999999,0.8485784069971879,1.1545199818344645,0.1158225378343998,0.001001001001001,0.0,-1.24445342163273,0.1691368874106524,1.343648276671373,0.2683767967582809,50,4,fri_c3_1000_5_regression_oz6.csv,0
2.1224449368460183,0.0643147450231172,0.9881489563064276,158.53427903581067,1.6549608749999998,0.3274295922341848,0.0,0.0,1.795841149999999,0.3494427622788866,-0.8058717679499999,0.2518323538393727,-1.61429036,0.498030120340197,-1.7339080300000005,0.0791408298737137,100,1000,100,9,339.51574482637693,3.52974918,0.3963505682212664,1.098438214470223,0.0926336521217866,0.0010012818429652,1.0288139842296153e-06,-1.1257209314333334,0.3576356222773671,1.2150616945788977,0.1803385224975425,50,4,fri_c4_1000_100_binclass_binaryClass.csv,1
2.134790541482387,0.0298351603707267,9.965784284662083,4.671360955817038,1.7194378581577248,0.1751942731007823,0.0,0.0,1.795841092,0.3494426846112696,-0.8551894490652815,0.1129662524632864,-1.7129257215000002,0.22509907849963,-1.7339079650000002,0.0791408516960056,100,1000,100,4,0.0006615535193149,3.529749057,0.3963504733937739,1.1167190884535392,0.0518534701187697,0.0010010411212816,4.012028060123955e-07,-1.195790531235234,0.1575851448122276,1.2497234170562284,0.108160799662617,50,4,fri_c4_1000_100_regression_oz101.csv,0
2.137773794939544,0.0,0.9895875212220556,36.17909588360217,1.700372575,0.2108984803887369,0.0,0.0,2.3903558,1.0173149184880756,-0.8846428469,0.0912537207464258,-1.7766429,0.1722220092132051,-1.7766429,0.1722220092132051,10,1000,10,3,77.1565262757742,4.166998699999999,1.049556935771688,1.1425745964704097,0.0634527412263703,0.001001001001001,0.0,-1.228700178,0.0812759153635818,1.309100333831746,0.1495791613401756,50,4,fri_c4_1000_10_binclass_binaryClass.csv,0
2.137773794939544,0.0,9.965784284662083,4.664843589487965,1.7003724281875,0.2108987031393694,0.0,0.0,2.3903556800000003,1.0173148769147575,-0.8846428543793701,0.0912537802872251,-1.7766429199999998,0.1722221671597075,-1.7766429199999998,0.1722221671597075,10,1000,10,3,0.0006618744946305,4.1669986,1.0495569023130489,1.1425745989064495,0.0634528213657929,0.001001001001001,0.0,-1.228700178494483,0.0812759812747459,1.3091003485515853,0.1495793460917705,50,4,fri_c4_1000_10_regression_oz11.csv,0
2.137773794939544,0.0,0.9936167534536142,87.35724710312356,1.75659351,0.1593648795395118,0.0,0.0,1.94279536,0.5740421663173563,-0.8897193708800001,0.0814668802682126,-1.7768644800000002,0.1499360788433747,-1.7768644800000002,0.1499360788433747,25,1000,25,3,186.94976333280405,3.71965984,0.6250127940066293,1.1371294737253164,0.0589058356844202,0.001001001001001,0.0,-1.2347585601333335,0.0819288323051256,1.2963945415933882,0.1418195969794507,50,4,fri_c4_1000_25_binclass_binaryClass.csv,0
2.137773794939544,0.0,9.965784284662083,4.664843589487965,1.7565933943741998,0.1593649240297178,0.0,0.0,1.942795388,0.5740421534038357,-0.8897193046530312,0.0814668740861801,-1.7768643480000004,0.1499360782387535,-1.7768643480000004,0.1499360782387535,25,1000,25,3,0.0006618744946304,3.719659736000001,0.6250128351698027,1.1371294117774535,0.0589058390737892,0.001001001001001,0.0,-1.234758486499372,0.0819288240120523,1.2963944010912452,0.1418195961131808,50,4,fri_c4_1000_25_regression_oz26.csv,0
2.1153971253300683,0.0901624856643317,0.9895875212220556,121.11170029163851,1.689416705,0.2807807243887926,0.0,0.0,1.87289472,0.5563959441125168,-0.84643914556,0.142975923185027,-1.6978753800000002,0.2804254080876009,-1.7531309800000003,0.1117761941564554,50,1000,50,5,257.89508218978426,3.6260257,0.6097169422425143,1.1118755827417106,0.0909381306815255,0.0010012417226846,9.624772567440284e-07,-1.1830305189,0.1795250859481841,1.2443716602368318,0.1926367756210036,50,4,fri_c4_1000_50_binclass_binaryClass.csv,0
2.137773794939544,4.485978453382215e-16,9.965784284662083,4.664843589487965,1.7446722108911,0.131617469101448,0.0,0.0,1.872894744,0.5563959784347593,-0.8740669039490896,0.0559463204334896,-1.7531308959999998,0.1117762211428581,-1.7531308959999998,0.1117762211428581,50,1000,50,3,0.0006618744946307,3.62602564,0.6097170423198336,1.128748127160162,0.052456168600056,0.001001001001001,0.0,-1.2180195942236165,0.0560714523999101,1.2767689511992868,0.1305664129376491,50,4,fri_c4_1000_50_regression_oz51.csv,0
2.76437020849966,0.08785606914553,11.106102993951886,10.087708442012069,128.395725,171.4821992408854,0.0,0.0,9214.3000125,13521.715057878146,511.3687208539244,780.2148941650845,391.0875125,607.1310327777579,-9.5387625,47.60120058473728,8,20640,8,6,1.51088619512306,9223.838775,13510.426026202093,387.0778167483168,575.8429852264219,0.0029202325809923,0.0065857440643446,413.2061361625888,637.1663792409654,439974.9868988109,907875.5841768262,50,4,houses_regression_median_house_value.csv,0
2.475676433291034,0.4809451348396192,9.083154612142412,16.637784794937822,80.30852464843751,320.98441662672434,0.0,0.0,173983.67761639378,695931.2859690062,238.83991901711428,954.2797753636648,6.66294643125,25.69224059321865,0.2811676375,0.9942045402397046,16,22784,16,15,3.534742991595976,173983.39644875628,695930.294280374,1970.97001471414,7883.548364936871,0.000132795798189,0.0001345091539244,26.36323465772153,104.43169171189736,62150661.6948074,248602646.72934288,50,4,house_16H_regression_price.csv,0
2.508616959454776,0.424826309158754,9.083154612142412,15.912367921233203,49.968154121875,141.03026201932494,0.0,0.0,152177.598636525,430416.86801723577,184.5560606625055,518.9453675900958,11.90625,30.81451927605371,0.1641972375,0.3475035486107812,8,22784,8,7,3.394732638254016,152177.43443928752,430416.5303020621,1561.110143245617,4414.987587996752,0.0001861901347705,0.0001871658981378,23.01792115286717,62.14334606892267,19492665.85623905,55133584.66814543,50,4,house_8L_regression_price.csv,0
2.251943820075678,0.5458276154438403,4.70043827987653,24.36174132408156,0.5617374392220421,0.4030403259309776,0.0,0.0,0.980072609400324,0.1049687154004603,0.3105973192947709,0.5921154467200339,0.5560385737439222,0.7787043656575109,-0.9181442463533226,0.129966751005802,617,7797,617,454,10.671522856904486,1.8982168557536467,0.1578244741809307,0.4285616454777436,0.1614636383521934,0.00497738275808,0.040630701820616,0.4003830044444937,0.6794795733411261,0.2096933368272907,0.146657560476471,50,4,isolet_multiclass_class.csv,0
2.598649558779622,0.0679589987373435,3.132069248447984,18.633726188059725,1.2059488571428572,2.857788422089707,0.0,0.0,8.927569,23.98383342626504,1.5114657174839012,4.4194494366565165,0.9171983571428572,3.274684553852774,-0.4903897142857142,0.7124935634936725,14,9961,14,13,14.460234271964522,9.417958714285714,23.436235187486133,1.430206760444889,3.600461999001757,0.0035298289130491,0.0100657943767715,1.1627980613183877,3.6107934576543,14.082866083431156,48.61202762150794,50,4,JapaneseVowels_multiclass_speaker.csv,2
2.60284407358762,0.0481345909767364,0.9997770990046064,68.04066119223833,0.8256119687500001,0.55413550365807,0.0,0.0,1.5701891250000002,0.0003330660327065,-0.2786144333953857,0.4169694302080783,-0.565028125,0.8347522087239744,-1.57001925,0.0008568583396838,8,8192,8,5,176.13871614335173,3.140208375,0.0011597980042724,0.7903247617642285,0.1458064821618923,0.0001222716976156,1.212473000838939e-07,-0.4152652447365744,0.6101497436348301,0.6432153180180574,0.237003659916499,50,4,kin8nm_binclass_binaryClass.csv,0
2.66055795807021,0.0,12.999755859374998,4.928631672492399,1.581666478653125,0.0192078536546545,0.0,0.0,1.570189175,0.0003331119406445,-0.781110035061121,0.006778645925689,-1.570019325,0.0008568856945774,-1.570019325,0.0008568856945774,8,8192,8,0,0.008704344950443,3.1402085,0.0011598439722652,1.015286036392662,0.0065642138581864,0.0001220852154804,0.0,-1.0933971821324662,0.008200902492143,1.0308434384845504,0.0133373818279798,50,4,kin8nm_regression_y.csv,0
1.9776441119956845,0.2100857399023101,4.699810726573159,22.072798085330803,0.5,0.7302967433402214,0.0,0.0,14.9375,0.25,5.89274375,1.9457754038664552,5.875,2.187083293643233,0.1875,0.4031128874149275,16,20000,16,16,8.288063223889187,14.75,0.5773502691896257,1.6779634015951057,0.3668953792408466,0.0635320456499015,0.0025275529374339,5.847645833333333,2.1002527011758123,2.9417601326941343,1.3090752651175397,50,4,letter_multiclass_class.csv,2
1.5712126938398816,0.5126297455369457,0.1593164203699976,14.433962225986296,0.1822927825,0.2698376084138572,0.0,0.0,13.755867699999998,10.917627202270523,-0.3396387160851097,0.1152301472419315,-0.6715638566666667,0.2264665607959779,-0.6715638566666667,0.2264665607959779,6,11183,6,6,141.35082999734456,14.427431556666669,10.904707811448636,0.7852326876797812,0.0583508823233225,0.0020786443790125,0.0027774212692811,-0.607147735244247,0.1890037306292266,0.6194277283574045,0.0913761702753354,50,4,mammography_binclass_class.csv,0
2.446316526197548,0.7951715893428073,2.331572915249456,8.356422387335837,1975.1348549729728,14470.15375235757,0.0,0.0,39403.57391756758,237459.56014667,12513.869535550812,75542.010802624,11479.52158558108,69642.7246993105,-140.25464163513516,1138.8295620834028,74,45164,74,57,7.767666690723967,39543.8285592027,237187.0994323194,5832.0877900199,35105.13194987993,0.0151847190693425,0.0298595391073424,11802.68058077558,71450.16122921999,1249729884.6519732,7554121942.18006,50,4,meta_stream_intervals.arff_multiclass_class.csv,2
2.079624413867234,0.1268645252443616,3.321928094887362,12.357661145907702,19.74189814814815,26.01062379747483,0.0,0.0,468.09722222222223,474.73764092725816,314.32358564814814,346.8990750626696,310.3888888888889,347.87170405283064,191.89814814814807,241.4289221731128,216,2000,216,213,6.736258306397689,276.1990740740741,257.22713191747,37.57862215910418,35.278572521876285,0.0194936952050558,0.0192104059765345,312.0838001543209,348.01040830460414,2650.968588858086,3301.395005218471,50,4,mfeat-factors_multiclass_class.csv,0
2.1901684460901545,0.1009905525607436,3.321928094887362,24.85056329947292,0.0667923243421052,0.0550569251015034,0.0,0.0,0.3714782134210526,0.1441896537078073,0.1166277949617763,0.0760702977035869,0.1012779675,0.1023425411717675,0.0046422959210526,0.004046598504387,76,2000,76,70,15.384135373019598,0.3668359174999999,0.1416622952124214,0.061613454200295,0.0314024424458639,0.00050164901971,1.239422772906395e-06,0.1091001980117324,0.0853546324186244,0.0047693559538528,0.005404118073942,50,4,mfeat-fourier_multiclass_class.csv,0
2.1871446407211463,0.0984322324282083,3.321928094887362,27.36647486079633,2.937724159882812,2.876385182702252,0.0,0.0,6.66809562953125,3.877832940036994,-0.5985918807964064,1.996436820612072,-1.241557843125,3.86505558283574,-6.53049647421875,3.3980301993079443,64,2000,64,46,17.01798146062827,13.198592103750002,7.029361600012306,2.2720846737769183,1.4850235612902036,0.0005015347431421,1.0500143535411871e-06,-0.7149820353608072,2.5400091329841787,7.333206008374207,10.590735180267805,50,4,mfeat-karhunen_multiclass_class.csv,0
1.7055350987726392,0.5474761517670838,3.321928094887362,5.910438471635454,429.76716312708345,1041.7483137073789,0.0,0.0,2969.1471062866663,7154.589120020946,767.4516411912791,1808.456227057252,473.652401885,1095.8298902286388,259.2328219066667,580.0366593643803,6,2000,6,5,2.034520909114435,2709.91428438,6575.936190358948,542.5785046301919,1317.211772467835,0.1306456111618698,0.1487499722463349,563.0053584637959,1312.2527076339134,1740263.8116266152,4262522.455628596,50,4,mfeat-morphological_multiclass_class.csv,0
2.1943610059497543,0.1048803673293884,3.321928094887362,18.469937137567303,41.26112927106383,48.719428034106016,0.0,0.0,216.8509679048936,202.36850787526728,68.55352927966777,90.2229795333744,48.72648479404255,82.42967048355838,16.057546043404255,54.19020598426442,47,2000,47,46,11.20065837650082,200.7934218614893,178.5107256080339,37.111057025652016,35.37294660586731,0.0005017658984357,1.4646523074301623e-06,59.154057410342375,86.55996075065408,2601.853663619724,3805.425750921639,50,4,mfeat-zernike_multiclass_class.csv,0
0.6192155907478001,0.7337133109850155,3.319837025403414,87.9722200854892,12.230548469387756,33.2207777053203,0.0,0.0,216.78061224489795,84.99180536943979,16.68384262026239,21.28367088843595,0.0,0.0,0.0,0.0,784,70000,784,666,15.408567593167389,216.78061224489795,84.99180536943979,39.26397579140159,37.11312975174329,0.135125259982153,0.3049377947590712,2.3465116618075803,5.865999276445542,2917.2873270603977,3590.7960151148645,50,4,mnist_784_multiclass_class.csv,3
2.0650229461905454,0.639783032207633,9.072489733617438,13.402525348728778,0.0799144752475247,0.0926792283979751,0.0,0.0,0.9568645891089108,0.0816742681689881,0.2262202917198798,0.2247507568541239,0.1868471633663366,0.2487880921843815,0.0061634950495049,0.0348442682909087,202,4450,202,197,2.0505983687666323,0.9507010940594056,0.0864385458304893,0.0958329046099887,0.047879319911023,0.0195779660569637,0.0579395718554508,0.2059048574609708,0.2362799186674062,0.0114650262213513,0.0123684067156894,50,4,mtp_regression_oz203.csv,0
1.2259096068189423,0.7947373354367061,3.3218327248667654,29.74581181525211,2.953125,3.2043110221987074,0.0,0.0,13.25,5.222053357621049,4.451921152135231,5.258613076359954,4.0,6.982972487551756,0.0,0.0,64,5620,64,53,9.977577586604262,13.25,5.222053357621049,3.243273789063678,2.173367152048549,0.1285850763803717,0.1899964382894793,4.1557819913997625,6.377664642294465,15.16854457378103,13.21632415614694,50,4,optdigits_multiclass_class.csv,0
2.330085917410352,0.1649505501619356,0.6354628258660036,10.157722988933571,59.1145,83.6065410987681,0.0,0.0,22225.7,45604.22075507681,138.7605032523296,229.5054622056434,20.1,35.37560364620416,2.5133,3.124102361745957,10,5473,10,9,36.24587234070608,22223.1867,45601.85151740898,649.6296320068684,1288.2560944585314,0.0035377620566318,0.0068884185867016,33.55495933028919,52.26451155190547,1915662.047199973,5230056.004162755,50,4,page-blocks_multiclass_class.csv,0
2.187608121879125,0.3031765062023842,3.320771738890595,11.851527708877931,34.125,15.772866997896523,0.0,0.0,100.0,0.0,47.207923944687046,32.46781403553617,43.75,51.234753829798,0.0,0.0,16,10992,16,9,6.807371391711009,100.0,0.0,28.48820894475297,6.519504497945614,0.009919870632579,0.0003424633873195,45.52138606731352,42.69699512957524,851.4254915974655,342.30750172572976,50,4,pendigits_multiclass_class.csv,2
2.3238146162451674,0.0946157583648504,11.876629050506004,5.175963668616535,6.641725,4.357184522573034,0.0,0.0,23.156575,4.956330514520463,-3.339514604989605,2.049385478763864,-6.72965,4.140187303733975,-22.829325,6.763090640811591,4,3848,4,4,0.0127435971213236,45.9859,11.681219160972311,6.180087976385622,2.4040535251064923,0.0002617063789809,9.298413992497016e-07,-5.06894698051948,2.9270568853228007,42.52809240954885,32.05685163897542,50,4,pollen_regression_DENSITY.csv,0
0.4425840395641451,0.6430493683394124,0.9210049486251756,124.7772200051073,0.2708333333333333,1.3166621779257357,0.0,0.0,70.47916666666667,67.4107730462649,18.06301805555556,35.86985580410162,16.708333333333332,35.657327934955994,15.4375,34.644643594461094,48,15000,48,26,58.96103078260365,55.04166666666666,57.95080758100598,4.839224341630741,6.246274070420714,0.4660186867623255,0.4964085927563204,16.761680555555557,35.71089312346673,61.62119991304976,116.18851064752091,50,4,pol_binclass_binaryClass.csv,3
0.4425840395641451,0.6430493683394124,1.8914102162679105,146.11981364380682,0.2708333333333333,1.3166621779257357,0.0,0.0,70.47916666666667,67.4107730462649,18.06301805555556,35.86985580410162,16.708333333333332,35.657327934955994,15.4375,34.644643594461094,48,15000,48,26,33.1915766482652,55.04166666666666,57.95080758100598,4.839224341630741,6.246274070420714,0.4660186867623255,0.4964085927563204,16.761680555555557,35.71089312346673,61.62119991304976,116.18851064752091,50,4,pol_regression_foo.csv,0
2.5877811465291027,0.0636230462482642,0.9999559719934968,510.2279745820327,12.6593289765625,27.38697262194352,0.0,0.0,13.769215125,26.759741820596883,-5.639682976917268,13.93636916837565,-11.932686781250002,27.58347672204032,-12.480521125,27.350298716828693,32,8192,32,10,1319.4164683599704,26.24973625,54.095291764407165,8.32791961233054,17.5541753010506,0.0001222344147035,1.4064757096862961e-07,-8.183630807490848,19.3758373427766,367.873657116329,866.4362592143577,50,4,puma32H_binclass_binaryClass.csv,0
2.5877811465291027,0.0636230462482642,12.91753553771708,5.149470021762246,12.6593289765625,27.38697262194352,0.0,0.0,13.769215125,26.759741820596883,-5.639682976917268,13.93636916837565,-11.932686781250002,27.58347672204032,-12.480521125,27.350298716828693,32,8192,32,10,0.031597815080461,26.24973625,54.095291764407165,8.32791961233054,17.5541753010506,0.0001222344147035,1.4064757096862961e-07,-8.183630807490848,19.3758373427766,367.873657116329,866.4362592143577,50,4,puma32H_regression_thetadd6.csv,0
2.6038984829071974,0.0223611864190341,0.9999860693604422,62.8213990834336,1.1038296875,0.6750688545285948,0.0,0.0,1.562650875,0.5943588518004536,-0.5417923266296387,0.3304081975769846,-1.091995,0.6651317770225257,-1.563152,0.5945771783991907,8,8192,8,2,162.5828245808274,3.125802875,1.1889354687499036,0.862943513711682,0.3633503031122823,0.0001223388940956,1.3455681775672733e-07,-0.8009064471369,0.4697142704103021,0.8601920202823778,0.5305610834041201,50,4,puma8NH_binclass_binaryClass.csv,0
2.6038984829071974,0.0223611864190341,12.999999999999996,5.036453998621095,1.1038296875,0.6750688545285948,0.0,0.0,1.562650875,0.5943588518004536,-0.5417923266296387,0.3304081975769846,-1.091995,0.6651317770225257,-1.563152,0.5945771783991907,8,8192,8,2,0.0088011481724124,3.125802875,1.1889354687499036,0.862943513711682,0.3633503031122823,0.0001223388940956,1.3455681775672733e-07,-0.8009064471369,0.4697142704103021,0.8601920202823778,0.5305610834041201,50,4,puma8NH_regression_thetadd3.csv,0
2.194865790310886,0.0084336887862865,0.9912232530606148,552.3551340471113,43.48333333333333,6.501324063860631,0.0,0.0,304.71666666666664,308.45314203835454,44.55460514233241,20.927885877147016,42.96333333333333,39.94561594635053,-82.14999999999999,90.99630267214158,3,2178,3,2,1222.0800519249435,386.8666666666666,256.73963257224887,67.44086336280135,32.572303103600184,0.0016347376272077,0.0019052099392893,44.811857798165136,37.63218870950177,5255.573337435243,3797.8338121740585,50,4,quake_binclass_binaryClass.csv,1
2.194865790310886,0.0084336887862865,2.5898923943940564,133.30335085719338,43.48333333333333,6.501324063860631,0.0,0.0,304.71666666666664,308.45314203835454,44.55460514233241,20.927885877147016,42.96333333333333,39.94561594635053,-82.14999999999999,90.99630267214158,3,2178,3,2,111.97108913234104,386.8666666666666,256.73963257224887,67.44086336280135,32.572303103600184,0.0016347376272077,0.0019052099392893,44.811857798165136,37.63218870950177,5255.573337435243,3797.8338121740585,50,4,quake_regression_col_4.csv,0
2.194865790310886,0.0084336887862865,2.5898923943940564,133.30335085719338,43.48333333333333,6.501324063860631,0.0,0.0,304.71666666666664,308.45314203835454,44.55460514233241,20.927885877147016,42.96333333333333,39.94561594635053,-82.14999999999999,90.99630267214158,3,2178,3,2,111.97108913234104,386.8666666666666,256.73963257224887,67.44086336280135,32.572303103600184,0.0016347376272077,0.0019052099392893,44.811857798165136,37.63218870950177,5255.573337435243,3797.8338121740585,50,4,quake_regression_richter.csv,0
2.313770933825583,0.0573717270651772,2.4832958827266416,6.331380931346253,3.9583333333333335,3.1586050266352887,0.0,0.0,132.75,19.428072472584613,83.12143658810326,12.190618820734404,82.80555555555556,13.905434589077434,37.638888888888886,9.514358405747382,36,6435,36,36,4.899162186763508,95.11111111111111,22.00101007782244,12.793621186113988,2.445684369296689,0.0139792864722334,0.0037502186061808,82.99358254913811,13.402952674439206,169.491965864834,63.896533880046086,50,4,satellite_image_regression_class.csv,0
2.313372329149244,0.0603615307062225,2.4833618760456604,6.236168402769004,0.1883087916666666,0.1283306708289941,0.0,0.0,2.7203745,0.6630328289105407,-0.0118919400380162,0.1158242654610496,-0.0261549999999999,0.2318433100409473,-2.510319027777778,0.2464008383294512,36,6430,36,36,4.809294071089057,5.2306935277777775,0.7584231344065879,0.7156078877288143,0.0147020776826771,0.0140362977259802,0.0037674255897343,-0.0184562845170209,0.1941068250404994,0.5123047958709886,0.0206638133968988,50,4,satimage_multiclass_class.csv,0
2.232853364120114,0.2492859427631175,0.6780187068738636,56.523822576594426,0.4939173645484949,0.3291241673552569,0.0,0.0,0.9984225886287624,0.0135946409289809,0.4112120102251931,0.2800173763149889,0.5158396856187291,0.4999649483813721,0.0002467725752508,0.0027880953678665,299,2407,299,125,185.14443246704832,0.9981758160535116,0.013849426036478,0.2854692858878707,0.1270250049831912,0.0087933007344147,0.0641385782931777,0.4124400498038444,0.3282921717318232,0.0975741006887153,0.0723706275001377,50,4,scene_binclass_Urban.csv,0
1.8879834703425569,0.7809056643293296,2.807354922057604,7.681524201212779,10.194842815789476,10.560962777014565,0.0,0.0,187.70185021052632,338.4048470462896,17.93753601740816,34.80763917255332,11.389768368421052,32.62579302161526,-3.963913158731295,14.295652112352204,19,2310,19,17,4.165927045767555,191.6657633692576,336.1366577835898,20.031239118407893,18.34526047099021,0.0894063291222094,0.2438189630501162,13.349929855597328,33.021446886790415,720.0860391173909,856.174705615994,50,4,segment_multiclass_class.csv,0
2.256164858562579,0.1365565308272279,0.9999532967890264,51.8270450904147,5547638.425579417,13588880.699489867,0.0,0.0,-11394730.701959834,27911306.246160403,-17985385.737090837,44055035.641551815,-20659487.73302184,50605219.7546787,-20659489.566766668,50605218.85633085,6,3107,6,5,115.93581913436329,9264758.864806833,22693912.61017126,3004202.7568885856,7358761.358238995,0.0003329672629442,1.2340722695090307e-05,-18578165.54157081,45507043.036319815,54151374810756.5,132643237156552.48,50,4,space_ga_binclass_binaryClass.csv,0
0.6047158559206398,0.5722208094717215,0.9673602371807668,29.737221381102685,1.823052631578948,11.633457065754438,0.0,0.0,325.7198947368421,2102.756616685257,3.1675802514327547,19.54199638106887,0.1228070175438596,0.6832217648391148,0.0526315789473684,0.2252817784447915,57,4601,57,57,17.589320285256594,325.66726315789475,2102.611951097275,11.200926313576208,66.88160213913531,0.0088476533526871,0.0077922360363863,0.6020576005388335,3.715735372854482,4520.133161914882,32824.930984227845,50,4,spambase_binclass_class.csv,0
2.075112215216127,0.9366542764233516,9.71919635486444,15.366169469868126,0.0420031766917293,0.0486610838952363,0.0,0.0,0.9084264962406016,0.2103972525387773,0.179900179741983,0.2174215511245392,0.1590722969924812,0.2287219113141343,0.0047478684210526,0.0179671357438859,266,8885,266,259,2.280778040053211,0.9036786278195488,0.2094971373513806,0.0629163795886274,0.035177815590245,0.0400029682021387,0.1668846563206657,0.1680590452700406,0.2236451181351851,0.0051912973546411,0.0047285670107389,50,4,topo_2_1_regression_oz267.csv,0
1.994406088721874,0.984987846749178,5.161428470284308,11.22303046330725,10.84775,20.33084171867953,0.0,0.0,40.456500000000005,76.67858733483989,8.058488618215486,14.000485365186185,2.643,3.3005109705417834,0.22055,0.4463037941432569,4,8641,4,2,3.336644481038039,40.23595,76.23236163736502,7.956240075841029,14.696362684909111,0.1251072129167068,0.2498899446392913,5.70520262295082,9.27139579831261,225.2890632692106,449.59813574563066,50,4,visualizing_soil_regression_track.csv,0
2.436225758898264,0.0796031674870143,1.5848792049207137,26.495988419352067,0.4381875,0.4074526036224556,0.0,0.0,4.97375,1.938867879419883,0.8247555500000001,1.127845777821981,0.74875,1.1726152832724392,-3.0585,0.664659349804132,40,5000,40,40,39.72878822201773,8.03225,1.5551230267104683,0.9416304295081606,0.2945746763208908,0.0016600296510723,0.0003301549908195,0.7731729166666665,1.145212437381074,0.9712727497070416,0.6309742005957697,50,4,waveform-5000_multiclass_class.csv,0
2.447507245970241,0.099855567396422,9.220620127247296,12.737108641217787,2.0307142857142857,2.2120942540974577,0.0,0.0,33.142857142857146,14.311057816394142,13.075973749402406,16.623149521863418,11.942857142857145,17.13142386132815,4.752857142857144,16.198950786807355,14,6574,14,14,2.3809185566564905,28.39,7.014719688461708,3.787170767445577,1.190977144483034,0.0136290186299259,0.0255097189917367,12.317495112591413,16.956358015757836,15.659772797712352,12.40718112330967,50,4,wind_regression_MAL.csv,0
2.4218926506861744,0.0802674179173058,1.8376039948582683,59.534923715005256,0.4721636363636365,0.9100321612698392,0.0,0.0,72.68824454545454,148.4796411083076,15.936408986292038,35.382004224558585,15.869599999999998,36.20287179769031,2.139646363636364,2.734006491880635,11,6497,11,11,77.46478055553759,70.54859818181819,147.543864419799,5.358681423001323,12.0783574443194,0.0074125477238172,0.0036197461102955,15.871716234310272,36.074950849639485,161.33975618662478,478.0951269069483,50,4,wine_quality_regression_quality.csv,0
2.0455748470882127,0.5555071539637007,0.1066848655670195,45.31948871739207,0.0787421810344827,0.1136455905449308,0.0,0.0,0.4783797155172414,0.2092216656121614,-0.0082668055904298,0.1408350935527376,-0.053002474137931,0.1850156772108767,-0.3173412413793103,0.1659187587418258,116,2417,116,107,867.9555515721984,0.7957209568965516,0.1512431019448572,0.1164999426811267,0.0876003823344405,0.0563800571209566,0.1582127754904077,-0.0303706636445733,0.1549565996662596,0.0211799099489396,0.0376714158415546,50,4,yeast_ml8_binclass_class14.csv,0
1.4239135631998037,0.9193364555128436,2.490417636232728,28.336901948586696,0.0112499999999999,0.0223207142742853,0.0,0.0,0.9075,0.1078027298885727,0.3676196091644205,0.1908114219745532,0.355,0.1992844341996778,0.14625,0.1659550283316881,8,1484,8,8,15.201820303799414,0.76125,0.1505644143120905,0.0716298750469369,0.0267156284613155,0.1165407619726545,0.1903269364614575,0.3573178251121076,0.197945139341321,0.0057553482028124,0.0037923208424742,50,4,yeast_multiclass_class_protein_localization.csv,2
0.3105805332586686,0.580464670300921,9.71919635486444,104.0086831698148,0.0061154701195219,0.0348422786016371,0.0,0.0,0.7487228326693227,0.3742110364457626,0.0274496284175621,0.1200348054027798,0.0195470677290836,0.1194686477007896,0.0040981274900398,0.0554696965456967,251,8885,251,208,2.3236361426369743,0.7446247051792829,0.3755609572898023,0.0349730044550852,0.0305602535606623,0.3677628117730271,0.3109616419209928,0.0210885344392454,0.1199535008533911,0.0021533193052488,0.00550747759329,50,4,yprop_4_1_regression_oz252.csv,0
1.5225948631248698,0.184466747803142,0.9999977500599352,27.80281516322673,2.0,0.0,1.33434,0.4688392858965639,1.0,0.0,0.0322213500784929,0.0369180716475592,0.1,0.3162277660168379,-1.0,0.0,10,40768,10,0,41.332518793569335,2.0,0.0,0.8365257258629475,0.0583981949901109,0.3499840557313513,0.0527059204952308,0.0536996157305208,0.0615271010108616,0.702844604290824,0.1054786354719366,5,5,2dplanes_binclass_binaryClass.csv,0
1.522693878873591,0.1845217425104029,15.29547077834474,10.300881826861326,2.0,0.0,1.33434,0.4688392858965639,1.0,0.0,0.0164148351648351,0.0434379704428568,0.1,0.3162277660168379,-1.0,0.0,10,40768,10,0,0.0254728299679953,2.0,0.0,0.8336346720298786,0.0596821415552762,0.3499840557313513,0.0527059204952308,0.0273567165399394,0.0723930659395955,0.698152528628925,0.1075169438725918,5,5,2dplanes_regression_y.csv,0
3.255647422953301,1.347296777437014,0.9999906975135884,5.112584445000639,0.4136111111111111,0.3903291702026779,0.1409293666666666,0.171994158682984,1.117611111111111,0.6978250039308646,0.3610316548293565,0.2017299851789637,0.2911111111111111,0.2545835788323966,0.015,0.0287934454346818,9,4177,9,7,15.644927212206682,1.1026111111111112,0.7064225354638052,0.2361396920168655,0.1826197897308317,0.1153223026387241,0.2181138037291723,0.3256675752337898,0.211596400487612,0.0854063875692274,0.1040379032132989,5,5,abalone_binclass_binaryClass.csv,5
2.555252868452002,1.7525792607508337,0.9832048570341376,11.59823914084347,9.164025,49.66552494720468,6.7087094025,36.49561157755394,28.497450000000004,154.69297367050348,-0.8484613636363637,3.113571734553564,-1.0802875,4.209725583186769,-29.3243,154.4628781544415,40,13750,40,39,29.14268452968349,57.82175000000001,309.11490682233693,7.414308424477494,40.22260639878902,0.069019249589941,0.0903033729106374,-0.9634938515151514,3.573144333258687,1632.3835832873838,10202.162727755467,5,5,ailerons_binclass_binaryClass.csv,0
2.551858050165806,1.749211860764626,3.828958233704801,23.56154406021226,9.1204625,49.545813127125534,6.690158370000001,36.37903875444272,28.497450000000004,154.69297368260354,-0.8476458636363636,3.1134949524223963,-1.080275,4.209728933276662,-29.32425,154.46288788851183,40,13750,40,39,14.702891547660704,57.82170000000001,309.1149164179262,7.4025202295612065,40.16201498096154,0.0708989051380269,0.0930155776901322,-0.974087387878788,3.620996400560746,1627.460066896767,10171.455486743054,5,5,Ailerons_regression_goal.csv,5
1.0452104619831473,1.2982401046288472,0.794432350758128,8.200488403064837,2.571428571428572,5.94017796751194,1.6944,4.482961021467842,286.2857142857143,750.3947215267696,281.9842758426174,745.4953786513065,282.1428571428572,746.0389687255906,279.0,738.1646157870208,7,4052,7,4,9.789132975356926,7.285714285714286,12.776466461353673,1.7184136180944285,3.4861928188318223,0.375242640461105,0.213872086143419,281.9942434210526,745.7321976804873,13.370265680059154,34.879599350719694,5,5,analcatdata_supreme_binclass_binaryClass.csv,0
1.0448761960108588,1.2979549693446557,1.825202079049472,9.22673121243555,2.4642857142857144,5.657643376126545,1.6944,4.482961021467842,286.2857142857143,750.3947215267696,281.9766252996756,745.4760078789193,282.1428571428572,746.0389687255906,279.0,738.1646157870208,7,4052,7,4,4.282040778676434,7.285714285714286,12.776466461353673,1.7216819666275456,3.49912127043014,0.375242640461105,0.213872086143419,281.9877232142857,745.7153095726314,13.458917078647607,35.120101668643926,5,5,analcatdata_supreme_regression_Log_exposure.csv,0
4.076461712601368,0.6096916839830915,10.767172197728645,3.397959483251593,1.359073265625,0.8877866906475218,0.9115202712,0.5171070318384636,6.1307859375,8.34224681388093,1.1467567460212709,1.6803346863391249,1.00434303125,1.641034354151619,-0.0302712499999999,1.2758539159494762,32,8192,32,9,0.2864707167372955,6.1610571875,8.09086966592898,0.9740998306871906,0.7938671889466467,0.0196358555176657,0.0535084053127485,1.0039720532254377,1.5814360735186832,1.559401059028175,2.727748926647044,5,5,bank32nh_regression_rej.csv,0
4.0007902627162055,0.8118177607288164,0.9730662661337472,14.649074716955122,1.3852449999999998,1.302234304019428,0.9253454235375,0.798050639861717,8.796524875000001,13.150188094810664,1.6156016416320802,2.390348501021053,1.4285784375,2.414699847663893,0.380009125,1.883986344468667,8,8192,8,2,59.230096885653005,8.41651575,13.151147288496574,1.0841351522076677,1.2535691704903882,0.0312444955768738,0.088353574364108,1.4326640717300652,2.311900323318228,2.5503552353058074,4.214471112686605,5,5,bank8FM_binclass_binaryClass.csv,0
3.997506974479103,0.8105673382115074,12.86331256724435,3.3186823762995,1.38726740625,1.3063459765995933,0.9261317575125,0.8002985310454566,8.796518500000001,13.150192691463694,1.6162669074401854,2.391144014917098,1.4269764375,2.414273777058796,0.380009125,1.883986344468667,8,8192,8,2,0.0313405567956395,8.416509375,13.151151397291429,1.0862069583531095,1.2574520842090766,0.0312444976408283,0.0883535735301344,1.4328486292463387,2.312920163814499,2.5633830824462467,4.238360642080405,5,5,bank8FM_regression_rej.csv,0
2.4551542648092948,0.8339273644212105,0.928691959084338,2.2230080944335104,2.784702916666667,1.4725144805272186,0.4658655372,0.9740351259000782,12.304476666666666,1.2844623417684342,3.034831773504491,0.704031446276292,1.6666666666666667,1.118033988749895,0.771111,0.3702142659460869,9,39366,9,9,4.87689787810295,11.533365666666668,1.3686863257108073,2.715151891413554,0.5584145770903598,8.565389204811585e-05,9.388083329543766e-05,2.099872117762725,0.7894712118514928,7.649229206697273,2.908952709390124,5,5,BNG(breast-w)_binclass_Class.csv,0
1.322518402629504,1.1823109260440372,0.3261016552819349,135.84284788360603,1.5058823529411764,2.8057064699498064,0.8546752941176471,1.4355480841415071,7.2,4.6208636587093705,1.7443122881406687,3.08419682291891,1.7058823529411764,3.728345507606509,0.0705882352941176,0.2576558841203685,85,9822,85,72,549.9161431160074,7.129411764705883,4.529764619381762,1.1391341720842267,1.5103878071521368,0.172530132509169,0.1083140825854134,1.6825924669155072,3.2761292842593264,3.5520595037921634,17.475142941329608,5,5,coil2000_regression_CARAVAN.csv,0
3.5097982065917805,0.9832121284100056,0.8841664897438647,5.772476153808555,48601.304761904765,158692.1343202606,31388.768472,105500.09396770474,315095.0719047619,793003.1625668494,73594.58017194475,275910.79084928153,60916.25333333333,244086.15077230195,93.15238095238097,328.1813029699401,21,8192,21,20,21.914492561350407,315001.9195238095,792827.2070745672,42036.70168329142,120734.556941845,0.0016254832716743,0.0016752961923769,70719.84156253633,284089.91332945746,15649782612.165854,56050090486.10445,5,5,cpu_act_binclass_binaryClass.csv,0
3.5094528478229554,0.986561830772592,4.974974983530833,11.393104555987003,48584.95380952381,158613.92812857137,30392.151691,101266.86412533908,301980.1195238095,769126.4046900423,73630.73206763859,276024.666447802,60903.71166666667,244125.50943390385,93.15238095238097,328.1813029699401,21,8192,21,20,7.036937544794687,301886.96714285715,768970.1258569018,42030.89022490506,120611.7243593401,0.0016157299379325,0.0016573887101548,70692.71902747104,284045.65507474734,15621060545.41558,55851911531.73528,5,5,cpu_act_regression_usr.csv,0
3.9740054298815424,0.4644166572960513,0.8841664897438647,5.432234079305956,85254.24583333333,206005.8002955173,52027.139745,127546.71871489524,551006.3066666666,1000852.5275634186,128724.48618733724,360859.0479441423,106526.85833333334,320645.0887044951,163.0,428.2582058864616,12,8192,12,11,23.415908064784503,550843.3066666666,1000640.9541783524,73799.15765637897,155146.89836133496,0.001886781439316,0.0019626870696609,123539.34263069568,372719.7251243043,27510995736.004948,73244556855.79134,5,5,cpu_small_binclass_binaryClass.csv,0
3.978389764698565,0.4690941198602042,4.974974983530833,10.23714589000083,84848.18333333333,205633.7179548199,52536.536395,128149.62989612018,551006.3066666666,1000852.5275634186,128718.93670969644,361408.7117952788,106531.23333333334,320832.77072195424,163.0,428.2582058864616,12,8192,12,11,7.186444467224298,550843.3066666666,1000640.9541783524,73608.35583859352,154606.5711009303,0.0018895674008038,0.0019708724768829,123571.9154870152,373186.5047292431,27329449224.5491,72780097493.53714,5,5,cpu_small_regression_usr.csv,0
4.113921901315552,0.1603971251700476,0.9972877951195076,4.94731680669572,0.00793,0.0082389016258236,0.0059392956,0.0063780549061948,0.024264,0.0210291102997725,0.0030689072801234,0.0044514159600794,0.003958,0.0043963416609722,-0.0172,0.0196912417079269,5,7129,5,5,19.40822625466213,0.041464,0.0375618354184137,0.0057731488564845,0.0059519047486581,0.0097256930610229,0.0075971868475172,0.0030664659967282,0.0042910545416495,6.16693838288088e-05,0.0001012455315678,5,5,delta_ailerons_binclass_binaryClass.csv,0
3.316918620680203,1.3141709114595992,0.9999776283308132,8.499725079751604,6.204616666666667,11.983796154877911,3.33925998,5.972246364642072,17.6479,35.94388096213318,-2.090227689047669,4.920671232903102,-1.88325,4.010242308763898,-19.30078333333333,39.97592435206054,6,9517,6,6,27.193527123952645,36.948683333333335,75.91673474538842,4.976325392310858,9.91766313591039,0.0499336334253775,0.0629761043021397,-2.175016882624176,5.002383790254491,106.73051614132108,250.22905831573905,5,5,delta_elevators_binclass_binaryClass.csv,0
3.3302361508368423,1.3280216595000696,2.9682419705521728,17.226571839844084,6.221266666666668,11.985203411985408,3.33925998,5.972246364642072,17.6479,35.94388096213318,-2.107456421841617,4.959649453778572,-1.883233333333333,4.010251703654855,-19.31745,39.96663812650496,6,9517,6,6,18.32745135510789,36.96535,75.90737996884756,4.981213889573581,9.930369448798308,0.0492448565470989,0.0627735851207601,-2.1844727776804995,5.025991773131415,106.98935630503644,250.87339158425456,5,5,delta_elevators_regression_Se.csv,0
2.6119802140939923,2.055088728181484,0.9835093906057096,21.951969374132087,0.1116177692307692,0.1749320608780038,0.097626929076923,0.1845599579680733,0.999761,0.0008617267548358,0.2471703227486011,0.1865159073229874,0.1749887692307692,0.2222878665605157,3.3769230769230766e-05,0.0001217566930714,13,45312,13,11,57.29950401420948,0.9997272307692308,0.000860180712975,0.2426456100450833,0.1279321819209353,0.2325600648255095,0.2577586316768707,0.1836720887467322,0.2340620034177152,0.0739845626935825,0.0516264428458916,5,5,electricity_binclass_class.csv,0
3.2259577548243734,1.6319794020325706,4.135743621859048,31.026670670929143,22.73261666666667,84.00598411340391,16.6453973,61.22486746852332,62.346533333333326,228.51357321000845,-2.2727893577926377,5.294180596047602,-3.9913888888888898,12.269739608622451,-65.79014444444445,232.84491185542672,18,16599,18,18,23.20138625814389,128.13667777777778,461.31450758281983,17.419407735678003,63.82380426774986,0.0596647857353008,0.1019283853366083,-2.924327732601591,7.570501034535908,4150.609424224954,17424.999412538626,5,5,elevators_regression_Goal.csv,2
5.013080896878113,0.0219394187976612,13.83694419621366,3.9989780701832953,0.503725,0.0253405828443011,0.37339281,0.0189802719907013,1.0,0.0,0.4895233859890109,0.0154257535837957,0.47835,0.0171270578650015,0.0,0.0,10,40768,10,0,0.4488170427221994,1.0,0.0,0.2908289650766457,0.0077632926641557,0.000974495860065,1.1428494363856452e-19,0.4855523342326874,0.0180388156048078,0.0846357287692432,0.0045167102440265,5,5,fried_regression_Y.csv,0
3.1699075463871447,4.110147759744423e-06,9.965784284662083,3.146066857038476,1.82099043025,0.0640392954268844,1.34803355920779,0.0463452896292941,1.70087903,0.0544288065226503,-0.087731143286227,0.0086475515771259,-0.0729905065,0.0243830665115434,-1.75935681,0.0220937003741614,10,1000,10,0,0.0006980671770483,3.46023584,0.0633304355361305,1.046735196448392,0.0036216768796596,5.268426321057894e-05,0.0,-0.081563088097045,0.0164946024132215,1.0956663763729326,0.0075852050159926,5,5,fri_c0_1000_10_regression_oz11.csv,0
3.169908846129989,5.3061779413139575e-06,9.965784284662083,3.146065566170968,1.8242382987,0.040716143568295,1.3507419513159602,0.0277404809202649,1.7276850359999998,0.0300470012033075,-0.0826543489223764,0.0063993689252732,-0.08296115114,0.0349586365990708,-1.730299108,0.0411108257031113,25,1000,25,0,0.0006980668906235,3.457984144,0.0460017892369514,1.045597418892731,0.0043689472473622,5.268426321057894e-05,0.0,-0.0860174459866274,0.0126827490579566,1.0932922865871892,0.0091332844573761,5,5,fri_c0_1000_25_regression_oz26.csv,0
3.1699091060785576,5.438799374702167e-06,9.965784284662083,3.1460653079975933,1.8262821470500004,0.0382238005146551,1.3552114331336642,0.02557918695878,1.727814992,0.0433636112667453,-0.0848288603879522,0.007340916027998,-0.08096149956831,0.0387768814600087,-1.738190824,0.0355959130180129,50,1000,50,0,0.0006980668333385,3.4660058160000005,0.0483141973984634,1.046030742369261,0.0062740956261504,5.270646943321776e-05,1.5702170612442385e-07,-0.0867060627282537,0.0149267450798468,1.0942188909719948,0.0130111394319207,5,5,fri_c0_1000_50_regression_oz51.csv,0
3.1699088461299887,5.812626705187956e-06,0.9999740313334506,11.671814033797446,1.79808,0.0496949526825914,1.32455750868,0.0615825203249984,1.7430301999999998,0.0226299159013019,-0.0608388055999999,0.0564675296145035,-0.0650757,0.07143947451217,-1.7072482,0.0280141975915784,5,1000,5,0,35.99954738502719,3.4502784,0.0279805048971601,1.0337144294571183,0.0269425278408751,5.290632543696706e-05,4.965462334387898e-07,-0.0651206623333333,0.069513444945133,1.0691462415130208,0.0547493774210893,5,5,fri_c0_1000_5_binclass_binaryClass.csv,5
3.1699088461299887,5.812626705187956e-06,9.965784284662083,3.146065566170968,1.8187637795,0.0472703313194193,1.35315382868736,0.0363701649649024,1.74303016,0.0226299062101017,-0.084369357682524,0.0090199290900559,-0.0895207663,0.0209049985023405,-1.7070156399999998,0.0280591701763968,5,1000,5,0,0.0006980668906234,3.4500458000000003,0.0281907406058265,1.0422516871054497,0.0021775302191788,5.268426321057894e-05,0.0,-0.0957604327108733,0.0120699360511877,1.0862923725844402,0.0045349375299406,5,5,fri_c0_1000_5_regression_oz6.csv,0
3.169906246644301,4.681111291435604e-16,9.965784284662083,3.146068147907045,1.80451338725,0.075952868325565,1.33551349116927,0.0567835065287875,1.8082259,0.2704660937523223,-0.0904047560344129,0.0138681166955396,-0.0699172154499999,0.0231310077957167,-1.82212829,0.2229835057739944,10,1000,10,0,0.000698067463474,3.6303541900000007,0.4871215494626469,1.0530140052168733,0.0219929071817282,5.268426321057894e-05,0.0,-0.0836519043356883,0.0121373690172285,1.109273814352555,0.0474568250430375,5,5,fri_c1_1000_10_regression_oz11.csv,0
3.1699067665414384,2.59948568812618e-06,9.965784284662083,3.14606763155949,1.8182300496,0.0521513763038715,1.3446859193798522,0.0348399529594298,1.757299988,0.1329039067896781,-0.0864370336046812,0.0083028547323903,-0.09167908232,0.036215470057591,-1.7512102840000003,0.1401399558424056,25,1000,25,0,0.0006980673489036,3.508510272,0.2672313482485688,1.0483865606072265,0.0143810374701184,5.268426321057894e-05,0.0,-0.0912977262424686,0.0132554998077667,1.0993129221310176,0.0309538119400981,5,5,fri_c1_1000_25_regression_oz26.csv,0
3.169907286438576,3.56191297357594e-06,9.965784284662083,3.1460671152121056,1.8191747752,0.0498021287958108,1.3471618769916298,0.0377707449158891,1.7406372280000002,0.1104216640739673,-0.0868607563149156,0.0092710294211362,-0.08986524751,0.0323451187779816,-1.7492258120000002,0.1160390681160772,50,1000,50,0,0.0006980672343337,3.4898630399999995,0.2169650993530215,1.0474502491353872,0.0111346198553905,5.268426321057894e-05,0.0,-0.0905772960115261,0.0140120907191904,1.0972735245779226,0.0240331110981978,5,5,fri_c1_1000_50_regression_oz51.csv,0
3.1699062466443007,0.0,0.9946583178227808,8.569825757339,1.7836056500000002,0.1151817371908412,1.32067532058,0.0800603862783986,1.847631,0.2456479235297949,-0.0873619812,0.0084392678118432,-0.087522,0.030410294030147,-1.8403218000000003,0.2701165799080092,5,1000,5,0,26.3114331967837,3.6879528000000006,0.5144796862726457,1.0555247607119485,0.022823073648109,5.268426321057894e-05,0.0,-0.0848624593333333,0.0183190459930254,1.1145492346286132,0.0488662687145678,5,5,fri_c1_1000_5_binclass_binaryClass.csv,2
3.1699114456156767,7.118984746492739e-06,9.965784284662083,3.146062984439129,1.7945314840000002,0.1127799768755514,1.3308954559979398,0.0864249976976722,1.84642742,0.2463105206781412,-0.0943704127391407,0.0181975457484588,-0.0978707232999999,0.0210063498133475,-1.84032202,0.2701165140399084,5,1000,5,0,0.0006980663177741,3.6867494400000007,0.5151921745908543,1.0563834647911607,0.0232523574661447,5.268426321057894e-05,0.0,-0.0930980380019013,0.0104526235152943,1.116378562386364,0.0498317820901201,5,5,fri_c1_1000_5_regression_oz6.csv,5
3.169907546387145,4.110147759744423e-06,9.965784284662083,3.146066857038476,1.74049965075,0.1511292078414718,1.2804290886359702,0.1205395451327012,1.98073154,0.635704745256556,-0.093170965224417,0.0108257493847879,-0.1208529677,0.0465292281837316,-1.82615678,0.1929935873285074,10,1000,10,1,0.0006980671770483,3.80688832,0.794005452863137,1.0526547134182418,0.0186666618243896,5.268426321057894e-05,0.0,-0.1087651364873616,0.0376647577546679,1.10839554551894,0.0396948017035054,5,5,fri_c2_1000_10_regression_oz11.csv,5
3.169907286438576,3.598824974717156e-06,9.965784284662083,3.146067115212105,1.7870828014,0.1000104189344413,1.320592334891592,0.0808701932159329,1.8103372640000004,0.2804970864752443,-0.0885023206267616,0.0102088217460853,-0.08469358292,0.0475118407747849,-1.775267584,0.1581789166262149,25,1000,25,1,0.0006980672343334,3.585604848,0.4120985934007116,1.049334487798101,0.0150423463894029,5.268426321057894e-05,0.0,-0.0940828792119359,0.0263478839489724,1.1013200885800054,0.0322435925141814,5,5,fri_c2_1000_25_regression_oz26.csv,0
3.169908326232851,4.813312198276598e-06,9.965784284662083,3.1460660825178444,1.80343307365,0.080763843416378,1.338190573908552,0.0647764337330009,1.774647402,0.249771424543315,-0.0887774541555783,0.0081258548060339,-0.0935415222399999,0.0407445421905696,-1.74852839,0.1123431261993294,50,1000,50,1,0.0006980670051935,3.5231757919999995,0.3430919249873866,1.0466473815968087,0.0105308342460327,5.268426321057894e-05,0.0,-0.0972598811259639,0.0213234033307696,1.0955794219039745,0.0224332938681225,5,5,fri_c2_1000_50_regression_oz51.csv,0
3.1699062466443007,0.0,9.965784284662083,3.1460681479070445,1.6794570935000004,0.1918842843069574,1.2459912870447,0.1350089276635363,2.1919549000000003,0.7703470904392611,-0.095759430018038,0.0139997214181258,-0.1196015104,0.0581549394529487,-1.94334044,0.2895443837738662,5,1000,5,1,0.0006980674634738,4.13529534,0.9629809683915812,1.0649907003364243,0.0274398563359073,5.268426321057894e-05,0.0,-0.10400234963673,0.0457880400253275,1.1348075483756563,0.0590429119418929,5,5,fri_c2_1000_5_regression_oz6.csv,0
3.1699088461299887,5.480197012992563e-06,0.9895875212220556,14.17716093416305,1.697593225,0.24149107888533,1.24125992571,0.2168645127313588,2.2410559,0.9293057057078749,-0.0732037126,0.0500561380396734,-0.12282715,0.1196964596373886,-1.8366448,0.2533238130811147,10,1000,10,2,44.41317154314408,4.0777007,1.0206975385605508,1.0530745340405645,0.0261923983422061,5.279529432377301e-05,3.511112088372067e-07,-0.100689048,0.0919773291506807,1.1095834118025767,0.0559453392375304,5,5,fri_c3_1000_10_binclass_binaryClass.csv,2
3.1699088461299887,5.480197012992564e-06,9.965784284662083,3.146065566170968,1.6984880385,0.2396535193325391,1.24283792723937,0.2190408231514292,2.2409135099999995,0.92939809011031,-0.0749595646388409,0.054084752722228,-0.1224507716999999,0.1214176320147911,-1.83664467,0.2533238129965284,10,1000,10,2,0.0006980668906236,4.0775581800000005,1.020794757697297,1.0518941434536284,0.0292018501115128,5.279529432377301e-05,3.511112088372067e-07,-0.102580970369735,0.0956465253281899,1.1072487622769842,0.0626071680591697,5,5,fri_c3_1000_10_regression_oz11.csv,5
3.168755657984684,0.0044548335972094,0.990604955873816,33.683334183612345,1.7495550400000002,0.1656829449422381,1.28546475666,0.1427810592957888,1.91729264,0.62275147900312,-0.08893783628,0.0221038513196518,-0.09837012,0.0699552834977876,-1.82777044,0.2229523435008178,25,1000,25,2,106.74653926494832,3.74506308,0.7912224923226359,1.0489192006429,0.0267690902632353,5.2773088101134194e-05,3.0743123146138256e-07,-0.0968066124666666,0.0472814205078271,1.100919410303121,0.0565534681952689,5,5,fri_c3_1000_25_binclass_binaryClass.csv,0
3.1699088461299887,5.3061779413139575e-06,9.965784284662083,3.146065566170968,1.7602724927,0.1600336325338362,1.296989942543988,0.141352051743321,1.91727184,0.6227578298154528,-0.0911947804973204,0.013542374493921,-0.099163387,0.0711284492838685,-1.827658296,0.2229975585319218,25,1000,25,2,0.0006980668906235,3.744930136,0.7912690570619784,1.054653042732069,0.0220665461917019,5.268426321057894e-05,0.0,-0.0974486887375339,0.0447136156658975,1.112760495706409,0.047700109944583,5,5,fri_c3_1000_25_regression_oz26.csv,0
3.169174384970191,0.0049658637512557,0.9912540071703688,53.502836549851736,1.785568935,0.1350978666648455,1.3220981273219998,0.110439408624163,1.81358292,0.3791368219861919,-0.0821943787599999,0.0154543223703296,-0.0998332,0.0559471018685489,-1.7533756,0.11708579806854,50,1000,50,2,170.05587255184176,3.56695852,0.4477665105882497,1.0425391400479669,0.0164676356085565,5.277308810113419e-05,3.042780072711898e-07,-0.0931996198666666,0.035445426632332,1.0871536178940395,0.0338775668966261,5,5,fri_c3_1000_50_binclass_binaryClass.csv,3
3.169909366027126,5.60733901777386e-06,9.965784284662083,3.146065049824261,1.789290493,0.1338191682197792,1.32352965909087,0.1101198203333183,1.813939138,0.3790679751905066,-0.0886647092348061,0.0109009803556022,-0.10318723743,0.0581624528260433,-1.752721966,0.1137081430018664,50,1000,50,2,0.0006980667760534,3.566661104000001,0.4461893174211908,1.0468541219616174,0.0092015604447988,5.268426321057894e-05,0.0,-0.0983548764320102,0.036707186680568,1.095986528008356,0.0195879567927825,5,5,fri_c3_1000_50_regression_oz51.csv,2
3.1699062466443007,0.0,0.9885173903891564,7.800338631015855,1.57240355,0.2645402035984677,1.12498635354,0.2526475499627076,2.6333652,1.0224995631586844,-0.0931752142,0.0172738828321704,-0.1776047,0.1340957050955585,-1.9317472,0.2285902174048574,5,1000,5,2,24.01356313282847,4.565112399999999,1.0853591894383627,1.0649597909919837,0.0220828767533893,5.268426321057894e-05,0.0,-0.1463748186666666,0.0820273886675377,1.1345294791862537,0.0472337743589194,5,5,fri_c3_1000_5_binclass_binaryClass.csv,5
3.1699088461299887,5.812626705187956e-06,9.965784284662083,3.1460655661709684,1.5738894105,0.2693543190194205,1.1258722500353997,0.2499260721647327,2.61478238,1.0301286332305142,-0.09634814786884,0.0082292238673249,-0.1771736082,0.1459696377477842,-1.93174728,0.2285903347668751,5,1000,5,2,0.0006980668906237,4.54652966,1.084989311741094,1.0625472145620407,0.0210910026373159,5.268426321057894e-05,0.0,-0.1459975049914,0.0859844338217659,1.1293624474873487,0.0451347518200337,5,5,fri_c3_1000_5_regression_oz6.csv,2
3.169180132497526,0.0034861323844473,0.9881489563064276,84.13260510689827,1.7935582149999996,0.1066532678947358,1.3275434799060002,0.0963940374173828,1.7996935199999995,0.348653285688553,-0.06959353525,0.0441148493969492,-0.07611577,0.0769771461194099,-1.73848788,0.0793841740955585,100,1000,100,3,268.82913749833364,3.5381814,0.401555579538103,1.0394417935471554,0.0204412231488763,5.290637228553804e-05,4.99237326258446e-07,-0.0775811968833333,0.0567839838749267,1.080852907340311,0.041662038158069,5,5,fri_c4_1000_100_binclass_binaryClass.csv,0
3.169907416412861,3.7383657455568617e-06,9.965784284662083,3.1460669861252843,1.8034161258000003,0.0926458390697323,1.3331865460333308,0.086246810204386,1.799601672,0.3486827361873188,-0.0839202256256432,0.0201284243224844,-0.0918713351329999,0.0598358682481275,-1.739456562,0.0849418034007809,100,1000,100,3,0.0006980672056909,3.539058234000001,0.4041843067777917,1.045013138271954,0.0102622219762273,5.270646943321777e-05,1.5622665440250074e-07,-0.0925866391604053,0.037073640997245,1.0921567192288884,0.0213432678144289,5,5,fri_c4_1000_100_regression_oz101.csv,4
3.169907546387145,4.110147759744423e-06,0.9895875212220556,15.654613585799444,1.656089625,0.2740060497679459,1.2005289006899995,0.2499845293777284,2.4587877,1.076258890569349,-0.0699561069999999,0.0475595446379464,-0.1421949,0.0964989789125022,-1.8063279,0.2271507199961441,10,1000,10,3,49.14582002824713,4.2651156,1.1375994626664223,1.0393326380910524,0.0312286009963449,5.290632543696706e-05,4.6814827844960897e-07,-0.1190448714999999,0.0678179052328442,1.0810900355694764,0.0645890952925296,5,5,fri_c4_1000_10_binclass_binaryClass.csv,3
3.169907546387145,4.110147759744423e-06,9.965784284662083,3.1460668570384764,1.6511404792500002,0.2602877225492027,1.20434892196353,0.2344768254304895,2.45822539,1.0766959410596737,-0.0909982558192597,0.0082103508204225,-0.15610846585,0.0972924176441021,-1.81994151,0.211795576698153,10,1000,10,3,0.0006980671770487,4.2781669,1.1606915086692349,1.0542958999997825,0.0205684001244101,5.268426321057894e-05,0.0,-0.1377138550037661,0.0702426430984355,1.111920597931661,0.0437572457095235,5,5,fri_c4_1000_10_regression_oz11.csv,5
3.169907286438576,3.598824974717156e-06,0.9936167534536142,34.424503889324264,1.7389457899999998,0.1756160922193469,1.281572160708,0.1549574641019261,1.97663452,0.6366489770648162,-0.09047077796,0.010580847415688,-0.11941904,0.0804988727683655,-1.81148372,0.1829140422096127,25,1000,25,3,108.8235162918842,3.78811824,0.781640651350376,1.0517531561085278,0.0173105530316734,5.268426321057894e-05,0.0,-0.1057301605333333,0.0486277165976473,1.1064723704206614,0.0370056850508296,5,5,fri_c4_1000_25_binclass_binaryClass.csv,5
3.169907806335713,4.310759337706677e-06,9.965784284662083,3.14606659886489,1.7392971876,0.179723241905483,1.2828782433868549,0.1596433630788025,1.976562948,0.6366971126449158,-0.0899095575276073,0.0073889278908966,-0.1178227212219999,0.0809539232021924,-1.795529576,0.1483060219502883,25,1000,25,3,0.0006980671197633,3.772092524,0.7470458166454023,1.0506409037955615,0.014270539296692,5.268426321057894e-05,0.0,-0.1060336337913455,0.0499524250174187,1.1040418110885004,0.0304170174833462,5,5,fri_c4_1000_25_regression_oz26.csv,5
3.169140838263377,0.0037975092395124,0.9895875212220556,55.53004776268524,1.7678918599999998,0.1217689312831047,1.30723414311,0.102201161135386,1.87560432,0.5556465995229394,-0.0770867481,0.0350909622806018,-0.08413908,0.0707242814118896,-1.7606469200000003,0.1114367534275979,50,1000,50,3,176.8342373377125,3.63625124,0.6090274936997061,1.0427507331031296,0.0194483305893653,5.2795294323772994e-05,3.364750845523368e-07,-0.0834560867333333,0.0555146679647047,1.087699764198573,0.0401402921305096,5,5,fri_c4_1000_50_binclass_binaryClass.csv,0
3.1699080662842825,4.555726468955873e-06,9.965784284662083,3.146066340691346,1.7791568650999998,0.118532320441905,1.316259532567854,0.1006715831560507,1.875462694,0.5556874964006215,-0.0885568321181263,0.0073924106959436,-0.0961272031499999,0.0553345607191033,-1.760903676,0.1113405546825146,50,1000,50,3,0.0006980670624785,3.63636637,0.6089891106224717,1.0480119031123036,0.0110175151181268,5.268426321057894e-05,0.0,-0.0968259029342105,0.0331133084842345,1.0984479069916635,0.0236455860217211,5,5,fri_c4_1000_50_regression_oz51.csv,3
4.6902832079046135,0.0701128961803709,11.106102993951886,5.279366980780955,394.7071125,569.853260983275,266.34089863500003,389.719697496276,10940.4550125,16648.74762144206,618.0403997619912,933.4225225993504,492.5239875,744.6136040924091,-10.4137625,47.31422680148835,8,20640,8,5,1.2295602977757027,10950.868775,16639.15625946108,507.26605104907264,761.5395824054509,0.0028501347683387,0.0066129915173218,515.7500782965924,779.9314248063978,764768.5651709053,1594751.326067117,5,5,houses_regression_median_house_value.csv,0
4.242828416896936,0.7283466577292955,9.083154612142412,8.744559508823848,240.86765375468752,963.1019679153184,91.23882887440124,364.7038976726684,457661.0630909,1830640.7831757755,462.39873942026287,1848.4102106097523,75.95759145937501,302.6781548557052,0.1510072375,0.4972145275826735,16,22784,16,15,3.0846674048338247,457660.91208366246,1830640.2901110384,4083.598897851458,16333.999969785438,6.123310585164733e-05,8.921447588091725e-05,106.1625469969486,423.5039810646106,266800362.78317496,1067201451.070726,5,5,house_16H_regression_price.csv,0
4.249441363314446,0.6108289059934481,9.083154612142412,8.481709307932716,177.086627121875,500.1926141763831,68.62933741993874,193.62265694006484,352427.11180555,996807.9802063892,349.14858265820635,984.3599922874024,58.0441217875,161.01300490204326,0.1641972375,0.3475035486107812,8,22784,8,7,2.968062628434903,352426.9476083125,996807.6424911346,3088.300293366834,8734.409177690022,9.843804004060734e-05,0.0001247490537664,80.04293262201031,223.26188200276783,76291264.4249109,215784281.39300448,5,5,house_8L_regression_price.csv,1
3.8089455956082654,0.8755080987148603,4.70043827987653,11.47821810079028,0.5896408427876824,0.3017868750286339,0.4004312769529984,0.2063095238109169,0.9823520259319288,0.0968928543661507,0.0896809574558972,0.4657679822074388,0.0783293354943273,0.5431956160869523,-0.9338291734197732,0.1159105098357654,617,7797,617,379,8.301240794418993,1.9161811993517013,0.1436755753239329,0.427602323639639,0.128201982050937,0.0047896641287688,0.0406406812840929,0.0806673366949053,0.524089126007562,0.1992528572181643,0.1116363247554447,5,5,isolet_multiclass_class.csv,0
4.317172867222762,0.0848558148688604,3.132069248447984,9.07778955794184,2.090565714285714,4.9132019385086805,1.6016203746,3.704365310436253,8.958254642857142,23.97251721602376,1.9768630706182684,5.582829674371252,1.7513900000000002,4.894092290880977,-0.5033192857142857,0.7322065461215822,14,9961,14,12,11.51261822940997,9.461573928571427,23.42098455216973,1.692148820185365,4.234033701862693,0.0032658756219058,0.009445991992389,1.7465159365902625,4.873479051795524,19.509906061841747,65.50881655450186,5,5,JapaneseVowels_multiclass_speaker.csv,5
4.302969218645553,0.0229922012650815,0.9997770990046064,33.8932869752395,1.6126447812500002,0.0584130920032728,1.18488020595,0.054528956139229,1.570506875,0.0002025356670529,-0.0538413065490722,0.0205439126513981,-0.0804338125,0.0174012003669235,-1.5703365,0.000606158395141,8,8192,8,0,144.87428609674907,3.140843375,0.0007519350157141,0.9160057778035402,0.0152630933464948,6.601655261817584e-06,4.404108089680905e-08,-0.0749758093724572,0.0182980273387428,0.8392704267356595,0.0279470983601066,5,5,kin8nm_binclass_binaryClass.csv,2
4.308501794819671,0.0249072359211086,12.999755859374998,3.047262787465524,1.6244688209375,0.0672905747835038,1.202133194536575,0.0533342833047678,1.57053385,0.0002183492353351,-0.0646369761968195,0.0196226108116122,-0.0797086623749999,0.0167844583710435,-1.570340275,0.0006056500539562,8,8192,8,0,0.0099525968877407,3.140874125,0.0007698682795499,0.9345803652380424,0.0249270762086927,6.4383375328376e-06,1.229023043948124e-08,-0.0705497863561525,0.0225196085332392,0.8739841483257473,0.0455324918408856,5,5,kin8nm_regression_y.csv,2
2.929155619915498,0.2707748220579165,4.699810726573159,10.219313146445542,2.375,0.8850612031567836,1.85325,0.6630388766882376,15.0,0.0,5.9163875,1.8290893851404129,5.8125,1.8337120820892248,0.0,0.0,16,20000,16,15,5.369183840816813,15.0,0.0,2.223024245784214,0.425544673967255,0.0624531226561328,0.0,5.832682291666666,1.92545404607222,5.111607050040002,1.9898462536177743,5,5,letter_multiclass_class.csv,2
2.8159629880733923,0.877845438165501,0.1593164203699976,6.04624062489591,0.962555205,0.7450406557926179,0.251113996182,0.3862095537798029,16.8715624,12.90927252420479,-0.0332428059890146,0.011295108936114,-0.5021897866666666,0.3246376337976036,-0.6715638566666667,0.2264665607959779,6,11183,6,5,105.86902063924944,17.543126256666664,12.84255395653174,0.9880256415360924,0.0098128196895321,0.0016420648014312,0.0022931168683033,-0.2728035702093305,0.0704874283189337,0.9762749111913566,0.0193214881686494,5,5,mammography_binclass_class.csv,4
4.168758301148259,1.3448743588189027,2.331572915249456,3.492690379401212,14373.30389826014,86629.63499324603,10642.525735341544,64267.12699383605,39436.73648970269,237621.8081698622,12869.065472818906,77616.7153064931,12668.660228351351,76490.52400086388,-140.32657863513512,1138.8208156437934,74,45164,74,49,5.244789479771284,39577.06306833783,237349.4693058681,8361.192550076074,50354.02149000889,0.0150016434519204,0.0296395164819154,12696.948212225758,76596.96304603168,2571173136.207937,15532327476.000471,5,5,meta_stream_intervals.arff_multiclass_class.csv,1
3.4819650220828584,0.1431102187853495,3.321928094887362,5.735928066161662,66.33564814814815,64.18756727798868,46.811722222222215,45.53479242903311,473.2916666666667,479.17703979334846,318.128,346.8854997247517,318.2546296296296,349.526763092616,188.34259259259252,237.9504799777032,216,2000,216,138,5.012261651989637,284.9490740740741,266.0054068327465,48.75418418166944,45.50102065975019,0.0189150372413925,0.0189324601917106,317.78636188271605,348.32265596219435,4437.728435553425,5429.378816408394,5,5,mfeat-factors_multiclass_class.csv,0
3.5777541762349068,0.0117211173967667,3.321928094887362,12.215567756491067,0.0966916014473684,0.0541990707101531,0.0702620641728157,0.0391152272666171,0.3807395777631578,0.1504878368962134,0.1288438096236184,0.0670072915982775,0.1216728484210526,0.0667214002304582,0.0031970436842105,0.0024777574010355,76,2000,76,69,12.1563048047698,0.3775425340789474,0.1488794028492425,0.0672082435343642,0.0321184564756686,2.7957248204442595e-05,5.242779675171012e-07,0.1234021268452851,0.0666238549030087,0.0055349696236909,0.0059089918519772,5,5,mfeat-fourier_multiclass_class.csv,5
3.575055434754493,0.0121835390958528,3.321928094887362,13.25689480363969,3.0573475603125,2.122114432599521,2.251579027965094,1.5691772019589052,6.85746593,3.9115876624981447,-0.0646601837767187,0.7593396141940997,-0.09124554078125,0.7616286510777269,-6.74972006265625,3.3797791972968247,64,2000,64,60,13.26705589704454,13.60718599265625,7.036752341358272,2.18329253697026,1.3712206594075125,2.785339584292457e-05,1.8572473294969174e-07,-0.087770351531901,0.7603884036851476,6.617633553513725,9.685030263772571,5,5,mfeat-karhunen_multiclass_class.csv,5
2.5895061609910264,1.1246829603357975,3.321928094887362,2.9158645911611547,953.3419043029168,2313.2959629306283,647.3379523434636,1572.1939489737808,2969.839272355,7154.244887506668,1030.310515599681,2446.2144035264187,842.9519558358332,1990.974359959757,259.271380795,587.116588142416,6,2000,6,2,1.2729719330915903,2710.56789156,6568.093455861372,619.2879344719432,1503.327472306592,0.106983418867744,0.1342691519075837,930.3851693799778,2204.0107736377936,2266845.453275632,5552304.840554368,5,5,mfeat-morphological_multiclass_class.csv,0
3.5744855782855245,0.012922952222725,3.321928094887362,9.079804224808834,58.12875909553192,53.7085455014978,41.84057266763962,38.86950075083845,221.2252379051064,207.45851057764443,86.51694506940383,103.49292990295336,81.1457714462766,102.03389343022218,13.094723746808512,49.81807732561678,47,2000,47,40,8.77011793397522,208.130514158298,185.99614264709828,40.29059191441768,36.63473715311428,2.794391191618684e-05,3.374828739024088e-07,82.10774881544751,102.1396483543146,2936.8803595540858,3903.693638562639,5,5,mfeat-zernike_multiclass_class.csv,0
1.0867754842430029,1.262491765874294,3.319837025403414,37.02406694985533,59.66358418367347,96.58333925287964,12.90183482142857,37.80278969581818,220.2372448979592,80.85489796048526,31.716432707725943,40.46092928888787,8.996811224489797,26.827716316216208,0.0,0.0,784,70000,784,512,11.120127578607551,220.2372448979592,80.85489796048526,48.671363495584416,43.917335504868575,0.1159399858375758,0.2831267241556887,19.57554661686103,35.11998485557256,4295.173864563121,4938.300639209221,5,5,mnist_784_multiclass_class.csv,5
3.4286640910098747,1.0583881511220468,9.072489733617438,7.336821621613713,0.1175282054455445,0.0735540958064308,0.0822309484188118,0.0556776047853453,0.9943624356435644,0.0343298250912285,0.261076248494827,0.2121756161622641,0.2453801683168316,0.2238954628926395,0.000366603960396,0.0024146099468871,202,4450,202,202,1.7727225463766525,0.9939958316831684,0.034354230604675,0.1102930214690247,0.0457391850928579,0.0183084575043894,0.0568767232179943,0.2483300147587792,0.2213378781647964,0.0142462668404336,0.0133788078074387,5,5,mtp_regression_oz203.csv,0
2.104108556664972,1.3462419903281075,3.3218327248667654,11.94637739464999,6.03125,5.291408880110092,3.498009375,3.711130232910858,13.390625,5.016218734946214,4.863334074733096,4.277382191620939,4.6875,5.200351026003033,0.0,0.0,64,5620,64,34,6.567050173557499,13.390625,5.016218734946214,3.690505344139459,2.3290310108460384,0.1241265203706268,0.1883542793294218,4.71052509638197,4.852329197462182,18.959459121956264,15.250928631671712,5,5,optdigits_multiclass_class.csv,2
3.944749304915136,0.2677092474941095,0.6354628258660036,4.421317394527907,184.5343,287.85723162168426,78.72843215999998,115.76970291901402,23320.6,45399.41965904165,242.2502074730496,391.1248616293456,70.7941,103.3212737806477,2.5121,3.125169024762234,10,5473,10,10,26.44611959811296,23318.0879,45397.00730730965,831.4869911503844,1545.6543713390029,0.0019094683274523,0.0027914124384535,92.82567780821915,138.88685775979948,2841513.30852775,7314263.842146684,5,5,page-blocks_multiclass_class.csv,5
3.7706844594417976,0.4376452818819717,3.320771738890595,5.176352064792942,50.25,19.316659476558915,32.94151875,14.644427936714528,100.0,0.0,50.33805836062591,17.974719748235117,49.625,24.259362453837625,0.0,0.0,16,10992,16,2,4.877666946730557,100.0,0.0,30.219460546024088,6.774898090362234,0.0098620850563106,0.0001451310807022,49.569635006064274,22.37893386905451,956.2463370690756,394.49549504315377,5,5,pendigits_multiclass_class.csv,5
3.904693017955789,0.0025653782990894,11.876629050506004,3.077299158385669,10.8844,2.91907371181339,8.074202535,2.163695686280835,26.196375,8.408342574837999,-0.5429711408523908,0.2106821657130436,-0.5219125,0.1209911868346892,-26.2814,8.025175089678731,4,3848,4,4,0.0117271901657828,52.477775,16.350890600896943,7.558180573691956,2.1172759441737163,1.5877403357471404e-05,4.579492398774726e-07,-0.6011549567099568,0.2925206881695709,60.48823665236699,33.12060428310808,5,5,pollen_regression_DENSITY.csv,0
0.7942153932282153,1.1344870769173625,0.9210049486251756,54.50206211116055,3.4791666666666665,8.649165704036808,0.926625,4.501366271950697,73.375,68.29461366256602,19.290269444444444,36.15499662854906,16.916666666666668,35.89336057453152,15.4375,34.644643594461094,48,15000,48,26,45.99907069552609,57.9375,59.74570446590834,6.382056369789251,8.16855895099784,0.4654681443419057,0.4969177538111288,17.40409259259259,35.9710762236092,106.06588727359603,205.41492816273453,5,5,pol_binclass_binaryClass.csv,0
0.7945707687120759,1.134905913280756,1.8914102162679105,65.28348757843905,3.5,8.644270024433478,0.926625,4.501366271950697,73.5,68.41954430243737,19.29495555555556,36.16101890306556,16.916666666666668,35.89336057453152,15.4375,34.644643594461094,48,15000,48,26,26.425225085100244,58.0625,59.92136913258412,6.389396653962343,8.176151424695671,0.4654600935204901,0.496925441941503,17.40545138888889,35.97142545509637,106.28114480206088,205.7493400391652,5,5,pol_regression_foo.csv,0
4.305474332361087,0.0183177131884446,0.9999559719934968,257.48683128414547,13.7776632265625,28.49634413722081,10.204358269809374,21.11246881541093,13.771590531249998,26.76435745630811,0.0344539468154907,1.71945192338475,0.046471359375,1.6498759550871824,-12.4813130625,27.351412894522284,32,8192,32,0,1107.6517547415451,26.25290359375,54.101017901286,7.904378222274339,16.353518230276553,6.57739439264696e-06,9.4824450940635e-08,0.0011658109870829,1.765214553655661,321.5593298853778,756.688625143392,5,5,puma32H_binclass_binaryClass.csv,4
4.304185271892289,0.0200625907350412,12.91753553771708,3.0861059289250194,13.7676395,28.4519657881723,10.202828249775,21.091566078460147,13.77166709375,26.76432373027382,0.0198089437103272,1.7461885572300502,0.0153547343749999,1.721516180943588,-12.48021715625,27.348735373159013,32,8192,32,0,0.0283054107336388,26.25188425,54.09830612838104,7.904891164945464,16.346617906369858,6.567556142881179e-06,8.659668184635758e-08,-0.0180678106056753,1.8043361598112928,321.3488489009579,756.1807730092289,5,5,puma32H_regression_thetadd6.csv,4
4.299030537612232,0.0185778149418567,0.9999860693604422,32.37245071129141,1.61621184375,0.6132622368237945,1.197864631425,0.4541722741838535,1.56317175,0.5945239731871325,-0.0561927071838378,0.0281793608428937,-0.07306325,0.0340156827906523,-1.5633335000000002,0.5946234955943611,8,8192,8,0,138.1720929414519,3.12650525,1.1891472873696094,0.9163259445535896,0.3468981507241175,6.626602079627493e-06,1.316989542071765e-07,-0.0731363137459316,0.0356506550634487,0.944949272765864,0.5070529315883667,5,5,puma8NH_binclass_binaryClass.csv,0
4.299477277036432,0.0186730874363889,12.999999999999996,3.053674394672848,1.61781096875,0.6146685116656438,1.2000723154875,0.4557646080601176,1.563298875,0.5946022488740897,-0.0543013659210205,0.0296482214331197,-0.0725225,0.0366995541876386,-1.5633335000000002,0.5946234955943611,8,8192,8,0,0.0099387439510687,3.126632375,1.1892256957163272,0.9168058716340493,0.3472499055819287,6.632796881710803e-06,1.216582496095067e-07,-0.0708616286106591,0.0375349543442172,0.9460426910734948,0.507795033591701,5,5,puma8NH_regression_thetadd3.csv,0
3.570522134817695,0.0216149048327191,0.9912232530606148,224.68336821440772,101.98333333333332,91.42000223328225,43.21284799999999,13.963938234141963,304.71666666666664,308.45314203835454,45.30370523415977,31.42858210834315,52.708333333333336,59.91239069118618,-82.14999999999999,90.99630267214158,3,2178,3,1,808.3403146645909,386.8666666666666,256.73963257224887,86.84900109895246,48.35164852698635,0.0010141800029227,0.0015929343020504,44.87619266055046,38.56702154832054,9101.336935403991,7055.793907516195,5,5,quake_binclass_binaryClass.csv,4
3.571629723479898,0.0200058825366208,2.5898923943940564,72.0660375351456,101.78416666666664,91.22434647386262,43.259797,14.03889967875556,304.71666666666664,308.45314203835454,45.97298745026018,32.12123894342556,52.68,60.03588260365629,-82.14999999999999,90.99630267214158,3,2178,3,1,98.3837436146319,386.8666666666666,256.73963257224887,87.41964561651123,48.709244477855776,0.0009905745763646,0.0015484092252734,45.08251019367992,38.65945579912,9223.92143811876,7146.477247701708,5,5,quake_regression_col_4.csv,1
3.5712005795096986,0.0221540532906184,2.5898923943940564,65.61134549567036,101.3425,90.51930660776183,41.997116,11.60655740221522,304.71666666666664,308.45314203835454,46.45115396388123,31.97147011173825,54.67166666666666,62.34991305794527,-82.14999999999999,90.99630267214158,3,2178,3,1,89.4714325443508,386.8666666666666,256.73963257224887,86.9426537737762,48.45472920747039,0.0010024075086271,0.0015749392581184,46.43963557594292,40.95985692481834,9124.265566939575,7076.108136620263,5,5,quake_regression_richter.csv,0
4.032639345166981,0.060192882484119,2.4832958827266416,3.0076681088377684,24.30555555555556,4.540732756753471,17.420550000000002,3.7902732896191,133.94444444444446,19.58416918175705,83.42830009496677,10.915014578363143,83.72222222222223,12.367263494775484,36.638888888888886,9.310985148975616,36,6435,36,10,3.8841706045861,97.30555555555556,22.70534165527001,17.582317250499518,3.377990551845264,0.0135777650114535,0.0038065172873406,83.85793835793837,11.357192002854193,320.23173283867004,120.69438401906574,5,5,satellite_image_regression_class.csv,0
4.033083889344516,0.0552196822942122,2.4833618760456604,3.0110568646595497,1.3657297916666666,0.1518388852796361,0.9639551794833332,0.0967865807512348,2.802193416666667,0.6457440351808746,-0.0006264660532227,0.0110864572130714,0.0076430833333333,0.108832604423064,-2.595993833333333,0.2900237195340606,36,6430,36,10,3.8900826931013737,5.398187249999999,0.8212268575283265,0.975422623784552,0.0020839959879037,0.0135983890129038,0.003774403357735,0.0168015466922988,0.0657236330041446,0.9514535173900374,0.004065306486474,5,5,satimage_multiclass_class.csv,0
3.632238444813637,0.3916064311224631,0.6780187068738636,24.888275300373103,0.2051450033444816,0.1013114155769709,0.1340601976795986,0.078808356982826,0.9996969163879597,0.0022422058881073,0.3178719427172419,0.2018943451331821,0.2725695785953177,0.2359438107265174,2.591973244147157e-06,2.124988912215731e-05,299,2407,299,249,132.3298763804442,0.9996943244147156,0.0022419550309595,0.2175528651179197,0.0562850888154395,0.0083974105814265,0.064190290682795,0.2804932708798648,0.2314448157427064,0.0504866649887169,0.0228570021120992,5,5,scene_binclass_Urban.csv,0
3.1408220892644194,1.2857453626263229,2.807354922057604,3.4929330499742246,26.81332875,34.60231914917383,17.82838645615263,23.68248791035713,200.6265802631579,363.9116714883924,23.85543192571757,38.48359270452195,18.919289342105262,37.22770173787904,-4.107588421889189,14.262996773125275,19,2310,19,15,2.90783551929373,204.73416868504705,361.6810880924728,24.976923052750365,23.64617362981257,0.0846404968680926,0.2400473190011192,20.101862086959827,37.43364452352513,1153.5597110757694,1482.0885501261228,5,5,segment_multiclass_class.csv,3
3.806635689585464,0.0011556086755871,0.9999532967890264,18.4774214018439,2606101.1144037503,6383614.672723154,1899426.3960897976,4652623.066771125,-11268321.258212,27601667.934860203,-15530074.12720094,38040776.19332606,-15144393.502777169,37096055.15368399,-20704981.05461883,50716646.39563023,6,3107,6,6,69.3400968681532,9436659.796406832,23114978.460770868,2210706.792131379,5415100.888957148,2.7862780112458625e-05,1.3161633597585935e-05,-15183379.214307496,37191550.33903183,29323322552096.23,71827177815678.81,5,5,space_ga_binclass_binaryClass.csv,0
1.0864564001950543,0.9686015950529911,0.9673602371807668,13.411572302764078,4.633140350877193,29.53686519022736,2.2418732736842104,14.6233526441728,483.8794385964912,2458.943159409306,5.892201802049135,36.52883641418204,1.8152280701754384,11.616201367698148,0.0526315789473684,0.2252817784447915,57,4601,57,57,14.062732583966977,483.82680701754384,2458.758117664945,15.085288925145392,83.45174726995323,0.0062243035220279,0.0047149511136327,2.323239876220794,14.75594101943314,7069.581220110487,48547.38685636717,5,5,spambase_binclass_class.csv,1
3.486374940797703,1.5642674610181715,9.71919635486444,8.234834826862627,0.0807853646616541,0.0591185754076716,0.0573040896473684,0.0434316154203216,0.9780265037593984,0.1368738230444167,0.1985542800538205,0.2104913207987995,0.1891113421052631,0.2170169547558297,0.0011957443609022,0.0165172891257222,266,8885,266,261,1.95391930914256,0.9768307593984964,0.1376929831200024,0.0770798646115513,0.0391989233751285,0.0322728065645262,0.145991260883151,0.1906648314687958,0.2154982836719934,0.0074720845975156,0.0057916422210249,5,5,topo_2_1_regression_oz267.csv,3
3.3819883563429403,1.739388538548997,5.161428470284308,4.722210029507158,10.946025000000002,20.079990044880503,7.065589755000001,12.799265962932305,43.094,81.95297023700036,13.205983450989466,24.477718545921583,12.174575,22.57895675570139,0.219,0.4473522102326086,4,8641,4,2,2.094193676798035,42.875,81.50574591606001,7.610549969811326,13.901961811989809,0.1250238738803571,0.2499455041653861,12.350216480231438,22.894935047615167,202.8688775095125,404.64406317508497,5,5,visualizing_soil_regression_track.csv,0
4.057993525589258,0.0309509458452113,1.5848792049207137,13.399084215981896,1.700875,0.5678709535376808,1.2490905,0.4010545604063981,5.148999999999999,1.9439568424037108,0.89422395,1.166740510071606,0.860125,1.1416646008777869,-3.18525,0.6263978726590591,40,5000,40,39,33.30759696288644,8.33425,1.5678564290301849,1.2438169247912194,0.345574116505129,0.0014697025244424,0.0002951876796166,0.8788773333333333,1.1555506580130106,1.663516475645429,0.9557035764131708,5,5,waveform-5000_multiclass_class.csv,0
4.08509388545352,0.1542686335929085,9.220620127247296,6.721719115117124,7.097678571428572,2.7844365650684364,5.155212,2.049129531297093,33.83357142857143,14.48344976284887,14.172754356990746,16.166438110536006,13.775714285714288,16.43390993051853,4.691428571428572,16.214061730553446,14,6574,14,11,1.9779833978583523,29.14214285714285,7.849825258781662,4.904637977350326,1.3194661416945903,0.0134924435430518,0.0255776880536126,13.84886793135906,16.27283545572184,25.672108095154183,16.24915165073248,5,5,wind_regression_MAL.csv,5
4.056956045759919,0.0574480191613124,1.8376039948582683,27.49690913366749,9.519081818181816,21.589480641591088,6.890372717454545,16.27752968349838,76.04545272727272,147.76340048029004,15.871246119141238,34.29560227027581,15.374647272727271,34.11218728467264,2.128737272727273,2.7272865821695045,11,6497,11,11,59.70608904947848,73.91671545454545,146.8518893766867,7.278000259871234,16.618236993842654,0.006524130472278,0.0032611027181846,15.725278057699333,34.810514696377254,304.0291066767954,904.9075985127364,5,5,wine_quality_regression_quality.csv,2
3.3614345805866512,0.9363714106899788,0.1066848655670195,24.260727841888112,0.1529358534482758,0.1844687404043558,0.0798862072810344,0.033275580591672,0.5047384396551724,0.2041611342135885,0.0313902501890345,0.1247539966822327,0.0081182068965517,0.132383073992799,-0.3499971637931034,0.1792397781979525,116,2417,116,110,763.4087948603523,0.8547356034482759,0.1632138328380969,0.1329788682157767,0.1003066292826981,0.0560321633556416,0.1583369063540156,0.0181071847833836,0.1332842740396668,0.0276580628917464,0.0539372571494873,5,5,yeast_ml8_binclass_class14.csv,2
2.380218462679887,1.5033658768893063,2.490417636232728,13.352889492100132,0.0824999999999999,0.0640869944461655,0.051891,0.0488519351510254,0.94125,0.1035701970370131,0.3802080525606469,0.1844990424849618,0.3675,0.1974660911216332,0.12,0.1741099816618384,8,1484,8,8,11.76203381987732,0.82125,0.160840426687891,0.0945462812023944,0.0339467159740152,0.1152051325507356,0.1911190146097486,0.3702017937219731,0.1921582085506188,0.0099473313739451,0.006337592573885,5,5,yeast_multiclass_class_protein_localization.csv,5
0.5048067446625184,0.9369156684398172,9.71919635486444,66.10331824184897,0.0136203505976095,0.0445304659359026,0.0075564341665338,0.0308176291778059,0.8393094302788845,0.3640325514586163,0.0345993860936669,0.1228016819297721,0.0251546334661354,0.1243441515158357,6.53386454183267e-07,1.0351588210803973e-05,251,8885,251,211,2.433349803284602,0.8393087768924303,0.3640322620353833,0.0464021163246692,0.0360162908236391,0.3463034616832939,0.3072844668474787,0.0260387457239135,0.1241926769726535,0.0034451615833652,0.0057382555102145,5,5,yprop_4_1_regression_oz252.csv,1
1.495593773142909,0.1800390905488705,0.9999977500599352,34.837575252158395,2.0,0.0,1.33434,0.4688392858965639,1.0,0.0,0.0612171310832025,0.1293791812047509,0.1,0.3162277660168379,-1.0,0.0,10,40768,10,0,51.10297784710296,2.0,0.0,0.8323851017333019,0.0643902247518566,0.3499840557313513,0.0527059204952308,0.1020235467255334,0.215621390702121,0.6965964485267946,0.1121014189573816,15,6,2dplanes_binclass_binaryClass.csv,0
1.495536385010984,0.1802580736124828,15.29547077834474,10.493326470236996,2.0,0.0,1.33434,0.4688392858965639,1.0,0.0,0.0913755886970172,0.1072430926835076,0.1,0.3162277660168379,-1.0,0.0,10,40768,10,0,0.0259999030730456,2.0,0.0,0.8323756454185831,0.0644988219837206,0.3499840557313513,0.0527059204952308,0.1522851770092388,0.1787297196681072,0.6965933033195617,0.1121612240056896,15,6,2dplanes_regression_y.csv,0
3.0357122934601213,1.243684801788408,0.9999906975135884,5.743303445670761,0.3958333333333333,0.3848146469405758,0.1246207666666666,0.1411765147218899,1.165611111111111,0.6397487679637306,0.3499396829196925,0.1993497161173156,0.2812222222222222,0.2332895345797672,0.0188888888888888,0.0386027668841381,9,4177,9,7,16.435179065610946,1.1467222222222222,0.6532669874901414,0.2285515336202203,0.1755982371683132,0.1153109009243863,0.21811694596083,0.3072144661614147,0.2118780132574543,0.0796444620949273,0.095711125828061,15,6,abalone_binclass_binaryClass.csv,0
2.395924124093698,1.6574969228604366,0.9832048570341376,13.27010615091652,7.7806000000000015,42.10985093398041,5.716794405,30.971008189962937,28.49685,154.6930849624756,-0.8377014036363637,3.120121227437952,-1.028725,4.235092485216035,-29.28275,154.46922996950494,40,13750,40,40,31.33727664057008,57.7796,309.1205393185725,7.017208365643637,38.04090254224059,0.0741806909195329,0.1058798712791811,-0.9551191484848484,3.636300944512877,1460.1737228193986,9125.817698722778,15,6,ailerons_binclass_binaryClass.csv,0
2.396857871413588,1.6527298796571597,3.828958233704801,27.110666509513933,7.68435,41.48419218211395,5.753859405,31.2042162765311,27.722225,149.8201523003733,-1.1425320927272726,4.470763402342794,-2.329725,11.780787910586914,-29.1743,154.4332433973184,40,13750,40,40,15.970781726110353,56.896525,304.220382594591,7.055355538605305,38.28130288987381,0.0755624059390512,0.1024508276640743,-1.4626703696969696,6.288301724330689,1478.5997389487336,9242.108267788622,15,6,Ailerons_regression_goal.csv,5
0.975325870282674,1.1814637421805516,0.794432350758128,8.704924228971233,2.2857142857142856,5.186980037050645,1.4826,3.922590893784362,286.2857142857143,750.3947215267696,281.9937596953885,745.5339682140491,282.1428571428572,746.0389687255906,279.0,738.1646157870208,7,4052,7,4,9.687049427511296,7.285714285714286,12.776466461353673,1.619765706637753,3.266974697954848,0.3768303338779764,0.2115145922770269,282.00076362781954,745.7536267012705,11.772032667608704,30.69169747216212,15,6,analcatdata_supreme_binclass_binaryClass.csv,0
0.9689625151141,1.1833375427055544,1.825202079049472,10.762072509726334,2.142857142857143,4.81070235442364,1.4826,3.922590893784362,286.2857142857143,750.3947215267696,282.0179452827528,745.6005696506135,282.42857142857144,746.7948975773865,279.0,738.1646157870208,7,4052,7,4,4.713364545527727,7.285714285714286,12.776466461353673,1.6450024868203272,3.331343996405052,0.375242640461105,0.213872086143419,282.0572133458646,745.9004414278648,12.218478457974184,31.866307711468565,15,6,analcatdata_supreme_regression_Log_exposure.csv,0
3.82640184432034,0.5454436118157345,10.767172197728645,3.6213445542688616,1.408404625,0.8685382608736169,0.891399559115625,0.4057864314491225,6.14924525,8.464772084115312,1.0458898889846804,1.6343295143530103,0.7995572031249999,1.4970693289940056,-0.0303142187499999,1.2758860428265255,32,8192,32,9,0.2869413832070869,6.17955946875,8.2170628726198,0.9731199487170528,0.7693453195791494,0.0196490834582597,0.0535033962140272,0.870119968870779,1.5202717226604867,1.5203580234507252,2.5959646478254617,15,6,bank32nh_regression_rej.csv,0
3.7642638702055633,0.7337672845001614,0.9730662661337472,16.54245456429656,1.385939375,1.2056151471963463,0.902602246875,0.7132628674678914,8.796513375,13.150196387111814,1.5419983206481933,2.419109975556873,1.308947875,2.419827980596625,0.3818975,1.8835920535398007,8,8192,8,2,62.99375480183347,8.414615875,13.1523816617904,1.083669889285095,1.2244449552543637,0.0312577381869655,0.0883482235416176,1.3490782890815702,2.3949643178399893,2.486197696335048,4.069339655129944,15,6,bank8FM_binclass_binaryClass.csv,0
3.750785298900946,0.729752105904965,12.86331256724435,3.5366625377532825,1.4245884375000002,1.2695799861038108,0.9801301807499998,0.818786751656396,8.796524875000001,13.150188094810664,1.535794601348877,2.414710863456812,1.3104379999999998,2.4208309659632814,0.380009125,1.883986344468667,8,8192,8,2,0.031247727553314,8.41651575,13.151147288496574,1.095433777228835,1.2477065584950984,0.0312577278002556,0.0883482277384643,1.343600268587266,2.3932534815755657,2.5621503593915547,4.208798936273771,15,6,bank8FM_regression_rej.csv,0
2.242939880068123,0.7693714097903315,0.928691959084338,2.675692101487061,2.2106886666666665,1.2820101178674632,0.5361181263666667,1.160999503415011,12.289399555555557,1.3062557904889944,2.85858544899716,0.6510532839264912,1.5838289444444444,0.936408432437485,0.7814556666666667,0.364967704930861,9,39366,9,9,5.462225135582984,11.507943888888889,1.3989429206797042,2.624376003022564,0.5561847313195118,9.863022606524184e-05,0.0001050865885445,1.9107748880703728,0.7340362021048308,7.162319587776647,2.782382954946406,15,6,BNG(breast-w)_binclass_Class.csv,0
1.262582202133036,1.133447248618435,0.3261016552819349,156.53843328834785,1.3411764705882352,2.5891391342650234,0.7325788235294117,1.202372221118588,7.117647058823529,4.655799672262038,1.7241043515756944,3.161480317105992,1.6705882352941177,3.9442189017723193,0.0705882352941176,0.2576558841203685,85,9822,85,75,605.0767758102403,7.047058823529412,4.564109161378022,1.1003936399806675,1.470724844645037,0.1756536998263311,0.1097528148509165,1.6633705263578116,3.4106699278183674,3.3484503013465874,16.44777430800019,15,6,coil2000_regression_CARAVAN.csv,0
3.2486145448827264,0.9449801947382024,0.8841664897438647,6.752042045203922,48348.063214285714,160744.07214070714,39087.244514,145829.78528624694,311174.23619047616,783263.787165822,66105.14712745303,247206.9389888707,58365.404285714285,238780.21993416976,93.4857142857143,328.14416692318986,21,8192,21,20,23.80842946452708,311080.7504761905,783085.2976179519,46790.06843452778,141609.6476553116,0.0016947006496075,0.0017188489505375,66482.37183482505,271108.1176883483,21287684131.785408,82011979533.20099,15,6,cpu_act_binclass_binaryClass.csv,2
3.254551396157338,0.9527500217807596,4.974974983530833,13.193127328302754,48675.99238095238,160917.2768562916,39980.54349,145958.12345298543,311136.149047619,783279.2361929883,65920.20256626673,247027.4606416307,58383.75952380952,238861.54533785864,93.15238095238097,328.1813029699401,21,8192,21,20,7.630739070678815,311042.9966666666,783100.6124182994,46971.20261913225,141845.68975729303,0.0017023745453182,0.0017279708520048,66444.28810453719,271220.7650541921,21368388830.46112,82292015803.55458,15,6,cpu_act_regression_usr.csv,0
3.690490031058217,0.4541128155232405,0.8841664897438647,6.410716621179105,85023.29583333334,208645.65280959927,69441.067465,191028.468739748,544221.9775,988540.1908999102,115322.15361480712,323281.7446934252,102160.225,314194.1750307635,163.0,428.2582058864616,12,8192,12,11,25.75817966054608,544058.9775,988324.7761348822,81709.94566589972,182693.59731341965,0.0019705015164569,0.0020342444271539,116235.35069009358,356507.1920832143,37272053178.4324,107968916875.42194,15,6,cpu_small_binclass_binaryClass.csv,0
3.707719031128382,0.4434712359207837,4.974974983530833,12.009143288093666,84475.85833333334,208602.8482064672,69134.045715,191378.3442723814,551005.5016666666,1000853.0109864742,115235.83679016112,322809.2810769047,102044.76666666666,313929.9425378632,163.58333333333334,428.1024640164662,12,8192,12,11,7.950101108892661,550841.9183333333,1000641.7802603244,81930.08573367045,182661.35444301105,0.001954508072206,0.0020124534605246,116024.78710435312,355802.4566699616,37297278488.03564,107880041343.02692,15,6,cpu_small_regression_usr.csv,0
3.8698099692557695,0.1138197948805375,0.9972877951195076,5.683638136617037,0.006922,0.0071297559565527,0.0048658932,0.0051638598309686,0.024204,0.0210529351872844,0.003249525319119,0.0043601232832534,0.004298,0.0042298368762873,-0.0172,0.0196912417079269,5,7129,5,5,21.05441561639409,0.0414039999999999,0.0375679927597948,0.0055329478175412,0.0057202886905668,0.0097540996913437,0.0075681469420676,0.0033883664407571,0.0041878639961728,5.679087371437603e-05,9.337557061625258e-05,15,6,delta_ailerons_binclass_binaryClass.csv,0
3.140936331643534,1.232941165226414,0.9999776283308132,9.548080285280538,4.4041,8.026254253386195,3.2153393299999995,5.937812074840252,17.6479,35.94388096213318,-2.102181247592028,4.835234135833056,-2.0170666666666666,3.9999665431934135,-19.31745,39.96663812650496,6,9517,6,6,28.990583204893174,36.96535,75.90737996884756,4.728898986707008,9.408092378952148,0.0492748561013622,0.0627493524713419,-2.162325319558746,4.7921280202235375,96.1226541355598,225.1525632853131,15,6,delta_elevators_binclass_binaryClass.csv,0
3.128068419511312,1.2207939972742603,2.9682419705521728,19.626589969477536,4.38725,8.022001693779428,3.19062933,5.932704130848345,17.6479,35.94388096213318,-2.100674219817169,4.823970918824227,-2.0170666666666666,3.9999665431934135,-19.31728333333333,39.96673454113642,6,9517,6,6,19.68339336054849,36.965183333333336,75.90747710233602,4.734714976440114,9.42172559713847,0.0492723723455031,0.0627515836833575,-2.1793903519523723,4.815960356825726,96.39162026460484,225.809755346414,15,6,delta_elevators_regression_Se.csv,0
2.421360556295712,1.9071286122265,0.9835093906057096,24.6877166128327,0.1108554423076923,0.1944461735480025,0.0946226112461538,0.1939065948761711,0.995462846153846,0.0119970455102228,0.2406215075459719,0.1918919604931728,0.1729453076923076,0.2192488480461507,3.3769230769230766e-05,0.0001217566930714,13,45312,13,11,59.78016519446178,0.9954290769230768,0.0121076980640523,0.236234391297072,0.1250870824419831,0.2325620006902558,0.2577567418873263,0.1853444183972567,0.2396500917993338,0.070249867502742,0.048785574513313,15,6,electricity_binclass_class.csv,0
3.042971301529771,1.513612038484352,4.135743621859048,34.920066442740364,19.605866666666667,72.2656176255429,14.0812406,51.84327028731197,62.32986111111112,228.5177440383599,-2.761206818014472,7.035179576853512,-6.2602777777777785,22.140817515608525,-65.7345888888889,232.8595544076348,18,16599,18,18,24.69326576994313,128.06445,461.3330665195722,16.535742988557562,60.56771136027714,0.0597660805882581,0.1018856162225703,-3.7314137447155016,10.92845741055155,3738.075807859818,15692.567999800136,15,6,elevators_regression_Goal.csv,0
4.684629918127721,0.0403248596346138,13.83694419621366,4.342611367412397,0.5052,0.0853565072699986,0.36946392,0.0678470187500084,1.0,0.0,0.4561501667974881,0.0368316799418058,0.4295,0.0557618945955828,0.0,0.0,10,40768,10,0,0.4702326500780747,1.0,0.0,0.2960568199854746,0.0212230320777917,0.000974495860065,1.1428494363856452e-19,0.4430295560461124,0.0476694372000246,0.0880550160414292,0.0125475259907676,15,6,fried_regression_Y.csv,0
3.149279042823369,5.480197012805319e-06,9.965784284662083,3.166688799732408,2.06458937025,0.0497236486612177,1.5300398003982,0.0353309130572858,1.70087903,0.0544288065226503,-0.268924214762104,0.0138908933041472,-0.3002911359999999,0.0374185418368875,-1.75805351,0.0222643642541394,10,1000,10,0,0.0007026428907809,3.45893254,0.0642360693298155,1.117679966962719,0.006079198241831,0.0001766472354707,0.0,-0.30764232929684,0.0195651698610085,1.249241769535922,0.0135965505991396,15,6,fri_c0_1000_10_regression_oz11.csv,0
3.1492774831319563,3.598824974594193e-06,9.965784284662083,3.166690369148805,2.0311754887,0.0333192500624425,1.5038544083051997,0.0297253877500225,1.727425396,0.0299204231158874,-0.2593739547473173,0.0120625692157053,-0.305541573,0.0373184584238091,-1.730180792,0.0411822924221576,25,1000,25,0,0.000702643239012,3.457606188,0.0457165113983569,1.1101017972387068,0.0094856777865533,0.0001766472354707,0.0,-0.3053109076148621,0.0182151774158645,1.2324123791923547,0.0210376914497292,15,6,fri_c0_1000_25_regression_oz26.csv,0
3.1448261843513974,0.0302026437034872,9.965784284662083,3.171170405774008,2.02548329425,0.0659913567806389,1.50096762657744,0.0629107780726051,1.727098992,0.0433910009689484,-0.2563436278926649,0.0242265068221793,-0.2946234282,0.0461354040099683,-1.737865746,0.035949560456739,50,1000,50,0,0.0007019460040919,3.464964738,0.0489801880125302,1.1070559546520409,0.0225724928479131,0.0001767027194866,2.74574669899084e-07,-0.3013611839264415,0.0245726053308403,1.226072213815243,0.0479544483963537,15,6,fri_c0_1000_50_regression_oz51.csv,0
3.106567501532914,0.0955073630717469,0.9999740313334506,12.49041941437627,1.9478628,0.1768236905322643,1.4209920395999998,0.2000450499666305,1.7429338,0.0225170693186302,-0.1842837654,0.1742242850817031,-0.1881267,0.2588647651358233,-1.7072482,0.0280141975915784,5,1000,5,0,37.8033387041809,3.4501820000000003,0.0278532545943915,1.0843549574522224,0.0578280716664717,0.00017692465555,6.203301555555715e-07,-0.212261023,0.232449494906547,1.1785009424493411,0.1209842457801052,15,6,fri_c0_1000_5_binclass_binaryClass.csv,0
3.1492764433376808,0.0,9.965784284662083,3.1666914154272674,1.9874242685,0.0366654275297202,1.4813288943726,0.0150919560156923,1.74303016,0.0226299062101017,-0.259894361420724,0.0133829673697356,-0.301697679,0.0198841525346639,-1.7072482,0.028014447464478,5,1000,5,0,0.0007026434711659,3.45027836,0.0279807322601284,1.1010272519466082,0.0037403822888391,0.0001766472354707,0.0,-0.3132711898078734,0.0127688982400029,1.212272201896833,0.0082404745911009,15,6,fri_c0_1000_5_regression_oz6.csv,0
3.1492777430805248,4.110147759603989e-06,9.965784284662083,3.166690107579298,2.0235278925,0.0739501277603866,1.5000833292143998,0.0530570957207122,1.8082259,0.2704660937523223,-0.274732695047287,0.0364784133024723,-0.292332115,0.0279670068252339,-1.82183486,0.2230259738422371,10,1000,10,0,0.0007026431809735,3.63006076,0.4872008300777325,1.1292143601734743,0.0479399528746323,0.0001766472354707,0.0,-0.300616494837145,0.0191541010934451,1.2771934863954495,0.1135326768751309,15,6,fri_c1_1000_10_regression_oz11.csv,0
3.1492774831319563,3.598824974594193e-06,9.965784284662083,3.166690369148805,2.0197539368,0.0631154011657979,1.4974846513594795,0.0490446514437563,1.757674076,0.1329283609243819,-0.2658965469892332,0.0251893977677666,-0.311962428,0.032339359801619,-1.7513606640000003,0.1400781070043479,25,1000,25,0,0.000702643239012,3.50903474,0.2671644849825773,1.114847120723164,0.0305615853729552,0.0001766472354707,0.0,-0.310625774360722,0.0144861575644545,1.2437807526652174,0.0718024048183647,15,6,fri_c1_1000_25_regression_oz26.csv,0
3.149277483131955,3.5619129734542385e-06,9.965784284662083,3.166690369148805,2.0245306639,0.045529518442044,1.50270988943796,0.0334705635049232,1.740206792,0.1105247675552773,-0.2635555909819552,0.022764438677024,-0.3108186268,0.0341370365721072,-1.7489520120000004,0.1162000413952534,50,1000,50,0,0.0007026432390115,3.489158804000001,0.217195557341049,1.113763943458785,0.0251965430931877,0.0001766472354707,0.0,-0.3069791492109254,0.0154697337376942,1.2410922902170334,0.0596178445173007,15,6,fri_c1_1000_50_regression_oz51.csv,0
3.149281642309057,7.1189847462495015e-06,0.9946583178227808,9.509643499923795,2.03317045,0.046555231386494,1.50911867316,0.0373505103942345,1.8368442,0.2253261747394207,-0.278671196,0.0378576265879129,-0.299128,0.0291612873579854,-1.8392078,0.2708668119282979,5,1000,5,0,29.109380440077544,3.676052,0.4948021920646669,1.136890451623785,0.058710320098759,0.0001766472354707,0.0,-0.3065423939999999,0.023956121591244,1.2952774203422128,0.1379872876134541,15,6,fri_c1_1000_5_binclass_binaryClass.csv,0
3.149279042823369,5.812626704989353e-06,9.965784284662083,3.1666887997324067,2.032446393,0.0709869770068028,1.5082647459684,0.0489573685153722,1.84762378,0.245652180287143,-0.2661772620696347,0.052370668627159,-0.284669381,0.0364882313912031,-1.84032202,0.2701165140399084,5,1000,5,0,0.0007026428907808,3.6879458,0.5144831092903783,1.138031293811896,0.0557686642593054,0.0001766472354707,0.0,-0.288989477346058,0.0087428544955942,1.2976033408257912,0.1310789763555036,15,6,fri_c1_1000_5_regression_oz6.csv,0
3.1492764433376808,0.0,9.965784284662083,3.1666914154272674,1.94110699575,0.1799823783406803,1.4450639987364,0.1377166354034562,1.97935471,0.6361713075859075,-0.271863205666397,0.0311503488349671,-0.3148781065,0.0475145238294809,-1.82602834,0.1931059982891618,10,1000,10,1,0.0007026434711659,3.805383050000001,0.794672672238244,1.1309300375996427,0.045585439330505,0.0001766472354707,0.0,-0.309788530343995,0.0240757259836295,1.280872978996189,0.1058148124383809,15,6,fri_c2_1000_10_regression_oz11.csv,1
3.149278522926232,4.863192413229068e-06,9.965784284662083,3.1666893228710347,2.0014192021,0.127060855239966,1.4836382039934,0.0959613014148741,1.8093934840000003,0.2808634019156312,-0.2653743047052416,0.0244674933569623,-0.3114611464,0.0444499757513385,-1.768204852,0.130269685145103,25,1000,25,1,0.0007026430068583,3.577598336,0.3933692263207142,1.119998801286604,0.0264851641323928,0.0001766472354707,0.0,-0.3073457565460693,0.0227171533613942,1.2550707202457847,0.0609691265361167,15,6,fri_c2_1000_25_regression_oz26.csv,0
3.149278003029093,4.266545252488467e-06,9.965784284662083,3.166689846009833,2.01241567245,0.0914138836601894,1.4956351578230995,0.0711358704723874,1.7745885,0.2498621549507655,-0.2614689127851381,0.0226053107063626,-0.3084521577,0.0440306404202414,-1.748446592,0.114796629565927,50,1000,50,1,0.0007026431229348,3.523035092,0.3446575197328411,1.11481637250775,0.0259849664158196,0.0001766472354707,0.0,-0.3066192033325635,0.0235788146290594,1.243477258521377,0.0604005727394435,15,6,fri_c2_1000_50_regression_oz51.csv,3
3.1492790428233683,5.812626704989353e-06,9.965784284662083,3.166688799732408,1.908351635,0.2136318191758868,1.4150073408576005,0.1635001265638615,2.1906865000000004,0.7712783981114311,-0.2958328886217379,0.044584501557152,-0.314361526,0.0408481857344428,-1.94093232,0.2917309752482961,5,1000,5,1,0.0007026428907809,4.13161882,0.9663453151888728,1.1560033968597565,0.0634984412470866,0.0001766472354707,0.0,-0.31642579779623,0.0205622333954823,1.3395694951839427,0.1487316380165267,15,6,fri_c2_1000_5_regression_oz6.csv,0
3.1492777430805248,4.110147759603989e-06,0.9895875212220556,16.11297451155453,1.88677495,0.2990704387818194,1.38788350596,0.2414968740957468,2.2116466000000004,0.8606057142686321,-0.271122007,0.0354154403098206,-0.32181045,0.0744876582523164,-1.8364659,0.253364407412832,10,1000,10,2,50.27816480688611,4.0481125,0.963277020086728,1.1341144701674932,0.0618403889514973,0.0001766472354707,0.0,-0.31430616,0.0386626979255579,1.2896574417783988,0.1474925273059094,15,6,fri_c3_1000_10_binclass_binaryClass.csv,5
3.129145922382563,0.063676564354826,9.965784284662083,3.1870507953438523,1.87610962025,0.3053581203190651,1.3768278126162,0.2446651302290636,2.21490493,0.8953023790389889,-0.2302021688180139,0.1510124921670115,-0.2701205929999999,0.2035264003045526,-1.8211158400000005,0.2670499861919578,10,1000,10,2,0.0006986621238583,4.03602077,0.950055537779236,1.1183239370156106,0.0667367122090571,0.0001767859455103,4.386396595678505e-07,-0.26136347882669,0.1944586877804869,1.2546568379829226,0.1548134971223161,15,6,fri_c3_1000_10_regression_oz11.csv,0
3.1279380680000664,0.0610902715022481,0.990604955873816,36.3006080187987,1.92336287,0.269145745496381,1.41577388064,0.2216807972460007,1.91688824,0.6228968268117175,-0.25137489212,0.0716695495833816,-0.29659462,0.0705158412492481,-1.8270492,0.2231779350602339,25,1000,25,2,113.6229413049822,3.74393744,0.7916306342637056,1.1140868088478926,0.0807559360557145,0.0001768136875183,4.600491561131047e-07,-0.2837489561333333,0.0618375553588172,1.247450078008786,0.1783691526287246,15,6,fri_c3_1000_25_binclass_binaryClass.csv,0
3.1492780030290937,4.310759337559389e-06,9.965784284662083,3.166689846009833,1.9780818473,0.2115344494670123,1.46536600585452,0.1669237778169984,1.915373404,0.6193405713353206,-0.2758989541388131,0.0329186877149146,-0.314381127,0.052094491241008,-1.820673768,0.2014515911083701,25,1000,25,2,0.000702643122935,3.736047172,0.7783449120121707,1.128027914108113,0.0450755620087502,0.0001766472354707,0.0,-0.3101572020853551,0.0289306883120539,1.2743975090458886,0.1063001219742456,15,6,fri_c3_1000_25_regression_oz26.csv,0
3.141702738115638,0.0355929841188729,0.9912540071703688,61.58866488057955,1.9736515500000005,0.2126966893874109,1.4573688463319996,0.1645043406026128,1.8130426,0.3763546606446356,-0.25204903032,0.0524674437390438,-0.3039107399999999,0.1027975083416789,-1.7528630599999997,0.117100421375775,50,1000,50,2,194.2004992590634,3.56590566,0.4455432087870143,1.1022962991665122,0.0411353805716368,0.0001767304614945,3.3276252415663176e-07,-0.2994189875,0.0648183465163656,1.2167154083002665,0.0864590490753236,15,6,fri_c3_1000_50_binclass_binaryClass.csv,0
3.1492777430805234,3.938815623446994e-06,9.965784284662083,3.166690107579297,1.99754211885,0.1609000966156088,1.4772842063592058,0.1250252093871373,1.8135594520000005,0.3791745363956272,-0.2626521620481059,0.0215465386392421,-0.3097166530999999,0.0451967601945317,-1.752238078,0.1139584051967087,50,1000,50,2,0.000702643180973,3.56579753,0.4464861732070099,1.1136241867576824,0.0247594608636409,0.0001766472354707,0.0,-0.3071098935945099,0.0225627715760453,1.2407595996159224,0.0574077027140988,15,6,fri_c3_1000_50_regression_oz51.csv,0
3.1492790428233683,5.812626704989353e-06,0.9885173903891564,9.16659733915776,1.7449391499999998,0.3587588870750103,1.27226072106,0.2915774570810386,2.6323344,1.0236440061971253,-0.2860010874,0.0428254806488388,-0.350865,0.0881260206586284,-1.9317472,0.2285902174048574,5,1000,5,2,28.203505345358927,4.5640816,1.086627123802503,1.1582004355368754,0.0487194067662882,0.0001766472354707,0.0,-0.3294478983333333,0.0426841157720506,1.3433271133543347,0.1140278586616824,15,6,fri_c3_1000_5_binclass_binaryClass.csv,3
3.1492764433376808,0.0,9.965784284662083,3.1666914154272683,1.746043383,0.3622478383743631,1.269244467729,0.289510548487473,2.60492188,1.0347665667553685,-0.280440017499136,0.0361335434930747,-0.3337759409999999,0.0894937032840975,-1.93174728,0.2285903347668751,5,1000,5,2,0.0007026434711662,4.53666916,1.085308681173293,1.155721715815898,0.046543856351282,0.0001766472354707,0.0,-0.31988839930856,0.046158214148436,1.337425748859682,0.1086489733874785,15,6,fri_c3_1000_5_regression_oz6.csv,0
3.1363397950516205,0.0469705228178447,0.9881489563064276,85.55399387778616,1.9669598025,0.1943324480568136,1.450576307019,0.1656607628029635,1.79684454,0.3392250964686576,-0.23697604526,0.0898773758368138,-0.28093836,0.1343400031213782,-1.73902305,0.0849558320588743,100,1000,100,3,270.5444811351849,3.53586759,0.3941533704694482,1.096718119782632,0.0499151764750809,0.0001768414949555,5.586374532837717e-07,-0.2816568694666667,0.108727145315557,1.2052572438536655,0.10440454574142,15,6,fri_c4_1000_100_binclass_binaryClass.csv,0
3.146917838311116,0.0191321091959637,9.965784284662083,3.169066509610273,2.0032930706250003,0.1357389370468404,1.483364943600414,0.1077365691599703,1.796759405,0.3330811882529062,-0.2530099465952133,0.061673995784478,-0.2980495401,0.1000958553811706,-1.738882673,0.0851037100539704,100,1000,100,3,0.0007031704705484,3.5356420780000004,0.3906012625452537,1.109330505428345,0.0256084931567234,0.0001766749774786,1.9517236926010498e-07,-0.2981210594033554,0.0774494477963483,1.231263407246448,0.0555541569925561,15,6,fri_c4_1000_100_regression_oz101.csv,0
3.122218997784114,0.0616561359841593,0.9895875212220556,17.747074241625498,1.81239035,0.3644089616214788,1.3382163318299998,0.3053428616964332,2.4519207,1.0680318640853217,-0.208587047,0.14782031039994,-0.2815149,0.1306952183897075,-1.81983,0.2118500518118102,10,1000,10,3,54.99328120453795,4.2717507,1.151472419642303,1.0955374984337332,0.0823713507955802,0.00017692465555,5.848528794238006e-07,-0.26739853,0.1411815899934559,1.2063089459631418,0.1784122193106037,15,6,fri_c4_1000_10_binclass_binaryClass.csv,0
3.1492777430805248,4.110147759603989e-06,9.965784284662083,3.166690107579297,1.809973325,0.3471841758481254,1.3312135279611,0.2823543000259779,2.45833127,1.0766030753290536,-0.276690670427781,0.0316090185139514,-0.3563634845,0.0661504329509315,-1.81414552,0.1980141244719162,10,1000,10,3,0.0007026431809733,4.272476790000001,1.1589826821916465,1.128239207772647,0.0445055096715184,0.0001766472354707,0.0,-0.3330400842829683,0.0456067087128479,1.2747063763074598,0.1025840482133624,15,6,fri_c4_1000_10_regression_oz11.csv,2
3.1492780030290937,4.310759337559389e-06,0.9936167534536142,40.44096052813235,1.95677689,0.214797783745963,1.441331028396,0.1686990583100731,1.97630188,0.63681510309085,-0.2712541976,0.0241203269253532,-0.31492106,0.0563305306489666,-1.81070796,0.1833801693132966,25,1000,25,3,127.1780193117091,3.78700984,0.7822255963903403,1.1285494317156897,0.043649158838611,0.0001766472354707,0.0,-0.3129120943333333,0.0254639705485984,1.2754528589304317,0.1023551701086743,15,6,fri_c4_1000_25_binclass_binaryClass.csv,2
3.149279562720506,5.665447709667578e-06,9.965784284662083,3.166688276593954,1.9592062815,0.2308416528162618,1.4474939928867598,0.1742605944008726,1.956693228,0.5927375025255738,-0.2669599840649203,0.0256143903334491,-0.309397139,0.0613326100340452,-1.79999882,0.1646149202786131,25,1000,25,3,0.0007026427747041,3.756692048000001,0.7107555377068395,1.126152557557352,0.0362682194046938,0.0001766472354707,0.0,-0.3076609527422005,0.0299028174759436,1.2694823512822009,0.0849095747758768,15,6,fri_c4_1000_25_regression_oz26.csv,0
3.1400717127640285,0.0321702325960867,0.9895875212220556,61.17774545609692,1.964541295,0.1797766284970875,1.4436841814640002,0.1517940846461412,1.8749172,0.5558025695836204,-0.2326840138599999,0.1067152682144384,-0.26198093,0.1544629308044955,-1.75950424,0.103950346003598,50,1000,50,3,193.1238180935608,3.63442144,0.6070674720341767,1.1044554001004274,0.047635720939997,0.0001767859455103,4.20354898466177e-07,-0.2682885873,0.1407653491297521,1.222045509482279,0.1023834935231436,15,6,fri_c4_1000_50_binclass_binaryClass.csv,0
3.1492782629776617,4.555726468800215e-06,9.965784284662083,3.1666895844404115,1.9962857564,0.1492926022207922,1.47732813118632,0.1202563352463247,1.871694728,0.5382156305176855,-0.2627659429672452,0.0216830826838179,-0.297485971,0.045498474104893,-1.76052938,0.1114921264202041,50,1000,50,3,0.0007026430648961,3.632224107999999,0.5927710015953037,1.1165457153009164,0.0240921297596009,0.0001766472354707,0.0,-0.3061224739304087,0.023354998472676,1.2472431564588613,0.0564047362413783,15,6,fri_c4_1000_50_regression_oz51.csv,0
4.359309378916249,0.0993735206699674,11.106102993951886,5.864594672305141,342.69819375,497.23018838069385,218.70026264625,320.163594597824,10940.4550125,16648.74762144206,591.1051430414244,892.8979823984445,449.4971375,681.5025866420735,-10.4075125,47.29702643704955,8,20640,8,5,1.3019399849294089,10950.862525,16639.16095614888,486.32991236694807,730.9091245121765,0.0028630789287008,0.0066081894830871,485.9318397135417,734.7894869915502,703966.4134211052,1469119.1856720725,15,6,houses_regression_median_house_value.csv,0
3.9137156409654335,0.6986486560485861,9.083154612142412,9.804923141525908,209.107847234375,836.0379229580807,78.3660898905675,313.18159986674704,457661.06608995626,1830640.7823760288,413.646880639029,1653.4306536453462,58.5775592,233.1795505702612,0.1510072375,0.4972145275826735,16,22784,16,15,3.224708561732037,457660.9150827188,1830640.2893112912,3873.058815280661,15491.841450471618,7.107013994007359e-05,9.657327943676629e-05,85.28488114873967,340.0230968749905,239997914.14276427,959991656.5082536,15,6,house_16H_regression_price.csv,0
3.934992455021887,0.6039100842852413,9.083154612142412,9.42209391432931,153.74459724374998,434.1658346120564,51.30735594970124,144.60964664961918,352427.1069978625,996807.9821489952,311.472213554665,877.8242011661692,44.347839275,122.3064847820509,0.1641972375,0.3475035486107812,8,22784,8,7,3.081827299717022,352426.942800625,996807.644433741,2902.15805277584,8207.934967998099,0.0001107976880057,0.0001340679799455,64.35581095546647,178.9302353243947,67371443.24731688,190555217.2442642,15,6,house_8L_regression_price.csv,0
3.530501641671836,0.8275841215610183,4.70043827987653,13.40787618681137,0.6604479740680713,0.3623013322596126,0.4446300579578606,0.2493358080849541,0.9815954619124798,0.1010712226961483,0.1395431612832014,0.488654393753401,0.1336042139384116,0.5663178959453146,-0.9314541329011348,0.1184099778063179,617,7797,617,349,9.070662791494769,1.9130495948136144,0.1478595430955117,0.4454387724597407,0.1418553900557495,0.0048144470037003,0.0406392403961046,0.1403022595873905,0.5482686015833137,0.2185060375140504,0.1280594758011182,15,6,isolet_multiclass_class.csv,0
4.070968360026418,0.0712235002092233,3.132069248447984,10.24941786995629,1.9203362857142856,4.160592417452914,1.3134146894999998,2.838756717989583,8.958254642857142,23.97251721602376,1.863730704332612,5.338074109756263,1.5055735714285714,4.328609687275362,-0.5033667857142857,0.7320437156786765,14,9961,14,8,12.321881653145825,9.461621428571428,23.42094539894855,1.6252260990494105,4.017052687923642,0.0032765022771717,0.0094420428132188,1.610494790422811,4.595642960229538,17.625449863617742,59.15350396691804,15,6,JapaneseVowels_multiclass_speaker.csv,5
4.03964196298154,0.0327677754758588,0.9997770990046064,38.22132385499496,1.71612178125,0.207076631225463,1.2366787287749998,0.182452508388309,1.570474875,0.0002194984135966,-0.1675640937957763,0.0541001435313705,-0.27605475,0.0226640954690137,-1.5703365,0.000606158395141,8,8192,8,0,153.43488741547344,3.140811375,0.0007404357669642,0.9330516412011016,0.0439181715725724,2.172673599258569e-05,6.0494494490581e-08,-0.2434910138578112,0.0578740307282468,0.8722730702180626,0.0808364983807334,15,6,kin8nm_binclass_binaryClass.csv,0
4.062665094250771,0.0423254826451152,12.999755859374998,3.2301546968235644,1.7655201365625,0.2007281048571098,1.3014078596216248,0.1490947007779765,1.57053385,0.0002183492353351,-0.1979186316768203,0.0728400724253419,-0.2542079124999999,0.0525393659674463,-1.5700373875,0.0008209168992874,8,8192,8,0,0.0094833224388111,3.1405712375,0.000883433829582,0.976308454060405,0.0632546640946199,2.155631270901728e-05,1.5351886876463803e-08,-0.2410558970980496,0.0829182799041532,0.9566792059333258,0.1170375537172232,15,6,kin8nm_regression_y.csv,4
2.787465423669401,0.2698477884404511,4.699810726573159,11.824322039295954,2.1875,0.8341662504161466,1.667925,0.5064043068537233,15.0,0.0,5.898825,1.843485777994142,5.8125,1.8337120820892248,0.0,0.0,16,20000,16,15,6.013024728104753,15.0,0.0,2.1165474833660296,0.4139936454555929,0.0624531226561328,0.0,5.812125,1.9459773767764943,4.6404520666658335,1.852147524551736,15,6,letter_multiclass_class.csv,2
2.560037393888185,0.7971093148508075,0.1593164203699976,7.057118888123824,0.9049582791666668,0.7317649235222609,0.200930447298,0.3294955065325871,16.8715624,12.90927252420479,-0.0996132156245999,0.034546619042746,-0.5360381266666666,0.2929202157966085,-0.6715638566666667,0.2264665607959779,6,11183,6,5,112.40003877035304,17.543126256666664,12.84255395653174,0.9531188555984386,0.0214617502853228,0.0017664152671739,0.0025188885179992,-0.3531180648140402,0.0339214967901429,0.908819391835035,0.0409324730532295,15,6,mammography_binclass_class.csv,0
3.850768896978935,1.2604849587929603,2.331572915249456,4.125990077612725,16058.210638111486,96813.59719259426,11864.02179572576,71650.03195341803,39423.899688702695,237540.1065077965,11612.53780350457,70034.96741361893,10992.932688952702,66367.85690332775,-78.65401858108109,867.126326329026,74,45164,74,49,5.814384468184172,39502.553707283776,237276.757491776,8730.865116708641,52592.02490181907,0.0150195147900918,0.0296466852925881,11024.15513452994,66504.84674780238,2804771777.023587,16943743937.719263,15,6,meta_stream_intervals.arff_multiclass_class.csv,0
3.2771303076281857,0.1470734456465245,3.321928094887362,6.550730626721167,59.48726851851852,60.47966321613295,39.74878055555556,39.639667038555295,472.3703703703704,478.3790866664869,317.7371643518519,347.52340387639623,317.537037037037,351.3984269114351,189.54166666666663,239.0725065165232,216,2000,216,163,5.462390894907081,282.8287037037037,263.9184569454197,47.012731212192485,44.15201166925437,0.0189994816481035,0.0190009585237502,317.1804243827161,349.34588868559905,4150.572029849416,5178.104159233178,15,6,mfeat-factors_multiclass_class.csv,0
3.389649300635163,0.0577330742627448,3.321928094887362,13.731351326722828,0.0969797094736842,0.0596899587819158,0.0688483104595263,0.0415906395929756,0.3791068892105262,0.1507274885216672,0.1234467235991447,0.0637091874457373,0.1126011804605262,0.0599202376868499,0.0033600864473684,0.0025892780742097,76,2000,76,68,13.011280223986892,0.3757468027631579,0.1490554550824152,0.0663539693797458,0.032435216461882,8.982822516360119e-05,5.593782452647266e-07,0.1157712667537281,0.0616420822100764,0.0054410498448125,0.0059711508743107,15,6,mfeat-fourier_multiclass_class.csv,5
3.3882636748111588,0.0480434102216854,3.321928094887362,14.819926491439432,3.06283225515625,2.061856939553768,2.1725238008814376,1.3928307546267062,6.827101759375,3.879449707093938,-0.2271559444160155,0.74652078204038,-0.382513186953125,0.8155053700905592,-6.70995086796875,3.339114565117085,64,2000,64,53,14.115865593718826,13.53705262734375,6.9610595720775015,2.1463684850366995,1.336051357225296,8.983623380671803e-05,3.720083293706508e-07,-0.3292224868680989,0.7658704065383898,6.364039758496926,9.25667181555668,15,6,mfeat-karhunen_multiclass_class.csv,5
2.454411594729413,1.0469594561662732,3.321928094887362,3.3894855915227,814.6225841375,1974.568703704476,493.2028658810855,1198.408706357209,2969.839272355,7154.244887506668,991.9452698784291,2353.3887993550834,703.5338011475,1652.109309840922,259.2328219066667,580.0366593643803,6,2000,6,5,1.5043265532463852,2710.6064504483334,6575.594405146909,602.6023440594959,1462.5620970985783,0.1109836557612628,0.1358401264817239,869.8170505634112,2057.310512255965,2145702.824957159,5255569.480539271,15,6,mfeat-morphological_multiclass_class.csv,0
3.39016412831537,0.0476388814681525,3.321928094887362,10.256170052441114,58.37113156872341,54.20256074741248,40.45244062697496,38.48029861857,220.9176766225532,207.4141557213049,82.77525269815489,100.30934232941637,76.11102249914893,98.1707493905528,13.081972119148938,49.81820735951912,47,2000,47,38,9.46684299374252,207.83570450340423,185.9611773966028,40.08624078071172,36.60746901815389,8.982325918487561e-05,4.460693382716978e-07,77.06484926674362,98.01288638240013,2918.500577463121,3861.066992688095,15,6,mfeat-zernike_multiclass_class.csv,5
0.9904567340409338,1.1559742826811676,3.319837025403414,44.056954047757856,52.82748724489796,89.82316496556726,5.130476785714285,20.169700389593004,219.82142857142856,81.11772659737788,28.378757452623905,36.20393054324898,3.460459183673469,13.604276534191966,0.0,0.0,784,70000,784,524,12.144171380711436,219.82142857142856,81.11772659737788,47.25721373574715,43.13936593761232,0.1168689403988903,0.2823920061532684,15.11335756802721,28.100457788953893,4091.8754128338114,4785.172168704324,15,6,mnist_784_multiclass_class.csv,5
3.224107614600352,1.0000214701603156,9.072489733617438,8.02189219468663,0.1176377091584158,0.0781823406322676,0.0812805137435643,0.0613815806939133,0.992171698019802,0.0343093328475021,0.2526060703882523,0.2134948766109855,0.2346756608910891,0.2262314529323359,0.0016959752475247,0.0170393926182942,202,4450,202,202,1.8507548057681693,0.9904757227722772,0.0379576856898275,0.1096693328112885,0.0472163578339914,0.0186120240532982,0.0574578104377142,0.2393755363277339,0.2230240181416504,0.0142457104497118,0.0132852473974799,15,6,mtp_regression_oz203.csv,5
1.937926543788704,1.244847701349339,3.3218327248667654,14.499509305704557,5.78125,5.174629041224667,2.73354375,3.2160314865529536,13.328125,5.027084381721912,4.778241770462634,4.426904504268109,4.53125,5.560543395851062,0.0,0.0,64,5620,64,35,7.458879866253108,13.328125,5.027084381721912,3.6732024546732953,2.3542670557711665,0.1249715659843816,0.1883103967735842,4.586238693653618,5.111601068505931,18.94838693400284,15.5772064905736,15,6,optdigits_multiclass_class.csv,5
3.663889148605295,0.2958343919002858,0.6354628258660036,5.213389379118118,163.1628,248.9895821237864,61.09572209999999,84.57832400988052,23320.6,45399.41965904165,219.8288972227297,354.0113213409549,56.1069,80.91826242360594,2.5121,3.125169024762234,10,5473,10,10,29.05884844258812,23318.0879,45397.00730730965,804.5701724365715,1503.7445702267155,0.0019814332386143,0.0028720003868387,77.52920861491629,115.83404376253158,2682456.121612312,6999836.896013679,15,6,page-blocks_multiclass_class.csv,0
3.475011494082436,0.4239603649233509,3.320771738890595,6.165504779502213,52.75,18.411952639521967,32.3392125,15.93335212748717,100.0,0.0,49.63174354075692,20.78085670739097,49.625,28.43677196870277,0.0,0.0,16,10992,16,2,5.451873739068898,100.0,0.0,30.691900586763413,6.823689021140496,0.0098689387500025,0.0001691355196059,48.55436059733172,26.39614478087956,985.6453227439248,397.2588042930845,15,6,pendigits_multiclass_class.csv,5
3.682330659891171,0.0763746991628779,11.876629050506004,3.262562910526485,12.79835625,3.50703091020827,9.350128095,2.6209656555711,26.196375,8.408342574837999,-1.6265233303014552,0.586881353348432,-1.67895,0.500698938152126,-26.16055,8.088748261834668,4,3848,4,4,0.0115526370459133,52.356925,16.429230702901666,7.797511475548381,2.148166526971541,4.792470099076449e-05,4.5054937201449386e-07,-2.0354440584415583,0.6929850050865118,64.26214978200943,33.95402362129098,15,6,pollen_regression_DENSITY.csv,0
0.7222549048816073,1.03611268726152,0.9210049486251756,63.306953106533975,2.6666666666666665,7.023769168568492,0.6486375,3.719489420155532,72.64583333333333,68.1436185436828,19.02408611111112,36.09440109212164,16.791666666666668,35.805597050487,15.4375,34.644643594461094,48,15000,48,26,48.64550675059665,57.208333333333336,59.37975811468808,6.11204562156355,7.835950434030408,0.4655400443100079,0.4968509653876846,17.20254861111111,35.91258112392667,97.48001006789342,187.1115612908311,15,6,pol_binclass_binaryClass.csv,0
0.7205442354583198,1.0344474405097808,1.8914102162679105,75.1515451250577,2.645833333333333,6.954225971684284,0.6486375,3.719489420155532,72.0625,67.88958690873217,19.01899583333333,36.09133610283017,16.791666666666668,35.805597050487,15.4375,34.644643594461094,48,15000,48,26,27.62943858498013,56.625,58.93220952203418,6.098392030501972,7.825108786744069,0.4655300919053842,0.4968599711436258,17.20117824074074,35.909366051659376,97.147039391978,187.0697949105893,15,6,pol_regression_foo.csv,0
4.041127357085337,0.0436082093868583,0.9999559719934968,297.38593360192976,15.28522234375,31.895638786181795,11.312000367018747,23.634935885756075,13.7712484375,26.76352565985704,-1.2572784289665222,4.4252117527077255,-1.6254960156249998,5.056265833726007,-12.481346812500002,27.35139922498111,32,8192,32,0,1200.8273459533254,26.25259525,54.10017443353507,8.34909882583766,17.37414324391983,2.1690590574984787e-05,9.1648942129324e-08,-1.6237216858154495,5.134290985355694,362.13515299321614,852.4015042459815,15,6,puma32H_binclass_binaryClass.csv,1
4.038689795020242,0.0452028643205546,12.91753553771708,3.2902541970437738,15.3450783828125,31.954415974719858,11.35296451235625,23.67401779637281,13.77161853125,26.7643448438431,-1.2340531203689578,4.355757131685978,-1.5881510468749998,4.937913984568929,-12.481330125,27.35140724326571,32,8192,32,0,0.0287036571196968,26.25294865625,54.10100216524666,8.359888489342309,17.387155878753468,2.1694466696186328e-05,9.21213176845737e-08,-1.5910717852484235,5.030768618700394,362.7536379328072,853.8431235198613,15,6,puma32H_regression_thetadd6.csv,0
4.020950961225221,0.0504668640794155,0.9999860693604422,34.62515597334843,1.804631875,0.6843198936257157,1.3203561168,0.5021902539810056,1.563298875,0.5946022488740897,-0.1944206867370605,0.078084835485562,-0.2680259375,0.1006145472269,-1.5633335000000002,0.5946234955943611,8,8192,8,0,138.22799372860555,3.126632375,1.1892256957163272,0.9557904630125916,0.3650067086490254,2.1752666152464826e-05,1.2736094600241146e-07,-0.2666574766578519,0.1008986554412964,1.0301115693747696,0.5583580933237953,15,6,puma8NH_binclass_binaryClass.csv,0
4.012784590978894,0.0495477482221914,12.999999999999996,3.270581917662496,1.722194625,0.6695959497234535,1.2623125121249998,0.4899953171826627,1.56291675,0.5945813677977256,-0.1704853894805908,0.0792857033851553,-0.2628981875,0.0999837284275859,-1.5632502499999998,0.5945721382761004,8,8192,8,0,0.0095492863638666,3.126167,1.1891530576179,0.9348940822521724,0.3543368952904175,2.1757829852854675e-05,1.2196300405684928e-07,-0.2411252999898291,0.1036302091430808,0.9838872509736772,0.5359853357274661,15,6,puma8NH_regression_thetadd3.csv,0
3.364820117549231,0.0913448111613855,0.9912232530606148,182.02243605937127,88.46333333333335,58.758957047698985,54.077835,25.20375412590909,304.71666666666664,308.45314203835454,46.67715335169881,28.25153223968117,44.9,40.37249961297913,-82.14666666666666,90.99092830240458,3,2178,3,1,616.8958703871705,386.8633333333333,256.7401566435086,85.47242687197915,46.59744405351627,0.0010783632890736,0.0016054547880023,46.55035677879715,38.93119100681994,8753.083616932876,6745.383131487146,15,6,quake_binclass_binaryClass.csv,0
3.3287831027832326,0.0480361992072749,2.5898923943940564,77.58765322790263,84.75916666666667,65.81168685790794,51.587067,37.75197236884809,303.71666666666664,306.74499316750604,42.82166360575452,32.34418868795203,35.99166666666667,42.75107961599722,-81.13000000000001,91.27632716098957,3,2178,3,1,98.72324317747336,384.8466666666666,256.6166669048083,83.04882523574541,47.37736896648574,0.0011079918300491,0.0016511879171023,41.6693246687054,43.72564443143082,8393.517433161736,6574.676356564881,15,6,quake_regression_col_4.csv,0
3.4208815565445367,0.0668551462150141,2.5898923943940564,68.86931002256006,91.34083333333332,63.447566754630806,58.71837299999999,32.674155400511864,304.71666666666664,308.45314203835454,44.88524028160392,26.779557150890028,41.1,34.53983063073703,-82.14999999999999,90.99630267214158,3,2178,3,1,89.96661814138581,386.8666666666666,256.73963257224887,84.03845615146398,45.09460381441926,0.0010979545020366,0.0016391175932481,45.28482925586136,37.43978389039794,8418.144307774492,6405.46112523489,15,6,quake_regression_richter.csv,0
3.729820279160078,0.0665132461726982,2.4832958827266416,3.429608838068961,20.02777777777778,4.747848301290122,14.496533333333332,3.3267511094159112,133.75,19.562902209466337,83.35453250453251,11.194925845018783,83.30555555555556,13.524199357225118,36.86111111111112,9.384341906381769,36,6435,36,36,4.151147989570581,96.88888888888889,22.646069072676703,16.678288301259123,3.235386248067812,0.0136628349390564,0.0038066185358046,83.66963797519354,11.756410529660412,288.3422547181536,110.04876698244658,15,6,satellite_image_regression_class.csv,0
3.727163136125916,0.0736728005560517,2.4833618760456604,3.4293676842226084,1.1119823472222223,0.1672967797822531,0.8005513265166666,0.0724141371213006,2.7988033333333338,0.6395690229872881,-0.0028501202047693,0.0326853332897466,-0.0043214444444444,0.1921855159616717,-2.5719487777777776,0.2766461154008969,36,6430,36,36,4.146979558697629,5.37075211111111,0.7949479924287151,0.9254174847688031,0.0038751879504901,0.0136600033116956,0.0037938028492629,0.0098300414794654,0.0669603429826024,0.8564121210563129,0.007164922906065,15,6,satimage_multiclass_class.csv,5
3.38763091714589,0.3760008651852864,0.6780187068738636,29.80571996537567,0.2698533829431438,0.1329871162621761,0.1588282703117057,0.0958093149684549,0.9996219397993312,0.0027383520891494,0.3424728928126298,0.1979066503986498,0.2769027859531772,0.2379521322515971,3.5886287625418065e-06,2.842961409357101e-05,299,2407,299,185,147.92034310977118,0.9996183511705686,0.0027380025321752,0.258563607765544,0.0832196559213125,0.0084492145875854,0.0641835237997211,0.2905587259677587,0.2327505464314824,0.0737574881478082,0.0395525165857395,15,6,scene_binclass_Urban.csv,0
2.959478651629866,1.21462774518493,2.807354922057604,4.098068190155306,25.708188789473684,31.531170404720367,16.473708726786317,20.939155081946662,200.6265802631579,363.9116714883924,23.480571693213584,40.16960608193767,19.539692236842104,41.75474914702949,-4.107588421889189,14.262996773125275,19,2310,19,15,3.320132529875828,204.73416868504705,361.6810880924728,24.073438195834505,22.435588662724285,0.0846785558149995,0.2400333955355288,20.11251498159414,40.70621708213838,1056.3936631777858,1332.2941142085754,15,6,segment_multiclass_class.csv,5
3.559426988549997,0.0824446259010369,0.9999532967890264,19.979953576620368,3357190.9507425,8223401.758858503,2259707.722487666,5535128.805107623,-11268321.234109668,27601667.94666788,-16080122.64947638,39388114.25195227,-15480954.118637832,37920456.589500055,-20682049.05461883,50660474.69684872,6,3107,6,5,70.12050754666708,9413727.820509167,23058806.750181675,2614097.965438487,6403203.553960059,6.773157028134188e-05,1.3055619969405313e-05,-15609690.420367705,38235795.01548752,41001021300781.92,100431581119896.66,15,6,space_ga_binclass_binaryClass.csv,0
0.983943123218134,0.8928548722861546,0.9673602371807668,15.643852261776814,3.987578947368421,25.50482553707615,1.9731585263157887,12.680934641951428,483.492596491228,2459.018644601947,5.219171945839387,32.297084398833306,1.4536842105263157,9.225631343393824,0.0526315789473684,0.2252817784447915,57,4601,57,57,14.91202559501046,483.4399649122807,2458.8336001100342,14.53703785793063,80.49957926950819,0.0066224410193136,0.0053493340573996,1.85289197913291,11.72960682767498,6577.820324135513,45176.169523046265,15,6,spambase_binclass_class.csv,0
3.260415494263141,1.468544822544743,9.71919635486444,9.082472998432657,0.0763039887218045,0.0572165881772511,0.0534224143263157,0.0423225856683323,0.9604036654135338,0.1563875315874146,0.1945394166496714,0.211713073645733,0.1837210263157895,0.2188133005408157,0.0014196503759398,0.0116963950570306,266,8885,266,261,2.0468193674773705,0.958984015037594,0.1564645143851503,0.0749949352996453,0.0387748437064136,0.0332213504713696,0.146772675184335,0.1859593812055462,0.2166571386389143,0.007122076612632,0.0056228556993919,15,6,topo_2_1_regression_oz267.csv,5
3.1893764480758104,1.6396440552120373,5.161428470284308,5.437184017869643,9.97695,17.952058866046535,5.758566659999999,10.060526514917225,43.092125,81.95423732016036,12.667842778613586,23.35640444746432,10.844,19.79505771044884,0.219,0.4473522102326086,4,8641,4,2,2.3597727354521365,42.873125,81.50701311173066,7.437445275485235,13.544457434407525,0.1250353570323901,0.2499378487257224,11.495599435872707,21.120584838608025,192.9048376201956,384.68149259548994,15,6,visualizing_soil_regression_track.csv,0
3.8163497615757422,0.0585365151367086,1.5848792049207137,15.145435583664472,1.496375,0.547939306834579,1.076552925,0.3426529732591006,5.077500000000001,1.968543324520144,0.8688756999999999,1.1520958615833348,0.7698750000000001,1.112831044090839,-3.163,0.6252474381989573,40,5000,40,40,35.46983271609663,8.2405,1.5856761883685375,1.1889888679736038,0.3398262500781576,0.0015005496277746,0.0003044132728968,0.8371304166666667,1.1359646637810004,1.5262893614012802,0.9028897732394968,15,6,waveform-5000_multiclass_class.csv,0
3.834797980267862,0.1299436089368808,9.220620127247296,7.415528288260505,6.313571428571428,2.1949263423522094,4.655364,1.6912640873338591,33.54857142857143,14.600018365184898,14.076899691425094,16.547343049159444,13.33857142857143,16.791335612402953,4.747857142857144,16.199318209096344,14,6574,14,11,2.0840716253354774,28.800714285714285,7.801543697623827,4.767745077640898,1.2434761037131474,0.0135191765666665,0.025564414748386,13.71788520020274,16.735459276652655,24.16718074440996,14.591905515945625,15,6,wind_regression_MAL.csv,0
3.787080783961045,0.0689817872641755,1.8376039948582683,31.958454921598108,8.043441818181819,18.44467818508191,5.982967604727272,14.423924861339549,66.25454363636362,130.78880105855754,15.70705010405735,34.00443984755625,14.95359818181818,32.963236083734806,2.137828181818182,2.733573932919387,11,6497,11,11,64.8625312403091,64.11671545454544,129.94097813508498,6.890651883956097,15.720983941198346,0.0066157016084646,0.0032852751044705,15.52224911624581,34.39092771282905,272.16229800351886,810.3661367791626,15,6,wine_quality_regression_quality.csv,5
3.170903814257599,0.8832100194986722,0.1066848655670195,26.380020675384955,0.1553391551724138,0.18570334050296,0.0812276535362069,0.0378879951161067,0.4965248965517241,0.2055925147705858,0.0227823833264377,0.1248590164703311,-0.0022416465517241,0.13397992877879,-0.3497727413793103,0.1811915066612081,116,2417,116,108,783.0709901558103,0.8462976379310344,0.1589818426497816,0.1298948177327074,0.0965792254970892,0.0560777827443707,0.1583206290457822,0.0062699796988996,0.1365420379943274,0.0261198005852445,0.0504722731540202,15,6,yeast_ml8_binclass_class14.csv,0
2.21368948936012,1.4075345207365169,2.490417636232728,15.061013052591932,0.07,0.0555492059863531,0.0426247499999999,0.0399693593206095,0.92875,0.1056189241701369,0.3772843665768194,0.1858342857039175,0.35875,0.1960639472941709,0.11875,0.1733236032067514,8,1484,8,8,12.387475983374662,0.81,0.1478416140913743,0.089530396478066,0.0336054296489838,0.1154408537241616,0.1909826089777651,0.3669058295964126,0.1931333120515235,0.0090038511826758,0.0059335798339597,15,6,yeast_multiclass_class_protein_localization.csv,5
0.4681365944689747,0.876807594589161,9.71919635486444,71.41861878779255,0.0133412828685258,0.0512699474252477,0.0068168825713147,0.0327301753285218,0.8276879641434264,0.3628323698411192,0.0330529572088685,0.1220308457211608,0.024171155378486,0.1230651949486765,0.0,0.0,251,8885,251,211,2.439962293205616,0.8276879641434264,0.3628323698411192,0.0442429472455672,0.0351908767843891,0.3478887228027562,0.3061897937743668,0.0249128676918661,0.1228938287736952,0.0031909023340159,0.0060117164476778,15,6,yprop_4_1_regression_oz252.csv,0
1.4080972240453506,0.1665746374295448,0.9999977500599352,45.938866367769535,0.8,0.6324555320336759,0.0,0.0,1.0,0.0,0.0909880298273155,0.249457822179442,0.3,0.8232726023485647,-1.0,0.0,10,40768,10,3,63.68653574907504,2.0,0.0,0.793282471261907,0.0869626939485118,0.3499840557313513,0.0527059204952308,0.1516392772463412,0.41574264142799,0.6361033383363026,0.1384259140967991,30,7,2dplanes_binclass_binaryClass.csv,0
1.4085545826869823,0.16720625629206,15.29547077834474,11.153666802349973,0.9,0.5676462121975467,0.0,0.0,1.0,0.0,0.1807618720565149,0.2115625442545036,0.6,0.6992058987801011,-1.0,0.0,10,40768,10,2,0.02713729547028,2.0,0.0,0.8074315089292788,0.0778721793862645,0.3499840557313513,0.0527059204952308,0.301255007767149,0.3525869431840243,0.6574033103019421,0.1247596708215374,30,7,2dplanes_regression_y.csv,0
2.6647733945390866,1.0787980474339554,0.9999906975135884,7.181401856114813,0.1507777777777778,0.2418026198047582,0.0915917333333333,0.1251151632294923,1.0830555555555557,0.7175940898431213,0.3304409996541909,0.1727943789060234,0.2724444444444444,0.2080413787634031,0.0166111111111111,0.0280922340000063,9,4177,9,9,18.13698662322639,1.0664444444444443,0.7224408039955785,0.2161701704063066,0.175253799663246,0.1154711747287427,0.2180354507398138,0.2790430128972211,0.1989765198585579,0.074030781948074,0.0945426722606704,30,7,abalone_binclass_binaryClass.csv,0
2.0899159593439927,1.4497852897062171,0.9832048570341376,16.67588067496032,5.296125,28.63790187772724,3.8799642000000008,21.1146960299077,28.490200000000005,154.69423368501774,-0.91218972,3.439731091272435,-1.000625,4.122674540706523,-29.3127,154.46503711398785,40,13750,40,40,34.446518504643215,57.8029,309.1183683164188,6.366245990040556,34.48594288586513,0.080022307245515,0.1161212086710786,-1.020152260606061,4.0249729503649165,1200.0773383146802,7500.453030384183,30,7,ailerons_binclass_binaryClass.csv,0
2.0901163032320254,1.4508822135400825,3.828958233704801,33.710867628800614,5.213875,28.126847442172693,3.8428992000000006,20.881457037419,28.496950000000005,154.69306796494695,-0.8839773599999999,3.345105272608045,-0.951125,4.059639476145887,-29.3242,154.46289762256492,40,13750,40,40,17.40177659991814,57.82115000000001,309.1150218547027,6.398625546822094,34.67127220605563,0.085043032664311,0.1282422297296266,-0.9850302484848482,3.923188193916154,1212.98709736519,7581.495192338553,30,7,Ailerons_regression_goal.csv,3
0.8805507301523602,1.0736621319516788,0.794432350758128,11.610423278497308,1.4285714285714286,3.3594217189442417,0.8472,2.241480510733921,286.2857142857143,750.3947215267696,282.0927231702157,745.8118063352528,282.42857142857144,746.7948975773865,279.0,738.1646157870208,7,4052,7,6,11.86902111363214,7.285714285714286,12.776466461353673,1.512240511849528,3.0535816989423656,0.375242640461105,0.213872086143419,282.18638392857144,746.2199090100952,10.27918095892099,26.79783507084624,30,7,analcatdata_supreme_binclass_binaryClass.csv,0
0.8426995480529044,0.9879450379684948,1.825202079049472,15.425081713392933,2.142857142857143,5.241773600241666,0.8472,2.241480510733921,286.2857142857143,750.3947215267696,282.34762374841347,746.4963298874403,283.0,748.3067552815489,279.0,738.1646157870208,7,4052,7,5,6.121791903351771,7.285714285714286,12.776466461353673,1.6491149683863682,3.4215956239722254,0.375242640461105,0.213872086143419,282.59956531954884,747.3243241546692,12.75442299094387,33.3515979935524,30,7,analcatdata_supreme_regression_Log_exposure.csv,0
3.311309519805956,0.4211420700560326,10.767172197728645,4.1850586294342,1.2144727031249998,0.6842677847771766,0.6771314504062499,0.37910446487694,6.0169404375,8.129397863824419,0.8920054095649719,1.5623354868771395,0.548298796875,1.4157597222413605,-0.0302962499999999,1.275892028022647,32,8192,32,12,0.2870625848739479,6.047236687500001,7.871634485941804,0.9443080298761466,0.7284593084136519,0.019676035779012,0.0534931900682564,0.6555066336960944,1.437862429873679,1.4057877141776125,2.34835962139902,30,7,bank32nh_regression_rej.csv,0
3.220409541068273,0.5664028686094088,0.9730662661337472,20.67550007556917,1.15611415625,0.9679964112537514,0.6879742138499999,0.5162776370361745,8.269368125,12.245567281430024,1.4880552593688965,2.4850784704104294,1.2015003125,2.465077912757496,0.380009125,1.883986344468667,8,8192,8,2,67.42656047904646,7.889359000000001,12.227890567808355,1.0195364737010546,1.1293399516234237,0.0312846254029671,0.0883373594656763,1.297430848377746,2.5339351918203907,2.155437256747979,3.506808192839397,30,7,bank8FM_binclass_binaryClass.csv,0
3.261926996675528,0.5831389278705852,12.86331256724435,4.069578797611515,1.277681,1.02237310153841,0.6815285176875,0.4931372929061711,8.090147875,11.967395288163782,1.319529697555542,2.182418416248538,0.9647349375,2.112149923032106,0.38005275,1.883976325083333,8,8192,8,2,0.031979039274104,7.710095125,11.942804806712958,1.0436236765981095,1.1485470105257938,0.0312846408218578,0.0883373532356766,1.034628069111066,2.039524245414975,2.2434155843204264,3.622873216020189,30,7,bank8FM_regression_rej.csv,0
1.903593636664362,0.6740305152594112,0.928691959084338,3.524730644455824,1.5251893611111111,1.1581571904184824,0.4087326401666666,0.8304313653388515,12.249886777777778,1.3056836437276622,2.587456092318809,0.5864939112494933,1.497908611111111,0.7876126841077161,0.8334173333333333,0.3341374735632775,9,39366,9,9,6.2248443201311865,11.416469444444443,1.3986215210376889,2.46006943062493,0.5465431524894643,0.0001254122412945,0.0001272780223343,1.654465738484335,0.6756672086909145,6.317461085746931,2.5472519545705934,30,7,BNG(breast-w)_binclass_Class.csv,0
1.1298955720014354,1.0165399800482628,0.3261016552819349,206.35778287036248,0.9411764705882352,1.6061855225263082,0.4709435294117647,0.86242900638767,7.117647058823529,4.6532419950423565,1.706400996562339,3.300085343099079,1.623529411764706,3.973053493426013,0.0705882352941176,0.2576558841203685,85,9822,85,78,714.0001888572833,7.047058823529412,4.561500072691578,1.030124540321898,1.387996688499463,0.1779368454438083,0.1110643999235441,1.654278528513543,3.645050574673012,2.965026260479047,14.492566589792013,30,7,coil2000_regression_CARAVAN.csv,0
2.790631496106183,0.8344801486803566,0.8841664897438647,8.692132634830543,87807.85285714285,348873.0092065575,51551.33739899999,217451.5279417052,301989.5028571428,769122.6984430434,54591.888098493306,203149.9765528524,53822.86738095238,230192.2668929135,101.64761904761905,338.47476659131866,21,8192,21,20,26.434356968354965,301887.8552380952,768944.8589230934,50215.85385842697,159264.79920729683,0.0018777779287486,0.0018870964286225,50418.60075332249,206236.95617290368,26679037946.864777,108080632228.48158,30,7,cpu_act_binclass_binaryClass.csv,0
2.792269813030805,0.8352385525351509,4.974974983530833,16.73382196795889,87365.87857142856,345246.7138157529,51292.65088,216746.8255141806,309247.85904761904,777572.7136358743,54340.41221563431,202947.9115877213,53703.100000000006,230232.45328264867,94.05714285714286,328.2533603353187,21,8192,21,20,8.392076561679811,309153.8019047619,777393.6266006078,49790.724199861135,158602.6054744092,0.0018566581161263,0.0018428860556955,50204.08314376768,206089.2264575181,26436055705.17625,107557879534.99686,30,7,cpu_act_regression_usr.csv,0
3.190573845998367,0.394484080135679,0.8841664897438647,8.255981837627063,155314.40416666667,458945.3554649326,90708.346715,285786.3580315745,521038.14,959196.2707185586,95221.68156758626,266877.4879944804,94196.30833333332,304076.77405856346,165.0,427.9073816525338,12,8192,12,11,28.79226201142422,520873.14,959010.42629846,87534.79875556577,206021.50750919752,0.0021617778586097,0.0022148892207805,88073.04265680093,272964.0113964479,46570130753.176186,142112309552.15424,30,7,cpu_small_binclass_binaryClass.csv,0
3.1838446594029146,0.3857124303481427,4.974974983530833,15.217391886837122,154965.80000000002,460415.11332832073,90478.543715,287566.8797210129,550972.9941666666,1000872.4412890644,95583.61079010012,266930.79060430155,94213.26666666666,304094.5774282204,163.08333333333334,428.2241253305932,12,8192,12,11,8.738704626522939,550809.9108333333,1000660.712479298,87831.32946168272,206703.0325392631,0.0021358318794364,0.0021895183382657,88362.59942178601,272851.6883015645,46879974124.190346,143082158923.48328,30,7,cpu_small_regression_usr.csv,0
3.2957444982973017,0.0478509648478605,0.9972877951195076,6.802900722838903,0.00551,0.0061139594372223,0.0028970003999999,0.0028406708855798,0.024202,0.0210557122890677,0.0035765571608921,0.0044145495718316,0.005092,0.0051548346239234,-0.01707,0.0198057314936863,5,7129,5,5,21.48159732775265,0.041272,0.0377183631670304,0.0051073546070673,0.0053288651809357,0.0098134893954204,0.0075297187559203,0.0039914592194437,0.0044413752539066,4.880251437560327e-05,8.086435552338606e-05,30,7,delta_ailerons_binclass_binaryClass.csv,0
2.7233421098564654,1.0355091855635763,0.9999776283308132,11.68302488893474,4.136500000000001,7.981684176914042,2.9178556399999995,5.917796491625787,17.597866666666665,35.95626138778428,-2.1105989720149907,4.673620896908979,-2.1337333333333333,4.0130572219526925,-19.31728333333333,39.96673454113642,6,9517,6,6,30.81758546303343,36.91515,75.92050350132696,4.316864182487083,8.570655468704778,0.0499847637353145,0.0629328202917851,-2.121620851572988,4.416761407307497,79.84876233940581,186.8250334459503,30,7,delta_elevators_binclass_binaryClass.csv,0
2.705720541011989,1.0175681595011592,2.9682419705521728,23.483174990418,4.1194,7.980895002441769,2.94251622,5.916143837175329,17.6479,35.94388096213318,-2.062356110118736,4.579415569973104,-2.11755,4.009636319543207,-17.650783333333333,35.93422643944999,6,9517,6,6,20.406243011897388,35.29868333333334,71.87808011071014,4.323499033797572,8.580204863143848,0.0497101813980494,0.0627646695114709,-2.075627969415747,4.334642287015392,80.04257347317964,187.2338199602724,30,7,delta_elevators_regression_Se.csv,0
2.054192642644189,1.621884065718337,0.9835093906057096,30.61612113759541,0.083776923076923,0.1533977378268996,0.0289526689846153,0.062964893473611,1.0,0.0,0.2371304777966781,0.206843340746689,0.1997002307692308,0.2619253549665609,0.0,0.0,13,45312,13,11,62.94591794229751,1.0,0.0,0.21390429160059,0.1128895575908708,0.2325658845385845,0.2577529507794848,0.1934732750393273,0.2493026327734811,0.0575187864695156,0.0398514410820458,30,7,electricity_binclass_class.csv,0
2.630526787071245,1.3286999675087938,4.135743621859048,43.25855612143392,17.518922222222223,66.39380071017045,10.022005349999995,37.21416783199568,58.39817777777777,211.87815402712712,-4.996370678956564,15.977282744181494,-10.82025,40.84238011164168,-65.79013333333334,232.8449151795044,18,16599,18,17,26.51446923499237,124.1883111111111,444.680321861333,15.73907127433435,57.979253140468366,0.09766215444821,0.2376531485346052,-7.348726748206896,26.02657724251185,3422.5569484869475,14384.186580837231,30,7,elevators_regression_Goal.csv,0
4.010990749078594,0.0498164374719748,13.83694419621366,5.197619565263451,0.4073,0.1310411724950936,0.25093005,0.0751470467581061,1.0,0.0,0.4750033138736264,0.0875219387564274,0.4364499999999999,0.187863787829847,0.0,0.0,10,40768,10,0,0.5066624319556292,1.0,0.0,0.2739301872887212,0.0308628653810292,0.000974495860065,1.1428494363856452e-19,0.4614093369307497,0.1305481685427049,0.0758950123216086,0.017742922964455,30,7,fried_regression_Y.csv,0
2.7959057916009766,0.0,9.965784284662083,3.566902633607103,2.27771853475,0.0354048754300204,1.5316875242319,0.0922626613685859,1.70058288,0.054631694501082,-0.522342261080237,0.0191320905861228,-0.7250663285,0.0538586658110874,-1.7581754099999998,0.0210964241327213,10,1000,10,0,0.000696327205022,3.45875829,0.0630226939844237,1.1649759878673187,0.0109190174609719,0.0004290004290004,5.714247181928225e-20,-0.6958724219887282,0.0198701904100639,1.357276354755517,0.0254121835025615,30,7,fri_c0_1000_10_regression_oz11.csv,0
2.795907351292389,4.310759337706677e-06,9.965784284662083,3.5669006424319454,2.216497569,0.061908702377074,1.47638026141788,0.0971780401946964,1.72708534,0.0302641740632385,-0.5147694938737394,0.0168412279818188,-0.7320644162000001,0.0326880291894904,-1.72786926,0.0407184887173709,25,1000,25,0,0.0006963268163066,3.4549546,0.0460528795627646,1.151437838293784,0.0118816213387836,0.0004290004290004,0.0,-0.693948702364232,0.0183318619360497,1.3259446214632749,0.0273895608787175,30,7,fri_c0_1000_25_regression_oz26.csv,0
2.7898550336522243,0.0427909467617335,9.965784284662083,3.5746372694635777,2.21676673165,0.0917716092528209,1.45937986394928,0.1178738899182786,1.7269280420000002,0.0433725547462489,-0.5202924250499809,0.0291569083210021,-0.7418818492,0.0464513087598976,-1.7368994400000002,0.0351169829686144,50,1000,50,0,0.0006959306797755,3.463827482,0.0483987172562716,1.1499216923440754,0.0240413327628146,0.000429041344635,2.8931722697008925e-07,-0.7005900627233014,0.030094118746394,1.3228863244908544,0.0530555253704684,30,7,fri_c0_1000_50_regression_oz51.csv,0
2.748934943190394,0.1050300100069001,0.9999740313334506,16.611454107233268,2.05379425,0.3860180773120849,1.31494581288,0.3183754769632553,1.7430301999999998,0.0226299159013019,-0.3539890188,0.3471719493123711,-0.4314039,0.679396369631565,-1.7069126,0.0280610945670335,5,1000,5,0,44.66499251154063,3.4499428,0.027542587000861,1.1083821806509877,0.0980859680463487,0.0004294095853466,9.149014035493775e-07,-0.4649457206666667,0.5044099619472547,1.2362077440867094,0.2047498756648678,30,7,fri_c0_1000_5_binclass_binaryClass.csv,0
2.7959083910866647,5.812626705187956e-06,9.965784284662083,3.5668993149830754,2.173180471,0.0294643607321538,1.4160269426688,0.1152091854289514,1.74303016,0.0226299062101017,-0.514766755741922,0.0167759188544395,-0.7519185519999999,0.0598515862779126,-1.7070156399999998,0.0280591701763968,5,1000,5,0,0.0006963265571635,3.4500458000000003,0.0281907406058265,1.1411487725238412,0.0073302260985867,0.0004290004290004,6.06087439757635e-20,-0.7000610332665367,0.0196590044837863,1.3022635068043946,0.0167527461118002,30,7,fri_c0_1000_5_regression_oz6.csv,0
2.7959057916009766,0.0,9.965784284662083,3.566902633607103,2.3025847120000007,0.1919891993653378,1.5114214356191995,0.1660055637604835,1.80581402,0.271507789611515,-0.5523955768057841,0.0674862822993235,-0.7501598365,0.0464490793783194,-1.81833559,0.2157133097197165,10,1000,10,0,0.000696327205022,3.62414961,0.481039730419163,1.1800489582536664,0.0735962533712722,0.0004290004290004,5.714247181928225e-20,-0.7207508714313067,0.0394142993075279,1.397390311534823,0.1864924213520305,30,7,fri_c1_1000_10_regression_oz11.csv,0
2.7959057916009766,0.0,9.965784284662083,3.566902633607103,2.2252856764,0.1406178629227477,1.47228281165868,0.1608081931062688,1.75685802,0.1330222463309396,-0.526229414797414,0.0396037705143681,-0.7434785786,0.0464602395342109,-1.749653088,0.1400627344531142,25,1000,25,0,0.000696327205022,3.506511108,0.2675184707070084,1.1601734981822505,0.0503598759245877,0.0004290004290004,0.0,-0.7062420126403568,0.0250916097803659,1.3484372183034543,0.1276148366055919,30,7,fri_c1_1000_25_regression_oz26.csv,0
2.795906831395252,3.56191297357594e-06,9.965784284662083,3.5669013061567507,2.2492695752,0.1225728266165214,1.4966085840573,0.1226314069546454,1.739840428,0.1107680408906166,-0.5189630780117996,0.0344232584717679,-0.7283339361,0.0379038991506266,-1.747576868,0.1163069001633888,50,1000,50,0,0.0006963269458783,3.487417296,0.2172487547729728,1.1618481026577094,0.0427512797858333,0.0004290004290004,5.476047916726336e-20,-0.6967535339596662,0.0215337314468628,1.3516821321341788,0.1093365005505424,30,7,fri_c1_1000_50_regression_oz51.csv,0
2.7959057916009766,0.0,0.9946583178227808,11.84301076487799,2.3319748,0.2669259944996107,1.61576994894,0.2659867258861871,1.847631,0.2456479235297949,-0.5443793356000001,0.0834436171521253,-0.6932403,0.05106788801145,-1.8384886,0.2711719919208101,5,1000,5,0,32.289765735829974,3.6861196,0.5155093297354569,1.190404707691958,0.0961934795386945,0.0004290004290004,6.06087439757635e-20,-0.7067455263333333,0.0478152169993654,1.4244659164997848,0.241323671614814,30,7,fri_c1_1000_5_binclass_binaryClass.csv,0
2.7959057916009766,0.0,9.965784284662083,3.566902633607103,2.3260305155,0.2548260854255528,1.5957259189661996,0.2616418073976587,1.83801614,0.2247097576358957,-0.5495985501361381,0.0874549048898631,-0.702869722,0.0639482714732273,-1.84032202,0.2701165140399084,5,1000,5,0,0.000696327205022,3.67833816,0.4934795598055942,1.1908891099217338,0.0942254201872967,0.0004290004290004,6.06087439757635e-20,-0.7145365794135633,0.0563278642063665,1.4253196159777577,0.2360667104211304,30,7,fri_c1_1000_5_regression_oz6.csv,0
2.7959070913438206,4.110147759744423e-06,9.965784284662083,3.566900974294317,2.2514009885,0.1616550587533938,1.5346556167845,0.2017921567269996,1.98077527,0.6356836821250698,-0.5494634269567601,0.0600515140579641,-0.73471895,0.0470819864516124,-1.82385961,0.1935194338857208,10,1000,10,1,0.0006963268810926,3.80463488,0.7950034185375456,1.1819943073719898,0.0656053933238637,0.0004290004290004,5.714247181928225e-20,-0.7209932706096001,0.037634581647169,1.4009842035296511,0.1602801484710535,30,7,fri_c2_1000_10_regression_oz11.csv,0
2.795907351292389,4.310759337706677e-06,9.965784284662083,3.5669006424319454,2.2528732893,0.1405759932512567,1.4903585913913198,0.1528667270820694,1.804599944,0.2606607089833689,-0.5297601989258116,0.0489566077794587,-0.7383728924,0.0497046249274975,-1.7704479599999996,0.1511019037444846,25,1000,25,0,0.0006963268163066,3.575047904,0.3809989296860879,1.1690855560500464,0.0523490569994037,0.0004290004290004,0.0,-0.7062192620143526,0.0347216894685523,1.369391844182824,0.1317169102749638,30,7,fri_c2_1000_25_regression_oz26.csv,0
2.795907871189527,4.813312198276598e-06,9.965784284662083,3.5668999787073865,2.2312684852,0.0940884358361135,1.48083246414684,0.1217554692731751,1.767945574,0.2182230078672253,-0.5219397341577424,0.0366915664848146,-0.7356106425,0.0413597788670045,-1.7476306460000002,0.1116069245299628,50,1000,50,0,0.0006963266867349,3.51557622,0.3136298197103257,1.1593879649270205,0.0376156818902596,0.0004290004290004,5.476047916726336e-20,-0.700911774554237,0.0281322531066003,1.345567093951206,0.0924141685442972,30,7,fri_c2_1000_50_regression_oz51.csv,0
2.7959057916009766,0.0,9.965784284662083,3.566902633607103,2.323947443,0.2606640151683722,1.6103777564616,0.2355590424937002,2.19060568,0.7713049212201502,-0.5861795393809579,0.0643553382061549,-0.7011957430000001,0.0843941687933153,-1.92574572,0.2575801727440449,5,1000,5,0,0.000696327205022,4.1163514,0.9537896067718996,1.2142559697839777,0.093644396297467,0.0004290004290004,6.06087439757635e-20,-0.7451166464815967,0.0317566543910745,1.481432978522362,0.231496609780655,30,7,fri_c2_1000_5_regression_oz6.csv,0
2.777950427394483,0.056784414088139,0.9895875212220556,20.68513364700898,2.1942092250000003,0.3487978386536201,1.48759806699,0.33347170595054,2.1967052,0.9237858993335584,-0.4601994444,0.313401127158122,-0.55715745,0.4755661454241466,-1.8356921,0.2537764851690689,10,1000,10,1,57.06689617959169,4.0323973,0.9838517978681828,1.1695033164836286,0.1058637679225234,0.0004292050071735,6.46932986566855e-07,-0.5897033491666667,0.42536428108917,1.3778244308890846,0.2614775109562154,30,7,fri_c3_1000_10_binclass_binaryClass.csv,0
2.777949127651639,0.0567839572581414,9.965784284662083,3.589940884470291,2.1724113771475,0.3523356092070132,1.4678449891119,0.3192419084061184,2.23922656,0.9304175017356254,-0.462731798000984,0.3143817151930658,-0.574136682,0.4694137002757835,-1.8358540700000003,0.2536403560946397,10,1000,10,1,0.0006912515338824,4.07508063,1.0224531167030635,1.1712987990224892,0.1046553077751646,0.0004292050071735,6.46932986566855e-07,-0.5964676213299733,0.4281643869356135,1.3817983366924884,0.257503182138988,30,7,fri_c3_1000_10_regression_oz11.csv,0
2.788943697852001,0.0348158845253894,0.990604955873816,43.59394382359985,2.24824834,0.2788929951751664,1.491781119108,0.2249566508174391,1.9159512,0.6231320119989959,-0.52124469428,0.1657610057415394,-0.6731967999999999,0.2861056123635408,-1.8264948,0.2232921669823343,25,1000,25,1,121.73414762406058,3.742446,0.7920448727112941,1.1749354546515054,0.0975731699467704,0.0004290822602696,4.091563462092752e-07,-0.6778128106,0.2189649978247842,1.3896130251508625,0.2338589081941395,30,7,fri_c3_1000_25_binclass_binaryClass.csv,0
2.795907871189527,4.8631924133952304e-06,9.965784284662083,3.5668999787073865,2.276507460882,0.1999843522900938,1.54098640729572,0.150283700723537,1.914334012,0.6197098596947577,-0.5435828063660947,0.0673436871907177,-0.7176882832,0.0467991153078343,-1.81137026,0.2099355899647297,25,1000,25,1,0.0006963266867349,3.7257042719999993,0.7283128598673292,1.178496143684005,0.0722978809212997,0.0004290004290004,0.0,-0.7127074448021579,0.04597758565366,1.3938710649203525,0.1855375942422635,30,7,fri_c3_1000_25_regression_oz26.csv,0
2.792239665627001,0.0182202374568496,0.9912540071703688,70.56636667035832,2.18020576,0.2254834700722852,1.435819922502,0.1877626871206905,1.81067786,0.3710703257312917,-0.51081192926,0.0710364833865777,-0.73020643,0.0634729981733362,-1.74933144,0.1037553737150091,50,1000,50,2,197.7767077367168,3.5600093000000004,0.4349356310932688,1.1445408005806514,0.0541508244434549,0.0004290822602696,4.0495975992783213e-07,-0.6887601785666668,0.079889332309615,1.3128473097459463,0.11487651981875,30,7,fri_c3_1000_50_binclass_binaryClass.csv,0
2.795906831395252,3.56191297357594e-06,9.965784284662083,3.5669013061567507,2.2213735100400003,0.1268782155143853,1.47770273705964,0.1241274028208783,1.809171276,0.3648895214337104,-0.5246808638835858,0.030764517218296,-0.7319691298999998,0.0476789491858029,-1.7461518219999996,0.0996820141512331,50,1000,50,1,0.0006963269458783,3.555323098,0.4142030025402719,1.1565998308349554,0.0356364031942959,0.0004290004290004,5.476047916726336e-20,-0.7038444913399764,0.0240724009973253,1.338967722855421,0.0883349533496153,30,7,fri_c3_1000_50_regression_oz51.csv,0
2.7959083910866647,5.812626705187956e-06,0.9885173903891564,12.54985944492475,2.26224345,0.2839056525829376,1.6555343187599998,0.2531792579555854,2.6329508,1.0229538794179336,-0.5755888382000001,0.0567601588494634,-0.7154537,0.0496165691258978,-1.9231174,0.2175983074998516,5,1000,5,1,34.495842228137136,4.5560682,1.081952654965179,1.2202201373330954,0.0727908670138371,0.0004290004290004,6.06087439757635e-20,-0.7412673143333334,0.019649279888291,1.4931759918096996,0.1815141825637998,30,7,fri_c3_1000_5_binclass_binaryClass.csv,0
2.7959057916009766,0.0,9.965784284662083,3.566902633607103,2.24550804855,0.3088873917763876,1.6480187495268002,0.2656687976524562,2.62649932,1.0164810112740164,-0.583300580677654,0.0638659030087425,-0.71409863,0.0458003552426259,-1.93174728,0.2285903347668751,5,1000,5,1,0.000696327205022,4.5582466,1.0788913176874142,1.2202967860823926,0.0811514032999477,0.0004290004290004,6.06087439757635e-20,-0.7503267598327568,0.0290477565824318,1.494392686329057,0.2018631671535746,30,7,fri_c3_1000_5_regression_oz6.csv,0
2.7751557215600213,0.0734393935275108,0.9881489563064276,103.90172971970448,2.154324455,0.2657953083104558,1.415416544388,0.2152698266849686,1.7932119399999995,0.3264826067154165,-0.4791987824300001,0.175263968870358,-0.6768636000000001,0.2833762401453216,-1.73441891,0.0913585269720729,100,1000,100,1,290.8016336215253,3.5276308499999995,0.3599681502930523,1.1393252996293668,0.0678877620444045,0.0004292050657919,6.822649118305124e-07,-0.6450700008666667,0.242314465372142,1.3026247991285904,0.1440772890705955,30,7,fri_c4_1000_100_binclass_binaryClass.csv,0
2.7959072213181058,4.087249822472259e-06,9.965784284662083,3.566900808363123,2.2181188679175,0.0986358599912421,1.46622012585825,0.1228489898636695,1.789332124,0.3068070809759843,-0.521828422218245,0.0283347234255767,-0.7401986788000002,0.0431445315488427,-1.7370231660000002,0.085186147895737,100,1000,100,1,0.0006963268486999,3.52635529,0.353549373626322,1.156107387535246,0.0305703911637811,0.0004290004290004,0.0,-0.7042187376214082,0.0253758725781827,1.337509494841319,0.0741100220287316,30,7,fri_c4_1000_100_regression_oz101.csv,0
2.79590709134382,4.110147759744423e-06,0.9895875212220556,23.274210791384963,2.190214725,0.2791458396799623,1.47497713797,0.229123474192931,2.4569707,1.077644642224065,-0.5432224909,0.0678507728364402,-0.72741765,0.0724769295492825,-1.7989450000000002,0.2146229839897551,10,1000,10,3,64.75722672483289,4.2559157,1.138612279031224,1.1757493054094517,0.0697042777989451,0.0004290004290004,5.714247181928225e-20,-0.7222993919999999,0.0439637989680437,1.3867592468799337,0.1683466802161189,30,7,fri_c4_1000_10_binclass_binaryClass.csv,0
2.7959083910866647,5.480197012992564e-06,9.965784284662083,3.566899314983075,2.181110745225,0.2480501618510036,1.4881742483454,0.2017010750126838,2.44240922,1.0442007284363914,-0.5350624603425691,0.0657242381042065,-0.7153471905,0.0641999160115307,-1.78765286,0.2003053688643817,10,1000,10,3,0.0006963265571634,4.230062080000001,1.0884425111171137,1.1725729564607683,0.0640895793472983,0.0004290004290004,5.714247181928225e-20,-0.7146829333726149,0.0380935688479608,1.3786240649859691,0.1578718432001779,30,7,fri_c4_1000_10_regression_oz11.csv,0
2.7959057916009766,0.0,0.9936167534536142,49.61012740262028,2.26805903,0.1561997114124741,1.530781920276,0.1541842800860685,1.96507336,0.6171497155480777,-0.54106466988,0.0559768733155043,-0.7229277,0.0456772283820577,-1.8113024,0.1829682346818248,25,1000,25,1,138.59632025621198,3.77637576,0.7621636896331325,1.1818556378047838,0.0627327493111092,0.0004290004290004,0.0,-0.7134505918,0.0393913196554758,1.4005607305336374,0.1559619674572444,30,7,fri_c4_1000_25_binclass_binaryClass.csv,1
2.795907351292389,4.310759337706677e-06,9.965784284662083,3.5669006424319454,2.25051733715,0.15507668237472,1.52513492460336,0.1690299869386025,1.958590384,0.5939206293423106,-0.543998934930055,0.0561024155106182,-0.7250961439999999,0.0541189483336154,-1.809482944,0.1811627883372256,25,1000,25,1,0.0006963268163066,3.768073328,0.7367488678683126,1.1759260612040918,0.0616967988694543,0.0004290004290004,0.0,-0.7151278560840915,0.0398073706645,1.3864563366100775,0.152035241908068,30,7,fri_c4_1000_25_regression_oz26.csv,0
2.7811320067248584,0.0564746952646655,0.9895875212220556,72.60770011886012,2.1510005500000005,0.2665380541930128,1.4375800059180002,0.2408635620172375,1.8722194400000003,0.5554356705212902,-0.4848742064,0.1782108684723819,-0.67159267,0.3008246078975766,-1.7573696,0.1030877934683019,50,1000,50,2,203.0563309507723,3.62958904,0.6039357198792601,1.143203500169953,0.0752512169265171,0.0004291640915389,5.606414008896843e-07,-0.6468212334333334,0.2487290022893961,1.312463733536775,0.1633843366765318,30,7,fri_c4_1000_50_binclass_binaryClass.csv,0
2.795907351292389,4.266545252634244e-06,9.965784284662083,3.566900642431946,2.22992377565,0.1184256026493551,1.51709684680344,0.1182441885622722,1.864656066,0.5252207907516865,-0.5237832901474666,0.0365392779250062,-0.724599536,0.0369008053147834,-1.758727956,0.1113159874012515,50,1000,50,2,0.000696326816307,3.623384022,0.5780048673193471,1.1627197672165095,0.038425758564121,0.0004290004290004,5.476047916726336e-20,-0.6996710521917778,0.0273606623310348,1.353364265218818,0.0962275953460421,30,7,fri_c4_1000_50_regression_oz51.csv,0
3.739933618020455,0.0999474085992747,11.106102993951886,7.115578555973345,272.65696875,377.1392427008045,146.0506109475,210.3173186103101,10820.5800125,16689.936784637128,552.3076195354894,840.3623583314936,378.860625,582.2159336561693,-10.4137625,47.31422680148835,8,20640,8,5,1.3961412448310888,10830.993775,16680.462850604556,454.82041997311086,682.788655036472,0.0028810121264605,0.006601103300458,443.7152743832768,680.2444276130349,614786.9184402169,1275682.426593703,30,7,houses_regression_median_house_value.csv,0
3.3574499423678663,0.6262066914212188,9.083154612142412,11.832621042405686,150.7168818015625,602.4755178230849,31.5678151454925,126.00435819747216,457661.0645272375,1830640.7827927524,359.4767883798592,1436.7925081642152,32.128308246875,127.43288637056324,0.1510072375,0.4972145275826735,16,22784,16,15,3.3737483873474883,457660.91352,1830640.289728016,3955.821546550822,15822.906316073037,9.01754349790281e-05,0.000107859759645,57.17716520363837,227.64605378004416,250365115.62742823,1001460462.4490662,30,7,house_16H_regression_price.csv,0
3.401202885416623,0.5615962770576458,9.083154612142412,11.26951405982386,109.67495610625,309.642163666483,23.10254444715,64.94890528441822,352427.1077878125,996807.9818298066,269.757583411423,759.8749960480916,25.078327925,67.88069591466551,0.2891972375,0.6961030854570318,8,22784,8,7,3.219888945441541,352426.81859057496,996807.2905611614,3007.031396881868,8504.597423378833,0.0001337571676521,0.0001498182284043,44.61668831727893,123.1532175466738,72329392.98885746,204578416.81435305,30,7,house_8L_regression_price.csv,0
3.0177296785622483,0.7195777654241551,4.70043827987653,16.84085618928577,0.7242641815235009,0.4457940736862539,0.4746146217179902,0.3281990960762779,0.981540032414911,0.0992532368964082,0.2124064115587822,0.5294013979743009,0.2468022690437601,0.6148854269224441,-0.926963695299838,0.121045340777681,617,7797,617,347,9.812002734379346,1.908503727714749,0.1482868359518169,0.4519346863161773,0.1565224357593314,0.0048641575530267,0.0406362151446931,0.2533363253794758,0.5991312790096154,0.2287045265043838,0.1462955661073593,30,7,isolet_multiclass_class.csv,0
3.4888278019518184,0.0760025836035622,3.132069248447984,12.950938703435945,1.4389446428571426,2.752869314377961,0.9875848523999998,1.9836991269235948,8.80924307142857,23.85155732838917,1.828701354324724,5.509244172758482,1.4976729285714283,4.953846650604395,-0.5023249285714285,0.7319453787002735,14,9961,14,7,13.426116227254784,9.311568,23.307399695125824,1.480081692394042,3.539606716042172,0.0034806854051645,0.0100838274171128,1.609684022646335,5.033066228962492,13.824542112964377,45.62501763398927,30,7,JapaneseVowels_multiclass_speaker.csv,2
3.4370269757259684,0.0439135826254615,0.9997770990046064,48.484024032162,1.48005678125,0.3331756100068497,0.8267086015125,0.212880044688108,1.5702305,0.0005985277174629,-0.2564137458343506,0.1997039753523037,-0.4984301875,0.4578051662588369,-1.570318,0.0006563080722604,8,8192,8,0,165.6780511938083,3.1405485,0.0008724813546923,0.9008850557586332,0.0802927570528801,5.250950591832482e-05,6.667982912017317e-08,-0.3861153602268104,0.3013841859352,0.8172349446699945,0.1461417890354266,30,7,kin8nm_binclass_binaryClass.csv,0
3.5416743561078827,0.0088844872192678,12.999755859374998,3.7035607001591417,1.940627615,0.1697715817025729,1.233246910077,0.2430970792975819,1.5704176375,0.0003727172422609,-0.3434862444882954,0.3046574148460153,-0.5014585162499999,0.4608664693189968,-1.5703244,0.0006086543048867,8,8192,8,0,0.0090040228396424,3.1407420375,0.0008482089667352,1.0224200563568906,0.0468469467024828,5.234200770162075e-05,1.4083480501409184e-08,-0.4666388597789088,0.4255580444197624,1.0472630785042545,0.0926089056458214,30,7,kin8nm_regression_y.csv,0
2.492237082776943,0.249205309741994,4.699810726573159,14.888566210939253,1.3125,0.7932002689527196,1.0192875,0.7097407149797733,15.0,0.0,5.854218749999999,1.8992307842803973,5.6875,2.1823152842795195,0.0625,0.25,16,20000,16,16,6.8951768441403,14.9375,0.25,1.934299253246892,0.3974330730142133,0.0629739820324349,0.0014232587693217,5.7509375,2.0330287001991225,3.8895945831666574,1.643458605199296,30,7,letter_multiclass_class.csv,2
2.146749740304631,0.6816758030760706,0.1593164203699976,9.657225131949556,0.8038057152166665,0.6840141869127077,0.0,0.0,16.8654682,12.917731926774373,-0.20147604515295,0.0706874161240644,-0.6715638566666667,0.2264665607959779,-0.6715638566666667,0.2264665607959779,6,11183,6,5,129.12874313852106,17.537032056666664,12.850901263225587,0.904042451289533,0.0351928172446028,0.0018554377427494,0.0025714078592026,-0.4693052576336473,0.0836333989987473,0.8183248657215977,0.0632259185575515,30,7,mammography_binclass_class.csv,0
3.3025438088778136,1.0843167101166111,2.331572915249456,5.292266479798244,16854.84680841892,101651.19158340985,10540.200284707174,63754.85014968209,39409.70396697297,237458.5401828477,9649.409708459358,58194.35006860588,7614.721092472974,45959.21870317678,-140.3240924054054,1138.821123355705,74,45164,74,50,6.496202148976885,39550.02805937838,237186.2037485225,9014.976151127456,54320.28859296152,0.0150359357413795,0.0296478546674348,8074.551127815684,48708.02411035906,2992089307.925013,18079850003.09648,30,7,meta_stream_intervals.arff_multiclass_class.csv,0
2.8165288480333457,0.1378065556414309,3.321928094887362,8.237157565664717,45.05439814814815,48.71666055314181,26.85839722222222,26.771351725371044,471.1666666666667,477.0414930029794,315.9327060185185,346.5592758129592,312.2361111111111,348.2613590750576,191.0601851851852,240.8181618121237,216,2000,216,198,5.983953669917548,280.10648148148147,261.4053125821415,43.74219997937883,41.3260906316386,0.0191228039263289,0.0189946411004048,314.3749884259259,347.7560958526129,3613.319132565125,4584.770503539638,30,7,mfeat-factors_multiclass_class.csv,0
2.926296071066542,0.0901849562725255,3.321928094887362,17.141598605794616,0.0811643888815789,0.0575318492614373,0.0486264767155263,0.0312594842831596,0.3755625938157894,0.1483461065691006,0.1203086980320394,0.066358599251551,0.1067793604605263,0.0667487692043405,0.0037506911842105,0.0037652878549019,76,2000,76,70,14.100083812511707,0.3718119026315789,0.1461059086753166,0.0630048066667014,0.0315201101452795,0.0002160700492471,7.575800924012157e-07,0.1115149806310306,0.0665912151524117,0.004950050410053,0.0056739500058953,30,7,mfeat-fourier_multiclass_class.csv,0
2.9254116086384045,0.0883335686429962,3.321928094887362,18.39385647605274,2.8543739297265622,2.1209094086149123,1.7952591353451564,1.311440763243604,6.7911387196875,3.828600169873159,-0.3400940483409375,1.039024988621709,-0.5633878419531251,1.423200956885815,-6.504583314218751,3.334421662166846,64,2000,64,52,15.198304034783124,13.295722033906248,6.925978423864225,2.0869294281558024,1.2998027402361978,0.0002157358018369,5.515884727223815e-07,-0.4948552735748698,1.241729370662481,6.018363364698146,8.498115528113882,30,7,mfeat-karhunen_multiclass_class.csv,0
2.147518383890404,0.8376553282199775,3.321928094887362,4.314868396138412,571.4734523958333,1382.9782525067685,314.706777410935,767.0801407261496,2969.137939021666,7154.567241271556,922.304655695405,2185.053434939923,658.0391330933334,1544.1076002307382,259.271380795,587.116588142416,6,2000,6,5,1.789421968234727,2709.8665582266663,6568.42410568297,551.0946641891363,1336.917556230148,0.1070768276773401,0.134179911714401,783.1535693494433,1848.1004178329824,1793162.4556947292,4392046.842888758,30,7,mfeat-morphological_multiclass_class.csv,0
2.9314860331477326,0.0914246942614945,3.321928094887362,12.703566319975629,54.27072366430852,55.16874327683704,30.789752076903632,34.443221673108994,219.47370477148937,205.1514321606328,77.68991564868787,95.10773527001484,67.06958224223406,91.68482570632558,13.140532867659577,49.82006064115142,47,2000,47,40,10.21045554703291,206.33317190382985,184.87365082906888,39.08682184271444,36.31283370776178,0.0002159826851128,6.436702224628113e-07,70.07410948201047,91.29743335936072,2818.3457487178816,3787.237313728934,30,7,mfeat-zernike_multiclass_class.csv,0
0.8372822214908577,0.983326803849865,3.319837025403414,57.72177707441142,38.829081632653065,73.11958003569316,0.0434946428571428,0.7193421962971194,219.09183673469389,82.33336736434296,23.373163593294457,29.81382532979421,0.0293367346938775,0.485189664304006,0.0,0.0,784,70000,784,563,13.557768157727695,219.09183673469389,82.33336736434296,44.49085803409792,41.23814844113871,0.1236610348896929,0.2910132277931017,8.903973396501458,17.86573993942439,3677.852222087558,4402.622099437166,30,7,mnist_784_multiclass_class.csv,1
2.774808547565881,0.8703187509686521,9.072489733617438,9.680265472221082,0.1202002957920792,0.1041930986230516,0.0721604172772277,0.0654962136049351,0.9699329405940594,0.0873620775465544,0.2395472044676827,0.2153976054761374,0.2209641881188118,0.2281118945112882,0.0118110445544554,0.071681927091945,202,4450,202,193,1.960695924019061,0.958121896039604,0.1115880045818603,0.1066478498477815,0.0494728985840366,0.0192188851174854,0.0583746042500246,0.2228699347294841,0.2248717788543181,0.0138092148997073,0.0134320257547071,30,7,mtp_regression_oz203.csv,0
1.6620448085950708,1.0775114227502558,3.3218327248667654,19.042787171505697,4.78125,4.620412783043771,1.042453125,1.4868226325372509,13.265625,5.14624901926189,4.636382339857652,4.729842890735657,4.078125,6.282514630254759,0.0,0.0,64,5620,64,34,8.52786253282856,13.265625,5.14624901926189,3.5582618987712777,2.330777472345089,0.1342025578469697,0.2132325947613451,4.389318282918149,5.616766043701063,18.008868184188877,15.22449834753483,30,7,optdigits_multiclass_class.csv,2
3.163743774267087,0.2091522023126394,0.6354628258660036,6.901762154335922,117.4436,172.6034253581828,31.99169106,43.68987365931189,22203.7,45025.42443516404,186.1694728302576,300.27719140941065,34.8744,49.31942641867063,2.5125,3.124820821529879,10,5473,10,9,33.36142313674346,22201.1875,45023.04840842638,717.0303741277394,1339.3484852533438,0.0021469359038943,0.0030889626510792,57.00767296803652,85.06199784043916,2128601.4858771497,5450118.781388822,30,7,page-blocks_multiclass_class.csv,0
2.952596169330272,0.3664550613565789,3.320771738890595,7.948614739877517,47.8125,17.50892629489313,20.38575,15.297865009471092,100.0,0.0,48.64800536754003,25.51084899704343,48.0625,38.48024384884621,0.0,0.0,16,10992,16,4,6.067347977456905,100.0,0.0,30.51613193026924,6.850253098631488,0.0098963760846575,0.0002414696628643,47.24544231352334,33.30429146530939,975.2274025312012,388.2849847395232,30,7,pendigits_multiclass_class.csv,0
3.167953257971211,0.0849799734164884,11.876629050506004,3.7954198843310167,13.20466875,4.028714424156452,9.06061338,3.904790181719577,26.196375,8.408342574837999,-3.176807477910603,1.0970042473051684,-4.1993375,1.2895068963076546,-25.841725,7.489033288916534,4,3848,4,3,0.0123843000234894,52.0381,15.740730438155234,7.90311470591927,2.2803726045173915,0.0001132894719373,6.92552124016648e-07,-4.416454696969697,1.3895832966600488,66.3592964664925,35.86093405824856,30,7,pollen_regression_DENSITY.csv,0
0.609247430589866,0.8753762795865582,0.9210049486251756,79.46927528627782,1.4791666666666667,4.717507380653985,0.37065,2.5679385273016178,72.52083333333333,68.35171543967348,18.60660972222222,35.9741254366998,16.708333333333332,35.657327934955994,15.4375,34.644643594461094,48,15000,48,26,51.56915486857792,57.083333333333336,59.58538780369153,5.62053028291034,7.216160122653656,0.4656742445226585,0.496726953721323,16.949650462962964,35.81258638523165,82.57847409947699,156.5759916240993,30,7,pol_binclass_binaryClass.csv,0
0.6098789657678809,0.8764304010327695,1.8914102162679105,95.46334235355164,1.4791666666666667,4.81128807158763,0.4015374999999999,2.781933404576752,70.6875,67.15183058609668,18.608191666666663,35.98959158061278,16.708333333333332,35.657327934955994,15.4375,34.644643594461094,48,15000,48,26,29.78183886423634,55.25,57.70633653764329,5.615674105299725,7.214580614822977,0.4657351075302118,0.4966711328484784,16.952460648148147,35.81977171410558,82.50159049121793,158.0222983346722,30,7,pol_regression_foo.csv,0
3.4777627223463945,0.0537462884867437,0.9999559719934968,352.9639892559516,16.3060723828125,34.95450733895044,10.677072492384372,23.114221853084167,13.77070815625,26.7625575732959,-3.109510374755859,8.495134943302777,-4.850457734375,11.948776771542931,-12.478737,27.345516501080592,32,8192,32,0,1226.5790520235073,26.24944515625,54.09331321978487,8.61508357065937,18.10512072702759,5.248287549602785e-05,1.0172809221779013e-07,-4.463698433654139,11.350466894482215,391.7714553278064,922.6593628621864,30,7,puma32H_binclass_binaryClass.csv,3
3.490401342852268,0.0601081615373481,12.91753553771708,3.811262837765633,16.282688874999998,35.06663347983954,10.711667341790626,23.25419501094896,13.77129346875,26.764188173595286,-3.0375182565650936,8.502317782004269,-4.674412453125001,11.93414785151434,-12.480194968750002,27.348946801243304,32,8192,32,0,0.0298277785308204,26.2514884375,54.09838143411961,8.599521377611206,18.10798558344679,5.245144781244906e-05,9.16044483319572e-08,-4.347191752669854,11.350744895084691,391.6040616302365,922.2978344078248,30,7,puma32H_regression_thetadd6.csv,3
3.438134493884461,0.0545860261855226,0.9999860693604422,45.38555343245037,1.3797485,0.5566205351445838,0.7387121216999999,0.2301576489609843,1.563020125,0.5944312960508527,-0.2672040718078613,0.1427468698727438,-0.5701240625,0.263688439833755,-1.56330475,0.5946566715335473,8,8192,8,0,155.0438105702242,3.126324875,1.1890875845689943,0.8756725264390046,0.3188611541676053,5.254009348063165e-05,1.5800442155276969e-07,-0.4154773576840927,0.2186703882622019,0.8557657547425295,0.4694654476447023,30,7,puma8NH_binclass_binaryClass.csv,0
3.4957173618368644,0.0483650812622426,12.999999999999996,3.752570760905805,1.309774125,0.6160024096953535,0.760642184925,0.3864740738634636,1.563087625,0.5944722881427665,-0.2266164255371093,0.1885639827845628,-0.48723525,0.3610944111848431,-1.5632103750000002,0.5945984375655647,8,8192,8,0,0.0090712892630614,3.126298,1.1890703824862514,0.8611411250934968,0.3335322601779475,5.2528617930916006e-05,1.2833287865325674e-07,-0.3490440120779088,0.2747148734387591,0.8389023348342775,0.4929445916609512,30,7,puma8NH_regression_thetadd3.csv,0
2.8655337016314366,0.0719231602719007,0.9912232530606148,606.5280200253075,53.47083333333333,28.254892533565457,42.051478,31.79124606102397,304.71666666666664,308.45314203835454,39.41248852157943,31.10682013626892,32.79,43.137666835377175,-82.14999999999999,90.99630267214158,3,2178,3,3,1752.4157688490204,386.8666666666666,256.73963257224887,78.01313251566255,44.56607152544281,0.0012746628212421,0.0017434208701614,37.58645514780836,46.39783979083184,7410.13866571358,5819.225846940431,30,7,quake_binclass_binaryClass.csv,3
2.903031908934343,0.0157477603565268,2.5898923943940564,95.90562712712745,61.72833333333335,16.023880681137566,45.15258299999999,27.02182485299484,302.13666666666666,308.49500163427825,44.52074839302113,21.59308630356061,45.626666666666665,29.298215531553,-81.13000000000001,91.27632716098957,3,2178,3,2,106.5014144985548,383.2666666666667,258.8680879006397,77.51198695637163,39.26903328572792,0.001305510503913,0.0017913604159284,46.40826452599389,38.1429248574381,7036.146105388463,5197.630747025718,30,7,quake_regression_col_4.csv,0
2.8747657418313257,0.041734166897583,2.5898923943940564,84.11435597739,58.80166666666667,9.476577814978006,29.894158,6.666464917204918,303.13666666666666,310.2011541457145,50.25483011937556,27.860278056532607,62.23333333333333,56.012327512194446,-82.14999999999999,90.99630267214158,3,2178,3,2,92.3664539435742,385.2866666666667,258.980467474544,81.06601842426248,42.493835174945424,0.0012859137976315,0.0017581852948779,55.05001019367992,51.80965912109999,7775.516695079818,5847.831893161777,30,7,quake_regression_richter.csv,0
3.228664716059174,0.0266710928490645,2.4832958827266416,4.167640969441365,13.97222222222222,3.996327679336984,9.225066666666669,2.4066213495271747,133.02777777777777,19.637407613475304,83.30500302166968,11.599063087609348,82.91666666666667,13.75785489924107,37.16666666666666,9.969954864491614,36,6435,36,36,4.418571117857887,95.86111111111111,23.28476237220725,15.16926799350953,2.9452253999178524,0.0138139250377486,0.0039258562343253,83.4436602492158,12.400682371896094,238.54008987478065,91.12844070261988,30,7,satellite_image_regression_class.csv,0
3.219688086496652,0.037593521737862,2.4833618760456604,4.1604528677477495,0.77536525,0.1329838901713555,0.5211409835333333,0.0952294391069665,2.7856166944444443,0.649371117723902,-0.0083492051062726,0.0668612126724766,-0.0271501666666666,0.2220365276706258,-2.567253833333333,0.2724487676036936,36,6430,36,36,4.39404291494083,5.352870527777778,0.8167756750975836,0.8438982711464983,0.0079819096705371,0.0137591764448059,0.003765250548842,-0.004480549068314,0.1146117744681144,0.7122262331793157,0.0134738045344296,30,7,satimage_multiclass_class.csv,0
2.9588745446375224,0.3408439113130139,0.6780187068738636,37.4443717387517,0.5464875785953177,0.3284093315559918,0.229934118367224,0.1472871066902687,0.9992839598662208,0.0054383610247911,0.3746497409478764,0.2198281206730524,0.291210889632107,0.2507310675143865,5.629096989966555e-05,0.0008997846119701,299,2407,299,109,162.4072884044314,0.9992276688963212,0.005504952250712,0.2849839751398213,0.1114638121088869,0.0085547268035237,0.0641697414749133,0.3423348928978949,0.243643952719616,0.0935984950501527,0.0617621275111339,30,7,scene_binclass_Urban.csv,0
2.554305358147973,1.0495663588825384,2.807354922057604,5.08510006054784,23.885098131578943,33.84568979140005,11.375466793342104,17.573295305079572,187.6141365789474,338.4010826157988,19.70560239191296,34.29638395473122,13.624468131578949,31.54729479944304,-4.095888421052632,14.22358491419924,19,2310,19,16,3.626738938251504,191.710025,336.140235344649,23.54065144567825,22.82141244533211,0.0847974403937376,0.2399901717726133,15.028452828301813,32.06034043471488,1047.5677224868748,1486.8983600970334,30,7,segment_multiclass_class.csv,0
3.0517626147523536,0.0899499811861889,0.9999532967890264,26.964391422332973,6394950.0956345005,15664361.444372464,3627615.4587890543,8885804.9429684,-11268321.5150385,27601667.80904136,-16927990.914100133,41464958.37094879,-16188808.868511831,39654338.804220185,-20704980.45354833,50716646.69009341,6,3107,6,5,81.29276500859059,9436658.938509831,23114978.88105288,2959327.441216717,7248839.630250586,0.0001489389344757,1.3228591661155985e-05,-16904103.451665957,41406445.776338086,52545682225247.84,128710109638285.69,30,7,space_ga_binclass_binaryClass.csv,0
0.8271886586127943,0.771655396853538,0.9673602371807668,19.688238951614192,3.174368421052632,20.182923211070914,1.0587584736842104,6.757714824191147,482.4918070175439,2459.212307660868,4.298879549449586,26.397759636553456,0.8369298245614035,5.232080451611035,0.0526315789473684,0.2252817784447915,57,4601,57,57,15.83539114270068,482.4391754385965,2459.027255939496,13.467434456627643,73.7935187672547,0.007229235671606,0.0057933854157811,1.2325751412213983,7.721663966123298,5531.320406194045,37351.222587257456,30,7,spambase_binclass_class.csv,0
2.803949682798574,1.266230972725078,9.71919635486444,10.953251192835252,0.0679556203007518,0.0603890961946774,0.0437412871421052,0.0441711078827403,0.9306523533834586,0.1912266275791068,0.18814527069954,0.2130578657345279,0.1737175601503759,0.2197702458196822,0.0019750187969924,0.0080955234610912,266,8885,266,258,2.159969619544936,0.928677334586466,0.1908748269804578,0.070887211028249,0.038030187485419,0.0373349271910857,0.1640783207727769,0.1778304075382604,0.2182175281814107,0.0064658546476893,0.0053928305862175,30,7,topo_2_1_regression_oz267.csv,0
2.7808268641706784,1.4169334026153884,5.161428470284308,6.98224077278454,7.444849999999999,12.992592608739283,4.133266409999999,7.44407059831499,43.094,81.95297023700036,11.99673762585349,21.95059309534149,8.60805,15.131839379158988,0.2205,0.4463373163875053,4,8641,4,2,2.761827336143936,42.8735,81.5067044011309,6.916041295151219,12.520478639172469,0.1250579851286633,0.2499227632583938,10.57949825458052,19.15843884890836,165.40341621171743,329.6917227152891,30,7,visualizing_soil_regression_track.csv,0
3.2887871051281765,0.0720355206027302,1.5848792049207137,18.35329095290004,1.073875,0.4381652268558529,0.740373375,0.2255618607892343,5.091499999999999,1.910585290911179,0.8304848499999998,1.126115346985414,0.664125,1.0854166678970425,-3.0755000000000003,0.6292810305297749,40,5000,40,40,37.08496346923984,8.166999999999998,1.499191577022558,1.0917062892592349,0.3184131230985549,0.0015540014802044,0.0003124029529388,0.7750235,1.104417450620597,1.290674866045509,0.7805538082822002,30,7,waveform-5000_multiclass_class.csv,0
3.3002636599491773,0.0978616280410246,9.220620127247296,8.994571104223715,5.235000000000001,3.398480995521834,3.3226124999999995,1.5536699542653467,33.36928571428572,14.659555279373622,14.053139858316312,15.687968710072289,13.696428571428571,15.686126946172166,4.700714285714286,16.211205272083454,14,6574,14,11,2.2193557203793413,28.66857142857143,7.890047145362564,4.469614219739031,1.5066460603169771,0.0135583685739697,0.0255449017214307,13.76682662370574,15.589136367110438,22.085292027857097,17.97491934234627,30,7,wind_regression_MAL.csv,0
3.2437900532964723,0.0825232695119373,1.8376039948582683,39.04049748425508,5.489559090909091,12.397047248373667,3.8246227854545456,9.427120019342617,76.01363454545454,147.77814398466754,15.646328876194604,34.0325020599619,14.87061818181818,32.98695719771129,2.128737272727273,2.7272865821695045,11,6497,11,11,67.91537990204472,73.88489727272726,146.86700078624906,6.333471180525654,14.431291591862928,0.0069064443491401,0.0033684127112111,15.380278310988832,34.1504746370904,229.44210902125232,683.8659787463257,30,7,wine_quality_regression_quality.csv,0
2.7414408414275893,0.7567344269475867,0.1066848655670195,31.427373477051084,0.1115617155172413,0.1287397226521525,0.0620887317931034,0.037583536421384,0.4883714568965517,0.2068697663682612,0.0124913679076369,0.1256489103252766,-0.0183531637931034,0.1385569022740222,-0.3310573706896552,0.1630086985203433,116,2417,116,111,806.577389078328,0.8194288275862068,0.1494778577269251,0.1218724097838301,0.0902502156317737,0.0561702218653633,0.1582876461382475,-0.0083205842819458,0.1391067357906942,0.0229277692965341,0.0444183018690422,30,7,yeast_ml8_binclass_class14.csv,0
1.905361827517498,1.2192629253350376,2.490417636232728,20.03811550596657,0.04875,0.0368151754424332,0.0296519999999999,0.0296519999999999,0.92875,0.1056189241701369,0.3755306603773585,0.1890173776075802,0.36375,0.2019856784173429,0.135,0.1665618718160225,8,1484,8,8,14.330705912527232,0.79375,0.1641373553721742,0.0808334700113574,0.0310781476908708,0.1158519205241005,0.1907409902300882,0.3665400784753363,0.1970693160460027,0.0073791697299856,0.0049140905056523,30,7,yeast_multiclass_class_protein_localization.csv,2
0.4063325004606976,0.7617262878994765,9.71919635486444,81.49558334953686,0.0102911434262948,0.0446027285223151,0.004260277680478,0.0318516069579749,0.8091800239043825,0.3669764113370986,0.0307710846078824,0.121272558398771,0.0220520398406374,0.1217649599080064,0.0,0.0,251,8885,251,210,2.407103113247307,0.8091800239043825,0.3669764113370986,0.0408225515895157,0.0337088144840314,0.3546432461040545,0.3083893102222295,0.0232603027970653,0.1216785072168031,0.0027982378636161,0.0061181372804471,30,7,yprop_4_1_regression_oz252.csv,0
1.2052522318972874,0.1385282005896081,0.9999977500599352,70.92981598911584,0.6,0.5163977794943222,0.0,0.0,1.0,0.0,0.0498896193092621,0.4395785736817078,0.1,0.8755950357709134,-1.0,0.0,10,40768,10,4,84.48851137297258,2.0,0.0,0.7172286424909144,0.1021139137634894,0.3499840557313513,0.0527059204952308,0.083345597252882,0.6894993050764421,0.5238014518550476,0.1418229737610779,50,8,2dplanes_binclass_binaryClass.csv,0
1.2031153626841853,0.1395563355211958,15.29547077834474,13.097070988046177,0.7,0.4830458915396479,0.0,0.0,1.0,0.0,0.2022983712715855,0.4248187102084771,0.4,0.8432740427115678,-1.0,0.0,10,40768,10,3,0.0301930251269412,2.0,0.0,0.7344765734446389,0.0894535225513265,0.3499840557313513,0.0527059204952308,0.3191603303082331,0.6640625776542662,0.5466575763661348,0.1244373931430466,50,8,2dplanes_regression_y.csv,0
1.9818975759475908,0.7704127427576919,0.9999906975135884,10.269988006075115,0.0641666666666666,0.1121533548316768,0.0,0.0,1.0225555555555554,0.6777515881779826,0.3138758944484345,0.1871592823854176,0.2608333333333333,0.2085292245705623,0.0204444444444444,0.03854578806793,9,4177,9,9,19.35425367941938,1.0021111111111112,0.688928369724394,0.1852046397161586,0.1460288619181534,0.1155873535138783,0.2179661214802246,0.2668052120728627,0.2140803084745861,0.053255806139602,0.0656887637688137,50,8,abalone_binclass_binaryClass.csv,0
1.5527901068057646,1.1113689730204128,0.9832048570341376,23.979749174432293,0.51585,2.2953991167394405,0.0,0.0,28.421125,154.66899911037277,-1.1463910654545455,4.717194214376341,-1.3751250000000002,6.381611874141163,-25.595975000000003,133.8277930603715,40,13750,40,40,36.87157581184459,54.017100000000006,288.4429481022867,5.36131503688435,28.93931325846969,0.0785610490259423,0.1033765635118284,-1.3444823848484848,6.045465734289138,845.2904544997658,5280.189347118702,50,8,ailerons_binclass_binaryClass.csv,0
1.5596831259261277,1.1045680806484035,3.828958233704801,48.02540422711528,0.2412499999999999,0.7974253039530507,0.0,0.0,26.963925,147.55575821613272,-0.8736968963636365,3.419275463816159,-0.9508,4.097336966297087,-29.205250000000007,154.4214361715019,40,13750,40,40,18.56260894398356,56.169175,301.9416957761019,5.364033930929389,28.966791340741445,0.0918379059494155,0.1347581582383927,-0.968947203030303,4.054543878114214,846.8709855757639,5290.905818040155,50,8,Ailerons_regression_goal.csv,3
0.6510921959347885,0.7082223540489552,0.794432350758128,18.36404503230704,1.4285714285714286,3.779644730092272,0.0,0.0,286.1428571428572,750.4559566404566,282.6770554223664,747.394054857936,283.42857142857144,749.4406485601683,279.0,738.1646157870208,7,4052,7,7,14.050603610137284,7.142857142857143,12.733532783279632,1.5239129373756242,3.2242366179843285,0.3768303338779764,0.2115145922770269,283.0872297932331,748.5699858549757,11.232912156773104,29.431397182385723,50,8,analcatdata_supreme_binclass_binaryClass.csv,0
0.6784980906982007,0.7764549479102092,1.825202079049472,22.041063487203235,0.1428571428571428,0.3779644730092272,0.0,0.0,285.7142857142857,750.6407738915941,281.9149978846425,745.3743589758235,281.85714285714283,745.283039873986,279.0,738.1646157870208,7,4052,7,7,7.193514386534883,6.714285714285714,12.671678206592391,1.2464578531196242,2.4912653350049445,0.3788149506490656,0.2086492087369719,281.882460056391,745.3759403140136,6.873431153372697,17.902648587800723,50,8,analcatdata_supreme_regression_Log_exposure.csv,0
2.484587417585523,0.2626239053122997,10.767172197728645,5.592691763590794,0.6959474921875,0.5374742934587006,0.0,0.0,5.61129559375,7.163054784237139,0.8543592897186278,1.7686831800117606,0.50748121875,1.9239142908596816,-0.0297649999999999,1.2758444752312097,32,8192,32,21,0.2905460534181076,5.64106059375,6.870870247503305,0.8201231192296051,0.6275289791028873,0.0197370710205977,0.0534700778075878,0.6437273539462978,1.8204732885421129,1.0540885309458743,1.7393997025682657,50,8,bank32nh_regression_rej.csv,0
2.4297668447586074,0.3677353159316968,0.9730662661337472,29.50865615100012,0.6430875624999999,0.4260795490955831,0.0,0.0,7.866521,11.63943248744367,1.3693796008148194,2.5801723341998337,1.088888625,2.882216552841528,0.380021,1.8839800058017,8,8192,8,3,72.68373238747878,7.486499999999999,11.605887712263868,0.9090281363842688,0.9622342803563336,0.0313457151193261,0.0883126754927791,1.1692514533665583,2.713423069576777,1.6364901117445194,2.5895034358803284,50,8,bank8FM_binclass_binaryClass.csv,0
2.464487520521299,0.3815549796880871,12.86331256724435,5.393465299372773,0.82855978125,0.7806588961982055,0.0,0.0,8.796072625,13.150496150902413,1.2388657857208252,2.134406567454066,0.8390587500000001,2.000445611042539,0.382021375,1.8835533783157936,8,8192,8,4,0.0333363084495414,8.41405125,13.152211612495115,0.905619683015601,0.9825652099972776,0.0313456479706498,0.0883127026251077,1.00117428656428,2.030013698539512,1.6649021031751474,2.7009267681175007,50,8,bank8FM_regression_rej.csv,0
1.4184812482632438,0.5199721329373307,0.928691959084338,5.39797672935767,0.3333333333333333,1.0,0.0,0.0,12.122725333333332,1.345889260297165,2.229942178097851,0.5474898833954689,1.3333333333333333,0.7071067811865476,0.8581391111111112,0.2547284210298511,9,39366,9,9,7.244853090689738,11.264586222222222,1.4327277755115218,2.1640528962933696,0.5147095756108745,0.0001850944458055,0.0001755573419333,1.4272007128751527,0.6831829021875266,4.9186146688228565,2.115834217771265,50,8,BNG(breast-w)_binclass_Class.csv,0
0.9055602167685948,0.8087555336098534,0.3261016552819349,288.3568283370328,0.4558823529411764,0.9691494726202516,0.0,0.0,6.870588235294117,4.700020859361304,1.676313677578545,3.5026767624419555,1.6,4.021371478914695,0.0705882352941176,0.2576558841203685,85,9822,85,82,799.745619490431,6.8,4.607964120230683,0.8985485861532858,1.21645075617106,0.1860609218740953,0.1168309224538004,1.6259466256811512,3.917437615145607,2.269733151606164,10.91331892039597,50,8,coil2000_regression_CARAVAN.csv,0
2.045789914789352,0.6029678759550743,0.8841664897438647,13.011866943237218,68647.34726190477,282960.94128513435,0.0,0.0,299463.54,762983.7145898755,39623.20999267578,145403.73248598215,1613.561904761905,5873.936581414221,94.56190476190476,328.22268428033806,21,8192,21,20,29.10693853910602,299368.97809523804,762827.7210997228,49273.94353465812,162633.29720741292,0.0021806670207524,0.0021085253354734,28099.911688848853,113942.01454343612,27618006616.74687,115581958327.88004,50,8,cpu_act_binclass_binaryClass.csv,0
2.063560989200371,0.6229152334826795,4.974974983530833,25.494103742664457,62005.44154761905,247807.9762133208,0.0,0.0,301880.4271428571,761136.2326199564,38717.26584664481,145046.08414993333,234.5619047619048,881.799230253798,99.86666666666666,333.5506458295852,21,8192,21,20,9.57465376452048,301780.56047619047,760930.6368972893,49411.853478672085,162549.16839726144,0.0022016580044714,0.0021365438965271,27139.63249864388,113661.04620351786,27605561880.046577,115287710285.66188,50,8,cpu_act_regression_usr.csv,0
2.3615407746316,0.2925397769669559,0.8841664897438647,12.531275267127882,106494.9875,325470.1002099321,0.0,0.0,511219.2191666667,941421.0117396932,68560.21168680827,189687.5411210217,2276.0333333333333,7591.031342474107,174.16666666666666,460.3678042082387,12,8192,12,11,32.47007361704903,511045.0525,941218.0257478096,85455.56765205339,210410.4211219965,0.0025409503098647,0.0025419996504016,48671.91452027394,149535.71486296612,47885820583.07596,151262278566.3315,50,8,cpu_small_binclass_binaryClass.csv,0
2.331817837557006,0.2712528441661628,4.974974983530833,23.338504372504108,120124.63333333336,373261.0184167523,0.0,0.0,524335.0775,946278.0140680769,69245.69355723062,190801.1479751405,2748.4500000000003,7429.907207606054,173.25,460.3828693203477,12,8192,12,11,9.93897777935831,524161.8275,946044.0138761252,85915.98469767727,211489.36589116487,0.0024966535723085,0.0025436160332904,49183.88256238134,150367.00611849278,48381995654.53128,152934327681.24686,50,8,cpu_small_regression_usr.csv,0
2.430823483536034,0.1411665032240115,0.9972877951195076,10.444543728247304,0.002022,0.0029819322594586,0.0,0.0,0.022934,0.0197088883501835,0.0039752144760836,0.0043312791859779,0.005018,0.0049078630787747,-0.01624,0.0197525441399329,5,7129,5,5,24.45788918072555,0.039174,0.0368045565113886,0.0044370012933696,0.0046269782513367,0.0104219805182238,0.0080939998899969,0.0046782654825893,0.0046189160036126,3.681412266803886e-05,6.0795090635986e-05,50,8,delta_ailerons_binclass_binaryClass.csv,0
2.042771543884376,0.7408868333034886,0.9999776283308132,16.41913978280455,0.3013833333333334,0.7341760835567084,0.0,0.0,17.64773333333333,35.94397888863539,-2.1339307922664705,4.537147132008633,-2.1176833333333334,4.009552089905637,-19.29973333333333,39.97653186091393,6,9517,6,6,32.541301898283194,36.94746666666667,75.91744424008665,3.684420805586477,7.298045942658735,0.0500539018198659,0.0628758384592052,-2.136643874394444,4.183067243006589,57.9595188236032,135.4420193538794,50,8,delta_elevators_binclass_binaryClass.csv,0
2.065294700439708,0.7618565461650334,2.9682419705521728,34.32656201466245,0.3515333333333332,0.8565758966178458,0.0,0.0,17.647866666666665,35.943900581137086,-2.080609798255753,4.37039559431102,-2.1507666666666667,4.01634795388381,-19.299966666666663,39.97639681620477,6,9517,6,6,22.884328608158945,36.947833333333335,75.91723047745266,3.681499964093811,7.2829803510811955,0.0500693666118578,0.0628621093226372,-2.1404581042432733,4.133305488452155,57.754944314151714,134.86119355429267,50,8,delta_elevators_regression_Se.csv,0
1.532721591264037,1.2042848896074434,0.9835093906057096,43.51253288539012,0.0401605384615384,0.1211922350157078,0.0,0.0,0.9938448461538462,0.0153023358175919,0.2340304606947387,0.2362401239364346,0.2170790769230769,0.2972116270276286,0.0,0.0,13,45312,13,12,66.81084073122088,0.9938448461538462,0.0153023358175919,0.1861674948123587,0.100647379558501,0.2325733403283599,0.2577456727049853,0.2091024903464198,0.2801618092310659,0.0440090084434723,0.03252226772473,50,8,electricity_binclass_class.csv,0
1.9946729337469284,1.0081881277540017,4.135743621859048,60.6638829094059,10.085122222222225,41.16571680203516,0.0,0.0,60.49321666666668,220.7843615494333,-7.209681617366509,25.33914202949352,-12.41635,47.90639712487442,-60.72176666666667,211.993482164476,18,16599,18,17,28.258246245204223,121.21498333333336,432.7243281470946,13.832164353006435,51.22193809964138,0.1079101223604732,0.250041053794527,-10.474440949146112,39.46664090459407,2669.255327667437,11226.827851998129,50,8,elevators_regression_Goal.csv,0
2.9873632145389672,0.041899737803503,13.83694419621366,7.1855167183715904,0.2692,0.1843732928357876,0.0,0.0,1.0,0.0,0.4377819049254317,0.1575086711762622,0.3761,0.3140235129200784,0.0,0.0,10,40768,10,6,0.551335903182433,1.0,0.0,0.2553957491249886,0.0500986114466314,0.000974495860065,1.1428494363856452e-19,0.4104795969258442,0.2283814639435368,0.0674858724531066,0.026431599576257,50,8,fried_regression_Y.csv,0
2.137775094682388,4.110147759884856e-06,9.965784284662083,4.664840751439147,1.7735320606599998,0.0396308267720001,0.0,0.0,1.69586924,0.0557881205439174,-0.8732611107367371,0.0204461714912917,-1.75220832,0.0223384025792555,-1.75220832,0.0223384025792555,10,1000,10,0,0.000661874091952,3.44807756,0.0604533651259877,1.128855859168111,0.0122431949308004,0.001001001001001,0.0,-1.2174681120512283,0.0214467795281191,1.274450457018076,0.0276225538038076,50,8,fri_c0_1000_10_regression_oz11.csv,0
2.137774834733819,3.5988249748401185e-06,9.965784284662083,4.664841319048634,1.7420899716050002,0.0832857376898959,0.0,0.0,1.725366604,0.0308681167319058,-0.858174786027741,0.0237484935812603,-1.726482712,0.0420585498599404,-1.726482712,0.0420585498599404,25,1000,25,0,0.0006618741724873,3.451849316,0.0472524352789681,1.1202986019858654,0.0242014949906878,0.001001001001001,0.0,-1.203855889052235,0.0250208575827388,1.2556312414768775,0.0542934383889256,50,8,fri_c0_1000_25_regression_oz26.csv,0
2.137774054888113,1.838113957734204e-06,9.965784284662083,4.6648430218779255,1.7302259038652,0.0784440880066059,0.0,0.0,1.7231641159999995,0.0427207592807838,-0.8679965635753095,0.0213801133894808,-1.733598764,0.0356639835558815,-1.733598764,0.0356639835558815,50,1000,50,0,0.000661874414095,3.45676288,0.0471392315156204,1.1176115031069025,0.0171795369303246,0.001001001001001,0.0,-1.213471990108849,0.0205950336870009,1.2493447056362277,0.0384214912965897,50,8,fri_c0_1000_50_regression_oz51.csv,0
2.137773794939544,0.0,0.9999740313334506,18.97908769668083,1.6944806999999995,0.0672407695518035,0.0,0.0,1.7351034,0.0242859092129572,-0.8533734103999999,0.0173789571352254,-1.704189,0.0268310069509141,-1.704189,0.0268310069509141,5,1000,5,0,39.574049983798375,3.4392924,0.0362994451100839,1.1121995015076636,0.0096149099579341,0.001001001001001,0.0,-1.205806845,0.0161767890715395,1.237061688348695,0.0213989796426427,50,8,fri_c0_1000_5_binclass_binaryClass.csv,0
2.137773794939544,0.0,9.965784284662083,4.6648435894879645,1.7358569993500002,0.1013658470647462,0.0,0.0,1.73780244,0.0199150329123002,-0.84481417726848,0.0121314624269216,-1.7057659,0.0279553405231451,-1.7057659,0.0279553405231451,5,1000,5,0,0.0006618744946303,3.44356834,0.0321997563471838,1.117534592193614,0.020375723965366,0.001001001001001,0.0,-1.1923685125274666,0.016191924857142,1.2492157008510376,0.0451826812861271,50,8,fri_c0_1000_5_regression_oz6.csv,0
2.137773794939544,0.0,9.965784284662083,4.664843589487965,1.824678524325,0.2322949928364481,0.0,0.0,1.80174336,0.2729778862010711,-0.91086145826814,0.1117156493554679,-1.82006625,0.2240657623357842,-1.82006625,0.2240657623357842,10,1000,10,0,0.0006618744946305,3.621809610000001,0.4902129517307905,1.1569011756503391,0.0954955678783101,0.001001001001001,0.0,-1.2579413265519002,0.1096904245581945,1.3466277933570976,0.2425836195836499,50,8,fri_c1_1000_10_regression_oz11.csv,0
2.137773794939544,0.0,9.965784284662083,4.664843589487965,1.742401154513,0.1538569795048611,0.0,0.0,1.7547746039999998,0.1329775802747073,-0.8737247738829675,0.069665122344821,-1.748107272,0.140804198113774,-1.748107272,0.140804198113774,25,1000,25,0,0.0006618744946303,3.502881876,0.2684098039407314,1.1254790385779474,0.0620301308500768,0.001001001001001,0.0,-1.2191418575356128,0.0691425752477464,1.2703968939262875,0.1551404727495861,50,8,fri_c1_1000_25_regression_oz26.csv,0
2.137773794939544,4.485978453382215e-16,9.965784284662083,4.664843589487966,1.7358782430615,0.1357397574161528,0.0,0.0,1.738076724,0.1109907320526368,-0.8759897710742435,0.0607749794424914,-1.7448886380000002,0.1163507860861351,-1.7448886380000002,0.1163507860861351,50,1000,50,0,0.0006618744946308,3.482965362,0.2173756634577097,1.1195509685493688,0.0503222679148626,0.001001001001001,0.0,-1.2208073997540725,0.0611316729027694,1.255876055214963,0.1242154502989226,50,8,fri_c1_1000_50_regression_oz51.csv,0
2.137773794939544,0.0,0.9946583178227808,22.232325870373604,1.81439475,0.199299094131863,0.0,0.0,1.8348598,0.2263650200742155,-0.8861756568000001,0.0732083905710173,-1.7890349999999997,0.1631992702036378,-1.7890349999999997,0.1631992702036378,5,1000,5,0,46.78292484425716,3.6238948,0.3879741379688857,1.1466676748916296,0.0741969697242608,0.001001001001001,0.0,-1.2274547086666665,0.0679512146871166,1.319250908894386,0.1769131621258435,50,8,fri_c1_1000_5_binclass_binaryClass.csv,0
2.137773794939544,0.0,9.965784284662083,4.6648435894879645,1.821160023085,0.2649983249754507,0.0,0.0,1.84434258,0.2462235521732375,-0.92196914358959,0.1403747170533611,-1.83743214,0.2718078962575646,-1.83743214,0.2718078962575646,5,1000,5,0,0.0006618744946303,3.681774719999999,0.5169919652736412,1.159179532763886,0.1141188414983594,0.001001001001001,0.0,-1.2656983866693168,0.1402405260542209,1.3541156771666434,0.2815147932417116,50,8,fri_c1_1000_5_regression_oz6.csv,0
2.137773794939544,0.0,9.965784284662083,4.664843589487964,1.7574158852474997,0.1634999020207474,0.0,0.0,1.97032965,0.6342095744258435,-0.895544973045857,0.0826951040881973,-1.7901431600000002,0.1532024700609852,-1.7901431600000002,0.1532024700609852,10,1000,10,1,0.0006618744946302,3.76047281,0.6859187792356475,1.1381771960596132,0.0620334171681098,0.001001001001001,0.0,-1.2359774147164284,0.0824115271455366,1.298910659991121,0.1484788307896746,50,8,fri_c2_1000_10_regression_oz11.csv,0
2.137773794939544,0.0,9.965784284662083,4.664843589487965,1.774720263611,0.1274915996940422,0.0,0.0,1.806672084,0.2817068708921735,-0.8754231804709014,0.0616135568067928,-1.7624387040000002,0.1211410158330966,-1.7624387040000002,0.1211410158330966,25,1000,25,1,0.0006618744946303,3.569110788,0.3879311958831674,1.1351367076508287,0.0532903706489282,0.001001001001001,0.0,-1.2193283852746353,0.0594461064462108,1.2912616141161066,0.1279810615322508,50,8,fri_c2_1000_25_regression_oz26.csv,0
2.137773794939544,4.485978453382215e-16,9.965784284662083,4.664843589487965,1.7375776062859,0.120153814412226,0.0,0.0,1.770295658,0.2481243897035683,-0.8688539483674351,0.0553847841102049,-1.7422000799999997,0.1068083206707344,-1.7422000799999997,0.1068083206707344,50,1000,50,1,0.0006618744946306,3.512495738,0.3277709166523199,1.1240942956278468,0.047853985970935,0.001001001001001,0.0,-1.2138774146892253,0.0558948983805949,1.265832189356905,0.1162596751045238,50,8,fri_c2_1000_50_regression_oz51.csv,0
2.137773794939544,0.0,9.965784284662083,4.664843589487967,1.86899778265,0.2895155323524941,0.0,0.0,2.16143894,0.7306029430663095,-0.98403322415612,0.1472604800115108,-1.94093688,0.2893791929660492,-1.94093688,0.2893791929660492,5,1000,5,1,0.0006618744946308,4.102375820000001,0.9267035779365306,1.1918466376055317,0.1135760932226881,0.001001001001001,0.0,-1.3251157167535337,0.1377322328360571,1.430818030732994,0.2813833550907546,50,8,fri_c2_1000_5_regression_oz6.csv,0
2.137775094682388,4.110147759884856e-06,0.9895875212220556,38.69013201629048,1.7579438499999998,0.2733681063165562,0.0,0.0,2.2071284,0.8859373022873948,-0.9242637731,0.1306029151660925,-1.8361309,0.2536657879408565,-1.8361309,0.2536657879408565,10,1000,10,2,82.58108692827768,4.043259300000001,0.974285203471533,1.158179392098957,0.1021828460094763,0.001001001001001,0.0,-1.267745918833333,0.128236898266239,1.3507767048994457,0.2568657906318015,50,8,fri_c3_1000_10_binclass_binaryClass.csv,0
2.137773794939544,0.0,9.965784284662083,4.664843589487965,1.7390419996174995,0.1981431420876866,0.0,0.0,2.15074914,0.8173760249745525,-0.905777915231498,0.0907526463547745,-1.80482907,0.1769501519473276,-1.80482907,0.1769501519473276,10,1000,10,2,0.0006618744946305,3.95557821,0.8712447641373493,1.1483774158609612,0.0687629153241902,0.001001001001001,0.0,-1.2500197706235798,0.0866776413310178,1.323026193930992,0.1658278747665407,50,8,fri_c3_1000_10_regression_oz11.csv,0
2.137774314836681,2.5994856882149973e-06,0.990604955873816,72.70148829617102,1.79486894,0.1721093299326356,0.0,0.0,1.88839148,0.5174669752507659,-0.91035163904,0.0954636795372532,-1.81661252,0.1941861722978149,-1.81661252,0.1941861722978149,25,1000,25,1,155.8933946962319,3.705004,0.6836735361687623,1.1504315512470211,0.0848435066169011,0.001001001001001,0.0,-1.2531003964666665,0.0927646825202691,1.3304032378950772,0.2115098013525701,50,8,fri_c3_1000_25_binclass_binaryClass.csv,0
2.137774314836681,2.5994856882149973e-06,9.965784284662083,4.664842454268024,1.8035736226548,0.1691889877521671,0.0,0.0,1.889461112,0.5212357899052935,-0.9098103406007912,0.1022066547629465,-1.815688976,0.1946346973963452,-1.815688976,0.1946346973963452,25,1000,25,2,0.000661874333559,3.705150088,0.6879079046909672,1.150609685956593,0.0762354519059739,0.001001001001001,0.0,-1.2525706082419985,0.0967427863922515,1.3294820197793455,0.1879020509683584,50,8,fri_c3_1000_25_regression_oz26.csv,0
2.126051171533504,0.0580146244045422,0.9912540071703688,110.50226634301444,1.7005146450000002,0.2410901664608548,0.0,0.0,1.80677278,0.3730402413909688,-0.846652566,0.162227392756451,-1.6948536799999996,0.3206452417449082,-1.7469744,0.1037464323177094,50,1000,50,3,236.00632846500528,3.55374718,0.4189930859910625,1.112792585474449,0.0766193959274421,0.0010011614821234,7.941755933173364e-07,-1.1813851658666668,0.2228436343548146,1.244060459482549,0.159132375060086,50,8,fri_c3_1000_50_binclass_binaryClass.csv,0
2.137773794939544,4.485978453382215e-16,9.965784284662083,4.664843589487965,1.7305295245525003,0.124105975017886,0.0,0.0,1.80383013,0.3622793471009073,-0.8777664215891303,0.0618399253728705,-1.751264402,0.1173803858338672,-1.751264402,0.1173803858338672,50,1000,50,2,0.0006618744946306,3.555094532,0.4264928838403554,1.1267252639043577,0.0498859684666923,0.001001001001001,0.0,-1.2247919350611538,0.0620041969879728,1.2719486579732069,0.1206340755838989,50,8,fri_c3_1000_50_regression_oz51.csv,0
2.137773794939544,0.0,0.9885173903891564,18.317698597712003,1.7233066,0.4316027619376119,0.0,0.0,2.6329508,1.0229538794179336,-0.9138047351999996,0.1633375226628668,-1.829248,0.3303761072611031,-1.829248,0.3303761072611031,5,1000,5,2,38.613967772861855,4.4621988,0.9483221985267982,1.1598097943801418,0.1326057393732005,0.001001001001001,0.0,-1.2519330666666666,0.1633026972724637,1.3592261848318776,0.3129278483677366,50,8,fri_c3_1000_5_binclass_binaryClass.csv,1
2.137773794939544,0.0,9.965784284662083,4.6648435894879645,1.7710553446,0.407571100993185,0.0,0.0,2.4878471600000003,0.814640984827036,-0.911145068680194,0.1890537016110823,-1.84005594,0.337582774625177,-1.84005594,0.337582774625177,5,1000,5,2,0.0006618744946303,4.3279031,0.7959243652685285,1.170119124984052,0.1193003972675805,0.001001001001001,0.0,-1.2486971035200567,0.190197681146255,1.3805648344840058,0.2844644252864146,50,8,fri_c3_1000_5_regression_oz6.csv,0
2.127578061254948,0.0541886017375852,0.9881489563064276,161.81853318015123,1.6770399825000002,0.2659149418754217,0.0,0.0,1.7836554499999997,0.2776561074413861,-0.82285606184,0.2392331767952972,-1.6420172599999998,0.4769058752100577,-1.7342723399999995,0.0793829690841209,100,1000,100,5,347.41059022662466,3.5179277900000003,0.3244769327504457,1.105958355624743,0.0768544479241629,0.0010012417226846,9.57603922864445e-07,-1.1489129996,0.3394036374842166,1.2289914244802558,0.1514538343931493,50,8,fri_c4_1000_100_binclass_binaryClass.csv,0
2.134521057867045,0.0325326223118943,9.965784284662083,4.671951106070942,1.7046231166847503,0.1628163898851136,0.0,0.0,1.793771785,0.3285573658482913,-0.8561565385847344,0.111554965884794,-1.7103808015,0.2224305930823232,-1.7314063079999995,0.0719482265829004,100,1000,100,4,0.0006616370958102,3.525178093,0.3638615992212674,1.1125655918934851,0.0496434435602987,0.0010010411212816,4.012028060123955e-07,-1.1955782521016247,0.1570943063792542,1.2402420230389404,0.1025208538766398,50,8,fri_c4_1000_100_regression_oz101.csv,0
2.137773794939544,0.0,0.9895875212220556,37.62399203105829,1.70692125,0.2228070711959489,0.0,0.0,2.4096858,1.0222687872113785,-0.8848782947,0.0841988822139896,-1.7796731,0.1744992778809954,-1.7796731,0.1744992778809954,10,1000,10,3,80.27788851428173,4.1893589,1.0612368218248878,1.1443768288057898,0.0776400576765708,0.001001001001001,0.0,-1.2269343693333332,0.0822800675417938,1.3150235070080147,0.1878824631557147,50,8,fri_c4_1000_10_binclass_binaryClass.csv,0
2.137773794939544,0.0,9.965784284662083,4.664843589487967,1.6827126396724998,0.2247606508055525,0.0,0.0,2.45147326,1.07892213275631,-0.8958517075761989,0.0944614497493753,-1.7831638600000002,0.1840557032073485,-1.7831638600000002,0.1840557032073485,10,1000,10,3,0.0006618744946308,4.23463712,1.1148162216741235,1.1382612656280764,0.0736775932004177,0.001001001001001,0.0,-1.2385628260310315,0.0891690008378766,1.3005242577950555,0.1758703447824182,50,8,fri_c4_1000_10_regression_oz11.csv,0
2.137773794939544,0.0,0.9936167534536142,86.6608888102481,1.74048891,0.1603396484270104,0.0,0.0,1.96485816,0.6343367851933808,-0.8816435959200001,0.069086672054514,-1.76268416,0.1256667173312276,-1.76268416,0.1256667173312276,25,1000,25,3,185.45154331464943,3.72754232,0.6632195767372674,1.1308963319466072,0.0499865163333839,0.001001001001001,0.0,-1.2249586938666668,0.0677935684268378,1.2813252193528328,0.118654680596346,50,8,fri_c4_1000_25_binclass_binaryClass.csv,0
2.137774314836681,2.5994856882149973e-06,9.965784284662083,4.664842454268024,1.73872224195,0.1560070063917859,0.0,0.0,1.965016028,0.6354486926536467,-0.887473782860895,0.0567617615188161,-1.7751396520000002,0.1170433166248437,-1.7751396520000002,0.1170433166248437,25,1000,25,3,0.000661874333559,3.74015568,0.6976358331528509,1.13484730049118,0.0496606709310555,0.001001001001001,0.0,-1.22966561061056,0.051072649212939,1.2902459303799478,0.1183018471192093,50,8,fri_c4_1000_25_regression_oz26.csv,0
2.129358447997142,0.04487948352905,0.9895875212220556,121.98065804723517,1.706782055,0.2216067587009177,0.0,0.0,1.8684508,0.5524451399145291,-0.82498294786,0.2757604445200525,-1.6501359400000002,0.5448496671679228,-1.75636264,0.1030143743381278,50,1000,50,5,261.47354492139664,3.62481344,0.6011266945326937,1.1158400738315892,0.0759978690275075,0.0010011614821234,7.941755933173364e-07,-1.1440387264,0.3956331783017301,1.250759232943274,0.1652871977856738,50,8,fri_c4_1000_50_binclass_binaryClass.csv,0
2.137773794939544,4.485978453382215e-16,9.965784284662083,4.664843589487965,1.743521697461945,0.1415145656384044,0.0,0.0,1.87120082,0.5567762984846559,-0.8754109339788907,0.055926179812963,-1.7521577060000002,0.1058946151980902,-1.7521577060000002,0.1058946151980902,50,1000,50,3,0.0006618744946306,3.623358526,0.5924628387046865,1.1268283485907178,0.0449458168233373,0.001001001001001,0.0,-1.2189991154213875,0.0553349566456485,1.2717218511086026,0.1094564640411295,50,8,fri_c4_1000_50_regression_oz51.csv,0
2.73595499093912,0.0773963108249242,11.106102993951886,10.133988047169751,129.1203,197.76007484288343,0.0,0.0,10940.4250125,16648.770387349996,508.07511335695256,761.9487269636935,386.078125,573.774072821708,-9.4137625,47.634130328036775,8,20640,8,7,1.496477404438843,10949.838775,16637.86050916039,387.8066678754691,583.4835987581785,0.0029218242397543,0.0065854738613666,409.3412384225615,610.7263678125986,448290.4829159951,931082.3321377692,50,8,houses_regression_median_house_value.csv,0
2.479972106924841,0.4819630135295879,9.083154612142412,16.587833254491112,74.934123853125,299.4842584553238,0.0,0.0,457661.0510559875,1830640.786385089,261.1272900411064,1043.4399466436168,9.7202381,37.94279867360571,0.2871063875,0.9935139531830414,16,22784,16,15,3.5289731973146883,457660.7639496001,1830639.7962801247,3658.777121051109,14634.77607126093,0.0001324158617567,0.0001339233918475,27.533843385573626,109.1320479854776,214177278.76148164,856709114.9959842,50,8,house_16H_regression_price.csv,0
2.50651309822981,0.4131117326308784,9.083154612142412,15.790962691810003,57.4696267625,162.24285681570194,0.0,0.0,77111.61180555,218098.1521611645,176.65043868100966,496.5859590894992,8.78125,22.003018258866213,0.2891972375,0.6961030854570318,8,22784,8,7,3.357544984180819,77111.3226083125,218097.46089273543,1167.8841752993887,3302.7712778720584,0.0001850898067544,0.0001862809216111,22.20758139506016,59.8531083020316,10908714.296609284,30854503.237064365,50,8,house_8L_regression_price.csv,0
2.256439236648957,0.5479320212953488,4.70043827987653,24.30051684934183,0.561967585089141,0.4033971055817377,0.0,0.0,0.978237277147488,0.1164275387954956,0.3108301538492239,0.5912836157655869,0.5569795786061589,0.7775920932040516,-0.9177066450567262,0.1297108977109954,617,7797,617,447,10.665431269346298,1.8959439222042145,0.1644636387580925,0.4291260176782386,0.1616771285672658,0.0049790061503549,0.0406312490855326,0.4010552161923529,0.6784945521466457,0.2102462674819038,0.1467143535047572,50,8,isolet_multiclass_class.csv,0
2.607897088783101,0.0860943801623195,3.132069248447984,18.20347990638558,0.4952577142857143,0.7615489719995716,0.0,0.0,8.942815285714286,23.978058150116443,1.9854777748576589,5.905682120774749,1.913148642857143,6.031344104329477,-0.4916028571428571,0.7156524867401514,14,9961,14,13,14.157009148858556,9.434418142857142,23.430375826062,1.230240690889151,2.9676688861019285,0.0034353925633608,0.0097285707654623,1.9260254921245727,5.88118721284136,9.691475159518484,32.37401282494525,50,8,JapaneseVowels_multiclass_speaker.csv,2
2.595821927105814,0.0562522775994313,0.9997770990046064,68.48156483350742,0.82800484375,0.5263142373948955,0.0,0.0,1.5700833749999998,0.0007094390012034,-0.4141759258728026,0.270531779896638,-0.828236875,0.5336265678801548,-1.569712875,0.0007806346204943,8,8192,8,5,176.8055806382477,3.13979625,0.0009981375155759,0.7902425373790538,0.1396833441055969,0.000122271697621,1.2125961051598206e-07,-0.624528971775834,0.3756750513156386,0.6415557749262426,0.2291146481857028,50,8,kin8nm_binclass_binaryClass.csv,0
2.650431471202209,0.0286420301358394,12.999755859374998,4.947454713845077,1.5602579748375,0.0759967473242712,0.0,0.0,1.570366575,0.0002916007630305,-0.5966058380038866,0.5174353904158424,-1.2026088625,1.0400969379767897,-1.5703331875000002,0.0006015716949019,8,8192,8,0,0.0087027647112407,3.1406997625,0.0007539276053489,1.007870509309204,0.0307740407418701,0.0001220926687902,2.1081143772604365e-08,-0.8335755007110127,0.7356083222342193,1.0166316249208287,0.0601558879065427,50,8,kin8nm_regression_y.csv,0
1.978943871178161,0.218021272571107,4.699810726573159,21.91409219919484,0.3125,0.6020797289396148,0.0,0.0,14.8125,0.5439056290693574,5.807759375,1.9609092969180355,5.6875,2.1823152842795195,0.0625,0.25,16,20000,16,16,8.227341476717385,14.75,0.6831300510639732,1.6554562961000991,0.3549916226681431,0.0635692498910659,0.0030498402199751,5.70684375,2.114576483267504,2.858678409701735,1.2700885218322315,50,8,letter_multiclass_class.csv,2
1.5744425907936657,0.5132343682211925,0.1593164203699976,14.779490889749331,0.1845902916666666,0.2765678256623159,0.0,0.0,13.08013435,11.2854647232156,-0.3405399882942179,0.1141247498202717,-0.6715638566666667,0.2264665607959779,-0.6715638566666667,0.2264665607959779,6,11183,6,6,145.05813934952306,13.751698206666669,11.25645556964519,0.7678858586589289,0.072709256235852,0.0022108544432399,0.0030910077285406,-0.6061609075370181,0.189367191859641,0.5940542218803361,0.1111243998003535,50,8,mammography_binclass_class.csv,0
2.444729660354342,0.795302069035274,2.331572915249456,8.347918304186491,12867.379451530407,77729.93861819679,0.0,0.0,39416.45748975676,237541.2825247856,7035.077288835936,42418.912136895946,520.1684284999999,3440.3496782788,-10.426182297297302,417.05944144803993,74,45164,74,59,7.753062512855674,39426.88367205405,237288.09526136648,8647.718238990641,52119.95414911366,0.0153011391916872,0.0299895303211299,4270.677608946826,25761.561868268906,2754563332.050658,16644825036.612804,50,8,meta_stream_intervals.arff_multiclass_class.csv,0
2.07730266718043,0.1218907007769463,3.321928094887362,12.37137542975996,22.56597222222222,32.63011502419579,0.0,0.0,467.6574074074074,473.82951819928667,312.3669675925926,344.6979497922126,306.462962962963,344.0034998720264,192.9398148148148,242.26217028581547,216,2000,216,213,6.736197305559738,274.7175925925926,256.41570329908325,38.46399145216945,36.74048038776928,0.0194023913913652,0.0190221886050221,309.1093634259259,344.98076124242954,2823.0921722829003,3691.7013124726186,50,8,mfeat-factors_multiclass_class.csv,0
2.1761963022547355,0.0879198966989628,3.321928094887362,25.53590910977971,0.056510204868421,0.0560939369181366,0.0,0.0,0.3691478375,0.1435411495869954,0.11950613765625,0.0662771661452153,0.1069443586842105,0.0838970393185341,0.0044055694736842,0.0033860300267776,76,2000,76,69,15.728583338375929,0.3647422680263158,0.1412026727834789,0.058424664770075,0.0313736067588981,0.0005019654671607,1.0218609613046651e-06,0.1123427596278509,0.0715308354116908,0.0043847932966489,0.0056983998363299,50,8,mfeat-fourier_multiclass_class.csv,0
2.166160358743091,0.1110917606784381,3.321928094887362,27.16803703613964,2.47020825375,2.467396822362224,0.0,0.0,6.6108158675,3.883329911685212,-0.8198080479201564,1.8189928104952109,-1.70029066484375,3.237660486240139,-6.350836407656249,3.234559693149238,64,2000,64,50,16.715713035186955,12.96165227515625,6.8447664757748505,2.089673118811869,1.3460481976401697,0.0005017071585869,1.0418092240393776e-06,-1.0668363807234376,2.226799162237161,6.150269404005736,7.976224339968626,50,8,mfeat-karhunen_multiclass_class.csv,0
1.6291445218945189,0.5466745657727058,3.321928094887362,6.49211514215758,382.13430530875,926.3107375833596,0.0,0.0,2822.053913795,6797.126334946056,793.7159829072292,1872.4771717108,535.5624108650001,1246.8456737316742,261.806380795,586.3211153062732,6,2000,6,6,2.1838719915799687,2560.247533,6212.168972655153,515.3437950439528,1250.406976716124,0.1211149632524376,0.1452412904573103,606.0914559003946,1417.3551883817306,1568510.5666072683,3841806.822575979,50,8,mfeat-morphological_multiclass_class.csv,0
2.185224605683699,0.0967705144795368,3.321928094887362,18.51209742468944,37.27249632335107,40.478217851257895,0.0,0.0,216.23020931489364,201.65929739789144,71.90279244543956,94.25130537860548,55.201484100638304,89.33623881112278,14.291071590851065,50.84795513561115,47,2000,47,46,11.177593746687297,201.93913772404252,180.04908282283947,35.760207776699644,33.0790383451326,0.0005016153681309,1.013120719448016e-06,63.319456806563664,90.8147226284747,2349.733902372785,3127.861498633629,50,8,mfeat-zernike_multiclass_class.csv,0
0.6191039973905059,0.7334106983277388,3.319837025403414,87.82408277891024,12.28156887755102,33.274143447792405,0.0,0.0,215.8992346938776,85.75690373588766,16.68887986516035,21.29437020559336,0.0,0.0,0.0,0.0,784,70000,784,661,15.377984912970511,215.8992346938776,85.75690373588766,39.25798543997547,37.12917303609228,0.136780543479868,0.3096403614242348,2.353363429300292,5.874178846377128,2918.006524044378,3592.499672705321,50,8,mnist_784_multiclass_class.csv,3
2.06195325013242,0.6391536265580878,9.072489733617438,13.485810774321536,0.0820741126237624,0.0941849981807068,0.0,0.0,0.9482462772277228,0.1048799682695474,0.223377995557904,0.2220241761024898,0.1812471188118812,0.2436855468670358,0.0125371237623762,0.069706948535129,202,4450,202,197,2.0649923199963407,0.9357091534653466,0.1253328609130024,0.096355749707465,0.0490095596354242,0.0200020909247908,0.0595392238833854,0.2023209355768161,0.2326015779626572,0.0116744766604366,0.0126607238197779,50,8,mtp_regression_oz203.csv,0
1.2276840992155655,0.7949838953583817,3.3218327248667654,29.476872234495566,2.96875,3.2267175812590647,0.0,0.0,13.25,5.160903083271438,4.460273020462633,5.263394058446485,4.0,6.982972487551756,0.0,0.0,64,5620,64,53,9.894072740628586,13.25,5.160903083271438,3.239327701434205,2.168166974868565,0.1286877825109291,0.1924982612085017,4.161537107058126,6.371841723040316,15.120739675206735,13.1872343209466,50,8,optdigits_multiclass_class.csv,0
2.3399949543126874,0.1589329680039298,0.6354628258660036,11.348077609050849,60.0256,84.52932620917889,0.0,0.0,22721.5,45347.159132506735,135.927009300201,218.7265050442801,20.4,34.23513464913559,2.5145,3.12375142167946,10,5473,10,9,40.78756532317936,22718.9855,45344.79900145037,570.365618445852,1056.0430934133155,0.0025786823053717,0.0038843544022298,34.04671199391172,51.596093035511295,1329021.2523364872,3437789.54852134,50,8,page-blocks_multiclass_class.csv,0
2.172001448088686,0.3233951817282181,3.320771738890595,11.770315931660718,34.0625,15.562642234959116,0.0,0.0,100.0,0.0,47.23816753093159,32.42740319683956,43.75,51.234753829798,0.0,0.0,16,10992,16,9,6.698554811409358,100.0,0.0,28.570705765444053,6.569218024440082,0.0099180012982527,0.0003045874352809,45.54594640691328,42.713603256664285,856.7426892974172,345.241906761587,50,8,pendigits_multiclass_class.csv,2
2.3659241354698537,0.1201245315146479,11.876629050506004,5.084948726825948,5.6576,2.382152200654553,0.0,0.0,24.83445,8.0830442278884,-2.850737428534304,1.3249804067690727,-5.74305,2.5772215148618223,-26.2814,8.025175089678731,4,3848,4,4,0.0129644421210283,51.11585,15.733431911590891,6.071137674756132,1.5172752827935696,0.0002625913125914,6.051048018538329e-07,-4.389884751082251,1.941123744625808,38.58530587867553,19.9728467790842,50,8,pollen_regression_DENSITY.csv,0
0.4431006462186257,0.6437485397815711,0.9210049486251756,124.90983362006492,0.2708333333333333,1.3166621779257357,0.0,0.0,71.45833333333333,67.15556989093226,18.063140277777777,35.84868911553882,16.708333333333332,35.657327934955994,15.4375,34.644643594461094,48,15000,48,26,59.0948215085398,56.020833333333336,57.92088866697084,4.845126451432967,6.24222751427531,0.4659720080053298,0.4964514451920154,16.76148842592593,35.71042785977809,61.6288754132683,115.29864959691837,50,8,pol_binclass_binaryClass.csv,4
0.4417708172851022,0.6444395106991022,1.8914102162679105,145.93554681002823,0.2708333333333333,1.3166621779257357,0.0,0.0,70.25,66.31982470525816,18.07132777777778,35.863852937199255,16.708333333333332,35.657327934955994,15.4375,34.644643594461094,48,15000,48,26,33.08571299378165,54.8125,57.59493781316313,4.855989378825331,6.274718677674182,0.4659347443827301,0.4964861691769583,16.76196527777778,35.710788381047884,62.13247536280196,116.85540733805756,50,8,pol_regression_foo.csv,0
2.5593107710016354,0.0774776849586461,0.9999559719934968,508.0000782078778,12.596260515625,27.24123530699961,0.0,0.0,13.76842578125,26.75785469052288,-5.438957745624543,14.08316412274156,-11.4914145625,27.78228261549168,-12.47884734375,27.34704190782107,32,8192,32,12,1299.1873164827205,26.247273125,54.09013878817224,8.294116916010157,17.47963430132709,0.0001222269349597,1.2203521411354718e-07,-7.866705770526088,19.542705086840936,364.7819402461972,859.0610380329242,50,8,puma32H_binclass_binaryClass.csv,0
2.573851418912805,0.070222774348201,12.91753553771708,5.179364090127005,12.6251266640625,27.734398963009166,0.0,0.0,13.7691623125,26.75950271789153,-5.428115800117493,13.969507549821817,-11.5461590625,27.74151287490072,-12.47727165625,27.34292178233984,32,8192,32,14,0.0320013112033131,26.24643396875,54.08766523482402,8.305614463342637,17.611236114350813,0.000122219457031,1.017051545474968e-07,-7.874135410820535,19.450709010564275,369.4465054179939,870.3774418758358,50,8,puma32H_regression_thetadd6.csv,0
2.6131805292803287,0.0509854412221086,0.9999860693604422,62.930115468084,1.17473965625,0.6303605847664683,0.0,0.0,1.56292825,0.5945884543326105,-0.3065383481903077,0.6293457614607539,-0.618008125,1.2499669267945153,-1.5632775,0.5947145319070558,8,8192,8,3,163.45004334083902,3.12620575,1.189302607625368,0.8826643306190872,0.3586721746868467,0.0001222569151592,2.3347846492762134e-07,-0.4203510900630594,0.9126346197383094,0.8916613333300092,0.5646907620505932,50,8,puma8NH_binclass_binaryClass.csv,0
2.6103547055353933,0.0494610892235667,12.999999999999996,5.023887914622887,0.6801029375,0.6335844525586115,0.0,0.0,1.562847125,0.5943835255543433,-0.3340359732055664,0.3349513820924187,-0.667388875,0.6585700913154711,-1.563078125,0.5944666169059063,8,8192,8,5,0.008779189078327,3.12592525,1.1888499509829715,0.7561374083877981,0.3224035722648349,0.0001222045121392,6.377842990797281e-08,-0.5037744334825062,0.4710070362496486,0.6626948358464015,0.4587019789095015,50,8,puma8NH_regression_thetadd3.csv,0
2.207771135422365,0.0045611811390729,0.9912232530606148,605.114618890795,31.20083333333333,23.79920985207982,0.0,0.0,302.1333333333333,308.4969812386068,52.80169727578819,32.926134140165786,58.84333333333333,63.798993983708975,-81.13000000000001,91.27632716098957,3,2178,3,2,1346.7837460775415,383.2633333333333,258.8685381295559,72.25217587550186,36.46972570319646,0.001597263815714,0.0018594463514675,58.4226885830785,58.89574087566194,6107.070847322047,4505.6933831766055,50,8,quake_binclass_binaryClass.csv,0
2.1994682872671443,0.0137777896062652,2.5898923943940564,133.42949135235727,43.71833333333333,7.018377809959604,0.0,0.0,300.1333333333333,305.08728805594853,44.277323232323226,20.632872943625685,42.95333333333334,39.9430110699398,-82.14666666666666,90.99092830240458,3,2178,3,2,112.31510739632796,382.28,254.29138738856253,68.05365924952157,32.66995461259306,0.0016525079935731,0.0019382270889955,44.81854740061163,37.29825594398504,5342.851160175922,3857.1672551478287,50,8,quake_regression_col_4.csv,1
2.2018986209847147,0.014189956276093,2.5898923943940564,130.67504657306964,44.79583333333333,5.904111032436072,0.0,0.0,304.71666666666664,308.45314203835454,44.28406029996939,19.821404428976024,42.91,39.88804457478456,-81.12666666666667,91.27091340253658,3,2178,3,2,110.09851724695876,385.8433333333333,258.1856553593428,69.09586145736903,33.092817567384216,0.0016300545533035,0.0018934214554305,44.77784913353721,36.842602381576825,5504.327786901384,3976.591361483601,50,8,quake_regression_richter.csv,0
2.305683198543788,0.0506628653012297,2.4832958827266416,6.289452700304694,4.083333333333333,3.797555604784289,0.0,0.0,131.83333333333334,19.36344125259912,83.04222135888801,12.223462458296424,82.58333333333333,13.966030216206752,37.72222222222222,9.46455375481474,36,6435,36,36,4.839612395767296,94.11111111111111,21.991917707295208,12.933715835470784,2.58965426368721,0.0141006689074895,0.003775139615985,82.83860686638465,13.440462972909216,173.80102815132344,68.58571459302024,50,8,satellite_image_regression_class.csv,0
2.3087495195458207,0.0618838000025903,2.4833618760456604,6.247373545318822,0.1865196388888889,0.141079052551226,0.0,0.0,2.6921945833333334,0.6656193216371126,-0.0082869147788145,0.1118385866783434,-0.0120558888888888,0.2251433624482444,-2.5119208333333334,0.2492756882163658,36,6430,36,36,4.808102641144396,5.204115416666666,0.7914915042982502,0.7164058761799477,0.0094130798784192,0.0140744162909707,0.0038442735301003,-0.0076344015897701,0.1876874743946847,0.5133235242181561,0.0135315592116733,50,8,satimage_multiclass_class.csv,0
2.2317434916770167,0.2495243739319588,0.6780187068738636,51.972375743717606,0.4917763979933109,0.3289751270144981,0.0,0.0,0.9965995852842808,0.0224924528315114,0.4136931076028251,0.2807010301774128,0.5209620735785953,0.4987736723567543,0.000213254180602,0.0028298538005506,299,2407,299,121,170.07051787379731,0.9963863311036788,0.0226376530321963,0.2848636263089076,0.1266987059265464,0.008793597309726,0.0641385394192341,0.4153311201513696,0.3287956143219672,0.0971461601787155,0.0719548040063228,50,8,scene_binclass_Urban.csv,0
1.9096538857378151,0.7921035298287503,2.807354922057604,7.605846256306385,11.492808276315788,13.150228173708308,0.0,0.0,199.94624026315788,364.150772422466,17.35460946343814,33.44953845939454,10.231873684210528,29.854743684730163,-3.91460947368421,13.880866879819171,19,2310,19,17,4.173743349499389,203.86084973684208,362.0124876827589,20.24811485713852,18.67877980312465,0.0850399084511703,0.2399019122150616,12.424021355840358,30.78283223347228,740.5199799418269,906.4223267488328,50,8,segment_multiclass_class.csv,0
2.292381828847215,0.1255443236240083,0.9999532967890264,40.6866533985224,5609601.452285667,13740659.154185526,0.0,0.0,-11268321.578400666,27601667.7780004,-17990859.78127649,44068444.38897181,-20682045.9717705,50660476.20712983,-20682048.55604233,50660474.94110034,6,3107,6,5,92.27370110871868,9413726.977641666,23058807.16310068,2998210.7539380486,7344084.210153479,0.0003340170035115,1.3848552511628122e-05,-18561092.35809489,45465222.60693997,53935578463217.82,132114646216726.8,50,8,space_ga_binclass_binaryClass.csv,0
0.6124795836714229,0.5720950717714806,0.9673602371807668,29.76180131707302,1.8422807017543856,11.764037969522663,0.0,0.0,243.98892982456132,1362.3271069856885,3.0337196185421167,18.716792826968792,0.1228070175438596,0.6832217648391148,0.0526315789473684,0.2252817784447915,57,4601,57,57,17.843544503252307,243.936298245614,1362.1614781010203,10.171303176601834,59.341309327751645,0.0087784233473079,0.0079060012112482,0.6015691238236845,3.727176336955208,3563.0676116960813,25653.53994086732,50,8,spambase_binclass_class.csv,0
2.078704319972148,0.9395651093327466,9.71919635486444,15.355855623356303,0.0409015902255639,0.0482818905320846,0.0,0.0,0.8880723684210527,0.2289649271237013,0.1800164777867572,0.2159806448241781,0.1593097030075188,0.2258572932642699,0.0082151616541353,0.0303676890468383,266,8885,266,258,2.284251316227736,0.8798572067669173,0.227605442051973,0.0625599520376089,0.0350424038006406,0.0414019517049407,0.1737041054073778,0.1680939672401318,0.2215999138093621,0.0051371012342625,0.0046170227771381,50,8,topo_2_1_regression_oz267.csv,0
2.042358380596917,1.0165822937262314,5.161428470284308,11.391337520989122,10.707,20.03831386785492,0.0,0.0,42.9971,81.76427510047813,8.064230456544381,14.013047864601766,2.643,3.3005109705417834,0.33925,0.6871794404181003,4,8641,4,2,3.5075106215544865,42.65785,81.07724723716676,7.970884334024923,14.73590853623869,0.1251073985506968,0.2498898208917713,5.683204228543877,9.240812577885489,226.39524735769817,451.8388014128875,50,8,visualizing_soil_regression_track.csv,0
2.446094173786181,0.0784414108455067,1.5848792049207137,26.00921867811936,0.4190625,0.4152538949554127,0.0,0.0,4.9415,1.87830740773408,0.75894185,1.1397390308958282,0.6234999999999999,1.177384215005276,-2.99925,0.5953942348325141,40,5000,40,40,39.14249040289555,7.940749999999999,1.4963500678788455,0.9397102007860988,0.2921096585381653,0.0016671195916358,0.0003335834054744,0.6705765000000001,1.152285635214103,0.9662501127574517,0.6302664635591471,50,8,waveform-5000_multiclass_class.csv,0
2.442715985302943,0.0769153155041805,9.220620127247296,12.667428423394522,2.813392857142856,3.331071034612946,0.0,0.0,33.14071428571429,14.374604992183912,13.568532965361376,17.24302592683618,12.89857142857143,18.49754738717161,4.797857142857143,16.18476309969987,14,6574,14,12,2.355840439741041,28.34285714285713,7.10675997643352,3.9648163879871374,1.5559253142627003,0.0136156325051997,0.0255163335265947,13.132052168561293,17.901181434994452,17.967750889474605,18.352430453228884,50,8,wind_regression_MAL.csv,0
2.406934336696347,0.0766155216329696,1.8376039948582683,57.72002007009286,2.280381818181818,6.553476006184531,0.0,0.0,69.2572709090909,130.34009839221125,14.69506534360847,34.516976941737845,13.506727272727272,35.13138597064143,2.3290118181818182,2.854128817964663,11,6497,11,11,74.6029583143261,66.92825909090908,129.13690052617963,5.80181086046591,12.471588956518069,0.007303107727363,0.0034689851202274,14.12165604374082,35.00869879513425,175.0614920791142,480.5997293241981,50,8,wine_quality_regression_quality.csv,0
2.020775733231288,0.5473466769118818,0.1066848655670195,48.60175819088948,0.0723366120689655,0.1053180390261282,0.0,0.0,0.4773345086206896,0.2131259359223411,-0.0046224225956942,0.1390221537980836,-0.0455894827586206,0.1801042396485499,-0.3116650775862069,0.153380724136586,116,2417,116,110,919.5921854288396,0.7889995862068966,0.1491748509996454,0.1142312141077619,0.0860425226277058,0.0563800454295604,0.1582127796623994,-0.0258533760486228,0.1528344955270499,0.0203882642896024,0.03670513984204,50,8,yeast_ml8_binclass_class14.csv,0
1.4455039302723125,0.9311181085197732,2.490417636232728,26.74640069023539,0.0162499999999999,0.0213390989232709,0.0,0.0,0.9175,0.1043003903567548,0.36825724393531,0.1907045691769746,0.355,0.2,0.145,0.167246610044654,8,1484,8,8,14.524314779932922,0.7725,0.1577294247392395,0.0712431991362375,0.0286860250381953,0.116705137657442,0.1902310998193447,0.3574649663677129,0.198366890138273,0.005795620451596,0.0041376617654179,50,8,yeast_multiclass_class_protein_localization.csv,2
0.3091762196558492,0.5758011422478224,9.71919635486444,104.0539618216537,0.0062594023904382,0.0345610284417786,0.0,0.0,0.7599981035856573,0.380963893225609,0.0275466903254735,0.1203937261425574,0.0197208804780876,0.1202358896339759,0.0012138525896414,0.0159884551623408,251,8885,251,206,2.3100484218668367,0.758784250996016,0.3805314399848989,0.0350144778909735,0.0305686212212834,0.3715337559922636,0.3166592037471449,0.0212137402743182,0.1205563018990602,0.002156731394418,0.0054358815911868,50,8,yprop_4_1_regression_oz252.csv,0
1.519112690336445,0.1832628498881769,0.9999977500599352,27.75369985584002,2.0,0.0,1.33434,0.4688392858965639,1.0,0.0,0.006892660910518,0.0183114298609961,0.1,0.3162277660168379,-1.0,0.0,10,40768,10,0,41.16109251472656,2.0,0.0,0.8066918548282208,0.0673369941671723,0.3499840557313513,0.0527059204952308,0.0114872046439375,0.0305175526356426,0.6548325923513181,0.1201049287856954,5,9,2dplanes_binclass_binaryClass.csv,0
1.519112690336445,0.1832628498881769,15.29547077834474,10.325056123172638,2.0,0.0,1.33434,0.4688392858965639,1.0,0.0,0.006892660910518,0.0183114298609961,0.1,0.3162277660168379,-1.0,0.0,10,40768,10,0,0.0254619823375568,2.0,0.0,0.8066918548282208,0.0673369941671723,0.3499840557313513,0.0527059204952308,0.0114872046439375,0.0305175526356426,0.6548325923513181,0.1201049287856954,5,9,2dplanes_regression_y.csv,0
3.240286054879682,1.3636711015664402,0.9999906975135884,5.15132638771073,0.4148888888888888,0.3896784554104975,0.1400233333333333,0.1710658951507065,1.1859444444444445,0.6605552798803275,0.3500838320964009,0.2014424945529112,0.2879444444444444,0.2503413225533846,0.015,0.0287934454346818,9,4177,9,7,15.69192633465072,1.1709444444444443,0.6713513165830375,0.2323391259178727,0.1762725756429027,0.1152829373538407,0.2181328310175412,0.3093831494038913,0.219634242945981,0.0816010435867547,0.0985606632135081,5,9,abalone_binclass_binaryClass.csv,0
2.4806688467151075,1.7786922560459726,0.9832048570341376,12.009886019478792,8.761025,47.61040097768311,6.46406187,34.98105117310986,28.4952,154.69338675026373,-0.8616111072727273,3.166294416183561,-1.08565,4.20781970798082,-29.293100000000003,154.46731603304073,40,13750,40,40,29.301467581222425,57.78830000000001,309.1189480059706,7.201067688344622,39.05129332587973,0.0761703589109112,0.0953355011638387,-0.9697815909090908,3.623144204083308,1538.7337985154224,9616.00394801984,5,9,ailerons_binclass_binaryClass.csv,0
2.480672483269528,1.778687041124671,3.828958233704801,24.51889235773205,8.761025,47.61040097768311,6.46406187,34.98105117310986,28.495225,154.6933820271551,-0.8616111181818182,3.1662944131388664,-1.08565,4.20781970798082,-29.293150000000004,154.46730630959107,40,13750,40,40,14.88508880997177,57.788375,309.118933627677,7.201068139313023,39.05129324058964,0.0749202679952082,0.0933046478369189,-0.9697815909090908,3.623144204083308,1538.733798515488,9616.00394801983,5,9,Ailerons_regression_goal.csv,5
0.9979212467026038,1.3109912267570416,0.794432350758128,8.301976551711876,2.4285714285714284,5.563486402641868,1.6944,4.482961021467842,286.2857142857143,750.3947215267696,281.94369623466366,745.4733292305657,282.0,746.1018697202145,279.0,738.1646157870208,7,4052,7,4,9.428476109607042,7.285714285714286,12.776466461353673,1.7060125548744782,3.5138473861629143,0.375242640461105,0.213872086143419,281.95083411654133,745.7092629688769,13.493727511598438,35.2393261246659,5,9,analcatdata_supreme_binclass_binaryClass.csv,0
0.9973330791769796,1.3113577878675704,1.825202079049472,9.494338803217616,2.4285714285714284,5.563486402641868,1.6944,4.482961021467842,286.2857142857143,750.3947215267696,281.94330841912284,745.4735002795941,282.0,746.1018697202145,279.0,738.1646157870208,7,4052,7,4,4.187928647491886,7.285714285714286,12.776466461353673,1.7047121416646518,3.5142768437983096,0.375242640461105,0.213872086143419,281.95083411654133,745.7092629688769,13.491879258673466,35.24012685861293,5,9,analcatdata_supreme_regression_Log_exposure.csv,0
4.073538824389374,0.6131463135215457,10.767172197728645,3.400766835138451,1.3525163984375,0.9026290883859076,0.8856859430343749,0.4957852355682396,5.9789175,7.969370522830609,1.117246358638763,1.6564604112960788,0.988795234375,1.63642390253517,-0.0303474687499999,1.2759039880014984,32,8192,32,9,0.2866104006913355,6.009264968750001,7.706467965846772,0.9450223380526988,0.7539566053796045,0.0196358549949777,0.0535084055106724,0.979965810275122,1.561539346211958,1.4437537021267657,2.45770075455271,5,9,bank32nh_regression_rej.csv,0
4.004985667670222,0.8137946628688749,0.9730662661337472,15.372709450795483,1.33581315625,1.235111737240964,0.9194741422125,0.7997366091661444,8.796524875000001,13.150188094810664,1.5560685397796632,2.31786736576574,1.2782609375,2.079605457191914,0.380040375,1.883969664930026,8,8192,8,2,62.27162205336598,8.416484500000001,13.151167429795937,1.0495321703571283,1.1955234233778274,0.0312444996946142,0.0883535727002611,1.3708565151800245,2.214877669477272,2.3521345004789542,3.8514255160517457,5,9,bank8FM_binclass_binaryClass.csv,0
4.004985667670222,0.8137946628688749,12.86331256724435,3.312741397403005,1.33581315625,1.235111737240964,0.9194741422125,0.7997366091661444,8.796524875000001,13.150188094810664,1.5560685397796632,2.31786736576574,1.2782609375,2.079605457191914,0.380040375,1.883969664930026,8,8192,8,2,0.0314203085666829,8.416484500000001,13.151167429795937,1.0495321703571283,1.1955234233778274,0.0312444996946142,0.0883535727002611,1.3708565151800245,2.214877669477272,2.3521345004789542,3.8514255160517457,5,9,bank8FM_regression_rej.csv,0
2.386494097821603,0.8561663891307031,0.928691959084338,2.509619336437814,2.377410805555556,1.349908729989439,0.4627041397999999,0.9658520456781624,12.304476666666666,1.2844623417684342,2.91270139389603,0.7037502052237503,1.6666666666666667,1.118033988749895,0.771111,0.3702142659460869,9,39366,9,9,5.449061688972705,11.533365666666668,1.3686863257108073,2.62050094869515,0.5634207528853,9.621236210661704e-05,0.0001151289525666,1.994249350992568,0.7858226462482479,7.149196728584926,2.789472157191395,5,9,BNG(breast-w)_binclass_Class.csv,0
1.2944268094276794,1.1866842739147816,0.3261016552819349,146.62616073210518,1.4823529411764709,2.9016077838144216,0.8546752941176471,1.4536622998077484,6.952941176470588,4.657062947192967,1.7002491405847615,3.042616967021884,1.6705882352941177,3.726955336253894,0.0705882352941176,0.2576558841203685,85,9822,85,72,581.0173873419868,6.882352941176471,4.562820151078984,1.1054832090798283,1.5268583897995864,0.1805374837033887,0.1152437788273502,1.6408431306014089,3.2154558751984124,3.525962649911745,17.75058028765851,5,9,coil2000_regression_CARAVAN.csv,0
3.443741372532222,1.0434076429714687,0.8841664897438647,6.775161890315548,47458.41904761905,157495.88689303162,28411.4521,94646.49802631342,300013.3176190476,751453.0882317908,72084.50348435175,273883.3140146119,60196.41428571429,242905.609651118,93.15238095238097,328.1813029699401,21,8192,21,20,25.38858809729638,299920.1652380953,751271.2061648329,40135.2952554812,118452.16582533318,0.0023436958658898,0.0029578392386234,69672.60454521679,281814.82022703363,14973618676.399158,55757690615.73385,5,9,cpu_act_binclass_binaryClass.csv,2
3.443741372532222,1.0434076429714687,4.974974983530833,12.332952733105982,47458.41904761905,157495.88689303162,28411.4521,94646.49802631342,300013.3176190476,751453.0882317908,72084.50348435175,273883.3140146119,60196.41428571429,242905.609651118,93.15238095238097,328.1813029699401,21,8192,21,20,7.537027766587601,299920.1652380953,751271.2061648329,40135.2952554812,118452.16582533318,0.0023436958658898,0.0029578392386234,69672.60454521679,281814.82022703363,14973618676.399158,55757690615.73385,5,9,cpu_act_regression_usr.csv,0
3.937296420092877,0.4971217871398218,0.8841664897438647,6.172054065478672,83018.46666666666,204625.8286657129,49718.706835,123062.26750645923,524716.8333333334,947718.150483098,126151.63302093506,359196.2786510618,105423.4,319840.9438860936,163.0,428.2582058864616,12,8192,12,11,26.484876048252755,524553.8333333334,947498.0946112836,70207.78718484066,152354.50859595145,0.0028884474347191,0.0036133795907682,121952.23642697316,370887.653248968,26206704980.1129,73027274920.53584,5,9,cpu_small_binclass_binaryClass.csv,0
3.937296420092877,0.4971217871398218,4.974974983530833,10.876014102550917,83018.46666666666,204625.8286657129,49718.706835,123062.26750645923,524716.8333333334,947718.150483098,126151.63302093506,359196.2786510618,105423.4,319840.9438860936,163.0,428.2582058864616,12,8192,12,11,7.60749883820757,524553.8333333334,947498.0946112836,70207.78718484066,152354.50859595145,0.0028884474347191,0.0036133795907682,121952.23642697316,370887.653248968,26206704980.1129,73027274920.53584,5,9,cpu_small_regression_usr.csv,0
4.103693767820357,0.1605446123577999,0.9972877951195076,4.916954134978549,0.007908,0.0082587117639496,0.0056101583999999,0.0057764881515997,0.023464,0.020296587890579,0.0030292854537803,0.0043771515990762,0.003958,0.0043963416609722,-0.017112,0.0197797300284912,5,7129,5,5,19.23254885812782,0.040576,0.0375698533401449,0.0056661090754358,0.0058326693997911,0.0099075569749361,0.0077689364896446,0.003026871698995,0.0042332010240397,5.932081791654407e-05,9.702002653911824e-05,5,9,delta_ailerons_binclass_binaryClass.csv,0
3.2684526161772443,1.3444889828989155,0.9999776283308132,8.66934639071054,6.18775,11.982661781716114,3.33923527,5.9722629162660095,17.647866666666665,35.943900581137086,-2.021978650485097,4.760438068059806,-1.866583333333333,4.013357701684049,-19.30078333333333,39.97592435206054,6,9517,6,6,27.335981814475858,36.94865,75.91675419125215,4.87703327334795,9.715238851593902,0.049956620890806,0.0629578157827965,-2.0843251736415103,4.793444214570938,102.44034183560936,240.10049676222587,5,9,delta_elevators_binclass_binaryClass.csv,0
3.2684526161772443,1.3444889828989155,2.9682419705521728,17.87511809157528,6.18775,11.982661781716114,3.33923527,5.9722629162660095,17.647866666666665,35.943900581137086,-2.021978650485097,4.760438068059806,-1.866583333333333,4.013357701684049,-19.30078333333333,39.97592435206054,6,9517,6,6,18.683023510383823,36.94865,75.91675419125215,4.87703327334795,9.715238851593902,0.049956620890806,0.0629578157827965,-2.0843251736415103,4.793444214570938,102.44034183560936,240.10049676222587,5,9,delta_elevators_regression_Se.csv,0
2.542814843737359,2.109687232709652,0.9835093906057096,21.96876774131971,0.1449003076923077,0.2594673584006232,0.1024160692153846,0.1926539300556574,0.9290576923076924,0.2557861279843588,0.224067191129536,0.195712874150102,0.1746831538461538,0.2219807611310216,0.0,0.0,13,45312,13,11,55.79916149742344,0.9290576923076924,0.2557861279843588,0.2188910061388002,0.1121734614128686,0.2325610075418099,0.2577577110285113,0.1799624932379669,0.22888374247727,0.0595282437487741,0.0398402177110405,5,9,electricity_binclass_class.csv,0
3.202202408792842,1.6720618170394848,4.135743621859048,32.54473414967494,21.843172222222226,80.47971652269837,15.986381599999996,58.78132904137221,62.34652222222222,228.513576419805,-2.086316645915751,4.786987741910058,-3.769166666666667,11.556339979575256,-64.23341666666667,226.5365313649804,18,16599,18,18,24.198570224903445,126.57993888888888,455.0021434144009,16.920756309455598,61.97491974429634,0.0611492724000942,0.1021353599856963,-2.618460138428761,6.5446533118972186,3913.819855989733,16429.523873645103,5,9,elevators_regression_Goal.csv,5
5.0283602013664845,0.023710428198588,13.83694419621366,3.983730032825025,0.502925,0.0246689328913919,0.3724291199999999,0.0185018342286379,1.0,0.0,0.4751639128728414,0.0095366432022698,0.4628000000000001,0.0085997415981851,0.0,0.0,10,40768,10,0,0.4476917205120481,1.0,0.0,0.2916827574394101,0.0075383046741604,0.000974495860065,1.1428494363856452e-19,0.4683659635352792,0.0099915228023093,0.0851299744210821,0.0043868761688467,5,9,fried_regression_Y.csv,0
3.1699088461299887,5.480197012992563e-06,9.965784284662083,3.146065566170968,1.7743912520000005,0.0540506372477526,1.31292293364729,0.0413378006518209,1.6996828000000002,0.0539022123740142,-0.088137828501017,0.0089703797359308,-0.0694421230999999,0.0364570079073268,-1.75859763,0.0233250087715143,10,1000,10,0,0.0006980668906236,3.45828043,0.0632258946927787,1.0351230549333592,0.0038171124393356,5.268426321057894e-05,0.0,-0.0805181223150283,0.0221296611641603,1.071492852167207,0.0079065007977837,5,9,fri_c0_1000_10_regression_oz11.csv,0
3.169907806335713,4.310759337706677e-06,9.965784284662083,3.14606659886489,1.7814632208,0.0392871718866413,1.321297743725316,0.0278103208892134,1.727797092,0.0299047971899565,-0.0870407824174936,0.0078693630912325,-0.08373636104,0.0344744005897864,-1.7295578880000002,0.0410319619059878,25,1000,25,0,0.0006980671197633,3.4573549800000007,0.0457899286161542,1.0340665594103111,0.0040048148355051,5.268426321057894e-05,0.0,-0.0896241560004894,0.0139540866816938,1.0693090462908703,0.0082723357819445,5,9,fri_c0_1000_25_regression_oz26.csv,0
3.169460316917716,0.0031644559631546,9.965784284662083,3.146511095488977,1.7750633734999997,0.0377253474021973,1.31606823422138,0.0293271309840891,1.7276377259999998,0.0435347889009951,-0.085589505922708,0.0105171617285495,-0.080985761026,0.0385074647025705,-1.73747273,0.0356595177304669,50,1000,50,0,0.0006981657471982,3.465110456,0.04919499245402,1.0314609659818226,0.0094699141398295,5.272867565585657e-05,2.1978460488348046e-07,-0.0870227021825133,0.0173346512752764,1.0639996100324944,0.0192279721393361,5,9,fri_c0_1000_50_regression_oz51.csv,0
3.1699062466443007,0.0,0.9999740313334506,12.84467761613237,1.7643798,0.0384278544090253,1.29801718956,0.049239917377301,1.7430301999999998,0.0226299159013019,-0.0607226571999999,0.0539574165070874,-0.0567243999999999,0.0587146225552034,-1.7072482,0.0280141975915784,5,1000,5,0,39.71748119020198,3.4502784,0.0279805048971601,1.0208997958214816,0.0242843589506856,5.290632543696706e-05,4.965462334387898e-07,-0.0631868703333333,0.0641090395835227,1.0427081771800597,0.0487960896396584,5,9,fri_c0_1000_5_binclass_binaryClass.csv,0
3.1699062466443007,0.0,9.965784284662083,3.146068147907044,1.7859724919999995,0.0361369893432823,1.326953145651,0.0338640164348257,1.74303016,0.0226299062101017,-0.0860686360865039,0.006205067560572,-0.0807677122,0.0147897301828676,-1.7072482,0.028014447464478,5,1000,5,0,0.0006980674634736,3.45027836,0.0279807322601284,1.030268752783736,0.0034663612764755,5.268426321057894e-05,0.0,-0.0960617480708399,0.0129265810999209,1.0614633154909543,0.0071297716742877,5,9,fri_c0_1000_5_regression_oz6.csv,0
3.169907546387145,4.110147759744423e-06,9.965784284662083,3.146066857038476,1.76756510775,0.0813090742090731,1.30683028168392,0.059662731799766,1.80037515,0.2461873921469138,-0.095182606604743,0.011768403325981,-0.07818917105,0.018739955428213,-1.82251781,0.2229188232346048,10,1000,10,0,0.0006980671770486,3.6228929600000006,0.4623217104629374,1.0403412830063252,0.0180100435557305,5.268426321057894e-05,0.0,-0.088146349707905,0.0133509046611855,1.0826019106292382,0.0382314626839369,5,9,fri_c1_1000_10_regression_oz11.csv,0
3.169907806335713,4.310759337706677e-06,9.965784284662083,3.14606659886489,1.7620588243000004,0.0548482613760296,1.3057161093258238,0.0393834203939082,1.7572873320000002,0.1330240035077652,-0.0884120915934936,0.0102321008120766,-0.08702462382,0.0378113209915741,-1.750664696,0.1402114106676131,25,1000,25,0,0.0006980671197633,3.507952028,0.2673645100774494,1.0341684796754802,0.0126755434371851,5.268426321057894e-05,0.0,-0.0917756494204893,0.0174643964622677,1.069658686979665,0.0268229182529866,5,9,fri_c1_1000_25_regression_oz26.csv,0
3.1699075463871447,3.938815623581572e-06,9.965784284662083,3.1460668570384764,1.77152752015,0.0499198419129888,1.311287190585582,0.0398581749508713,1.740888608,0.1104606602624105,-0.085917683384993,0.0101820574643671,-0.083661546747,0.0319994084216273,-1.7488011799999998,0.1160605663983021,50,1000,50,0,0.0006980671770485,3.489689788,0.2170190742717655,1.0350822360844854,0.010635531922543,5.268426321057894e-05,0.0,-0.0877478580353218,0.0159617328419261,1.0715060877061484,0.0226156316130878,5,9,fri_c1_1000_50_regression_oz51.csv,0
3.1699114456156767,7.118984746492739e-06,0.9946583178227808,8.541360585434537,1.7444926499999998,0.110187374909685,1.2917701062,0.0807094489059828,1.847631,0.2456479235297949,-0.0930865908,0.0150695940760496,-0.0888921,0.0242207210808225,-1.8392078,0.2708668119282979,5,1000,5,0,26.22076133658152,3.6868388,0.5150980578202562,1.045389933105466,0.024772548811806,5.268426321057894e-05,0.0,-0.0894202916666666,0.0119527749730884,1.0933310555779578,0.0525502056130074,5,9,fri_c1_1000_5_binclass_binaryClass.csv,0
3.1699114456156767,7.118984746492739e-06,9.965784284662083,3.146062984439129,1.7444926945,0.1101873522257306,1.29177017113788,0.0807091654863863,1.847631,0.245648145843318,-0.0930865996180808,0.0150695974867059,-0.0888921159,0.024220680548242,-1.83920796,0.2708667867997994,5,1000,5,0,0.0006980663177742,3.6868389600000007,0.5150982390083889,1.0453899222887673,0.0247725514230273,5.268426321057894e-05,0.0,-0.0894202905101346,0.0119527776235291,1.09333103306612,0.0525502108189118,5,9,fri_c1_1000_5_regression_oz6.csv,0
3.169907546387145,4.110147759744423e-06,9.965784284662083,3.146066857038476,1.695384472,0.1539499131653496,1.24920942564705,0.1178953023783652,1.9652815,0.5885367966553644,-0.092538324717507,0.0148444706528708,-0.1100082387499999,0.0501003082537188,-1.82570169,0.1932620089595092,10,1000,10,1,0.0006980671770486,3.79098319,0.7493560307388478,1.040270630856092,0.0130890503663826,5.268426321057894e-05,0.0,-0.105393708815845,0.0399972227861554,1.082317176337276,0.0274540093335677,5,9,fri_c2_1000_10_regression_oz11.csv,1
3.169909885924264,5.956169966896294e-06,9.965784284662083,3.146064533477724,1.7412249757999998,0.101778041198063,1.2869140519190758,0.0785851801504313,1.8103372640000004,0.2804970864752443,-0.0882467925158656,0.0111978757717123,-0.08012966466,0.0451023754265729,-1.7752599879999995,0.1582018936543068,25,1000,25,1,0.0006980666614835,3.585597252,0.412110137661087,1.0368735257441826,0.0125278921678375,5.268426321057894e-05,0.0,-0.092082447061776,0.0301502768651233,1.075257378548054,0.0265130187712538,5,9,fri_c2_1000_25_regression_oz26.csv,0
3.169907806335713,4.266545252634245e-06,9.965784284662083,3.1460665988648904,1.76011641735,0.0795392306891374,1.304625217612836,0.0641425188806704,1.774082554,0.2499882004414593,-0.0863866559853251,0.0119972879343882,-0.0852250937524,0.0390501065526413,-1.748786136,0.1146321974095246,50,1000,50,1,0.0006980671197635,3.52286869,0.3446118330689746,1.0349554525549365,0.0092392179104695,5.268426321057894e-05,0.0,-0.0920962115202085,0.0243042063381482,1.071216444657838,0.019427444283618,5,9,fri_c2_1000_50_regression_oz51.csv,2
3.1699062466443007,0.0,9.965784284662083,3.146068147907045,1.6352044345,0.1971483610696464,1.21328289765606,0.1407089481121593,2.16616292,0.7153066939440014,-0.099637248783978,0.0173679861627492,-0.1172052025,0.0618297668875684,-1.94334044,0.2895443837738662,5,1000,5,1,0.0006980674634739,4.10950336,0.9139652554841912,1.0496759052231963,0.0240383132277448,5.268426321057894e-05,0.0,-0.10669186963663,0.0486950454570382,1.1022817784084051,0.0511286564662431,5,9,fri_c2_1000_5_regression_oz6.csv,5
3.169906246644301,4.681111291435604e-16,0.9895875212220556,14.139359161986686,1.6481949,0.2302959987431392,1.2077269236899997,0.2074718886049008,2.2405865,0.929628589579522,-0.0771419717,0.0522824761929224,-0.12070665,0.120093006906927,-1.8366448,0.2533238130811147,10,1000,10,2,44.29204539258895,4.0772313,1.021017538387841,1.0360794991914903,0.024254130260242,5.279529432377301e-05,3.511112088372067e-07,-0.1023407445,0.0970064976311691,1.073990165196102,0.0510044214849498,5,9,fri_c3_1000_10_binclass_binaryClass.csv,5
3.169906246644301,4.681111291435604e-16,9.965784284662083,3.146068147907045,1.648194766,0.2302959798537556,1.20772697142972,0.2074719476393276,2.2405864400000004,0.9296287622690744,-0.077141966856994,0.0522824685293731,-0.1207065249999999,0.1200929902537329,-1.83664467,0.2533238129965284,10,1000,10,2,0.000698067463474,4.0772311100000005,1.0210175695365875,1.0360794614750688,0.024254133215286,5.279529432377301e-05,3.511112088372067e-07,-0.1023407452266566,0.09700650032799,1.0739900871706909,0.051004425581684,5,9,fri_c3_1000_10_regression_oz11.csv,0
3.1689829196989066,0.0034689072943708,0.990604955873816,33.13595354707557,1.6899951900000003,0.1678553680573335,1.243062159444,0.142744284230231,1.91515968,0.6193882983643836,-0.07978045424,0.0362906285386864,-0.08056764,0.085164098382368,-1.82771036,0.2229906963785858,25,1000,25,2,105.00317532834428,3.74287004,0.7872553046898912,1.0319879004116417,0.031431843442015,5.286191299168944e-05,4.154403848442933e-07,-0.0842806794,0.0599301203500423,1.0659474689469053,0.0645829423547499,5,9,fri_c3_1000_25_binclass_binaryClass.csv,0
3.1699078063357136,4.310759337706677e-06,9.965784284662083,3.146066598864889,1.7127599923,0.1645750550530204,1.264662922798128,0.1398637798681345,1.915159708,0.6193883350479595,-0.0914259722109786,0.0181601279949137,-0.09119685334,0.0718044125581542,-1.827710316,0.2229906978604968,25,1000,25,2,0.0006980671197633,3.742870024,0.7872553307467175,1.041354798397103,0.017717135585707,5.268426321057894e-05,0.0,-0.0951353394989644,0.04890085442622,1.084721157162299,0.0378219673467462,5,9,fri_c3_1000_25_regression_oz26.csv,0
3.1695231870017504,0.0027086531329635,0.9912540071703688,55.05153582281306,1.737917225,0.1366972978201927,1.2866041051079995,0.1093048526894263,1.81254768,0.3778528265281117,-0.08226271748,0.0220983253450617,-0.09247049,0.0581580877204617,-1.75295458,0.1171458304145472,50,1000,50,2,175.0266470635049,3.56550226,0.4451694368440325,1.0275003432353116,0.0180257982507546,5.279529432377301e-05,3.364750845523367e-07,-0.0910879857333333,0.0417742457952795,1.0560753861632088,0.0362657990689515,5,9,fri_c3_1000_50_binclass_binaryClass.csv,0
3.169907286438576,3.56191297357594e-06,9.965784284662083,3.1460671152121056,1.7464100351500005,0.1301448253646399,1.293662773241118,0.1050437079540336,1.812547588,0.3778527922039203,-0.0882814863295561,0.0124671998853563,-0.09587122813,0.0545695081548339,-1.7529545240000002,0.1171458099342317,50,1000,50,2,0.0006980672343336,3.5655021120000003,0.4451693949483805,1.0340163674380929,0.0096249779548917,5.268426321057894e-05,0.0,-0.0946424065295935,0.0374327003810837,1.0692806355264886,0.0200859335069931,5,9,fri_c3_1000_50_regression_oz51.csv,0
3.1699088461299887,5.812626705187956e-06,0.9885173903891564,7.956632949176162,1.5365826500000002,0.259191281996557,1.09582494588,0.245936678604568,2.6334814,1.0223706865111597,-0.1000331388,0.0105717352391915,-0.1730045,0.1467070321239748,-1.9317472,0.2285902174048574,5,1000,5,2,24.51477739918528,4.5652286,1.08521670460549,1.0455500295856548,0.0196854051592176,5.268426321057894e-05,0.0,-0.1472054533333333,0.0941711570637306,1.0934848765075895,0.0414727034250733,5,9,fri_c3_1000_5_binclass_binaryClass.csv,5
3.1699088461299887,5.812626705187956e-06,9.965784284662083,3.146065566170968,1.5365823625,0.2591915493263216,1.0958248317197998,0.2459363307784251,2.6334813,1.022370789480326,-0.100033145697294,0.0105717298530881,-0.1730044597,0.1467070341564312,-1.93174728,0.2285903347668751,5,1000,5,2,0.0006980668906234,4.56522858,1.085216657888422,1.0455500116555898,0.0196854138835779,5.268426321057894e-05,0.0,-0.1472054518821566,0.0941711535830968,1.093484839288818,0.0414727216697507,5,9,fri_c3_1000_5_regression_oz6.csv,0
3.169564766942431,0.0022406237464066,0.9881489563064276,81.98648913108289,1.7474325600000002,0.1052790914298902,1.292863360614,0.0926444863882105,1.7921893599999998,0.3093200979273873,-0.0731617162299999,0.0361225668322921,-0.0761079399999999,0.0693601903576969,-1.73948222,0.0849248980673458,100,1000,100,3,261.9780516962922,3.53167158,0.3664130677125045,1.02767385120191,0.0211658938798869,5.287306295157983e-05,4.7508521674317894e-07,-0.0797327763833333,0.0485735750560787,1.0565570595572624,0.0425693591822624,5,9,fri_c4_1000_100_binclass_binaryClass.csv,1
3.1699072864385767,3.543877855292753e-06,9.965784284662083,3.146067115212104,1.759971188725,0.0939288166402566,1.3022088824301792,0.0836099375373099,1.7921893169999998,0.3093200506292416,-0.0828968363181962,0.0210399612966556,-0.085879890231,0.0587551730590346,-1.739482216,0.0849249070830649,100,1000,100,3,0.0006980672343334,3.531671533,0.3664130068410464,1.0334229893382585,0.0097249282811122,5.270646943321777e-05,1.5622665440250074e-07,-0.0893789408296603,0.0377510416723649,1.0680567033805934,0.0199036647948689,5,9,fri_c4_1000_100_regression_oz101.csv,0
3.169907546387145,4.110147759744423e-06,0.9895875212220556,15.346302549016894,1.61539965,0.2757670820224118,1.17558956718,0.2419233088464167,2.4587877,1.076258890569349,-0.0764441643999999,0.0415322911275635,-0.14190965,0.0939993932524891,-1.8062668,0.2271840159864539,10,1000,10,3,48.15821917317111,4.2650545,1.1376501854417338,1.022176822915632,0.0378692320041195,5.290632543696706e-05,4.6814827844960897e-07,-0.1204711131666666,0.065748137043856,1.0461361281652195,0.0757976954681185,5,9,fri_c4_1000_10_binclass_binaryClass.csv,2
3.169907546387145,4.110147759744423e-06,9.965784284662083,3.146066857038477,1.608821784,0.2722444391506077,1.17563744515245,0.2322015961043428,2.45878775,1.076258904562314,-0.0975170687536897,0.0194595717155948,-0.1559932034,0.0996794196121687,-1.80626669,0.2271841185286529,10,1000,10,3,0.0006980671770488,4.265054440000001,1.1376502785564122,1.0343002922799915,0.0195943865282671,5.268426321057894e-05,0.0,-0.1387188452278161,0.0794386706163462,1.0701226405955533,0.0403637790223983,5,9,fri_c4_1000_10_regression_oz11.csv,5
3.169907286438576,3.598824974717156e-06,0.9936167534536142,33.94941840209756,1.6977075300000002,0.1787964923807598,1.251196355388,0.1597368267991411,1.97668324,0.636634130137245,-0.09498214868,0.0177956544192689,-0.11665306,0.0833976788194071,-1.8115443600000003,0.1828697655484361,25,1000,25,3,107.30786456559566,3.7882276,0.7815891413827984,1.036605413154125,0.0161716442392632,5.268426321057894e-05,0.0,-0.1070138562666666,0.0565940781952219,1.0748018437747389,0.0338063907755432,5,9,fri_c4_1000_25_binclass_binaryClass.csv,4
3.169907286438576,3.598824974717156e-06,9.965784284662083,3.1460671152121047,1.6977076062000005,0.1787964523651417,1.251196164695988,0.1597366856566787,1.976683244,0.6366341776808327,-0.0949821436523329,0.0177956539238528,-0.11665316174,0.0833976541356206,-1.811544244,0.182869730307946,25,1000,25,3,0.0006980672343332,3.788227488,0.7815891069366991,1.0366053800770183,0.016171645714662,5.268426321057894e-05,0.0,-0.1070138548045549,0.0565940778530315,1.074801775244736,0.0338063920087413,5,9,fri_c4_1000_25_regression_oz26.csv,0
3.168743385284912,0.0047925791244785,0.9895875212220556,55.873690679501735,1.7270300749999998,0.123735611249403,1.276236742914,0.101248756857531,1.87414056,0.551952273379929,-0.07895102784,0.0364579529429443,-0.0839141899999999,0.0711251782626,-1.7607741600000002,0.1113989161971167,50,1000,50,3,177.91230836610146,3.63491472,0.6051051804732066,1.0290934374297116,0.0191494234376831,5.281750054641181e-05,3.644715345475089e-07,-0.0845028804333333,0.0563251453309694,1.0593926693705356,0.0390870061408897,5,9,fri_c4_1000_50_binclass_binaryClass.csv,1
3.169908326232851,4.813312198276598e-06,9.965784284662083,3.1460660825178444,1.7329815804500002,0.1208858990481004,1.2813414977925868,0.0992799623518087,1.874140558,0.5519523047373274,-0.0899015006215783,0.0113303282585973,-0.0941441921149999,0.056839994361755,-1.76077415,0.1113989327594432,50,1000,50,3,0.0006980670051935,3.634914708,0.6051052569032389,1.034689801445282,0.0097198922180124,5.268426321057894e-05,0.0,-0.0965156106549638,0.0359082574843111,1.0706755719935124,0.0205019140252387,5,9,fri_c4_1000_50_regression_oz51.csv,0
4.678551503517959,0.0837620918116074,11.106102993951886,5.295278354260861,381.3586875,549.8827925004264,260.13157524375004,379.96448310032827,10818.7050125,16689.829321226312,598.9417098546512,903.3771855145404,483.70695625,731.7179012364188,-10.4137625,47.31422680148835,8,20640,8,5,1.2306863640076722,10829.118775,16680.356792437196,472.8881089573954,705.3170750631203,0.0028553980666265,0.0066106665609198,505.6423125484496,764.2849163370937,658911.3179219475,1365173.234565763,5,9,houses_regression_median_house_value.csv,2
4.220570074827181,0.764221135709999,9.083154612142412,8.738059042685633,201.07007246093752,803.9146588953431,82.34340693929437,329.1214521295817,13721.489167475,54882.53622259848,258.78781838574105,1033.9842399283498,69.70559770624999,277.67870194157393,0.1510072375,0.4972145275826735,16,22784,16,15,3.060218292258417,13721.3381602375,54882.043157837696,609.1473876293467,2436.220709656754,6.281117677991981e-05,8.881439399088069e-05,92.99748435645752,370.8523846706655,5935283.676881085,23741134.651212137,5,9,house_16H_regression_price.csv,5
4.244269844713966,0.6418376841347838,9.083154612142412,8.512483333875725,149.46215011875,422.0571203531491,64.46003961379499,181.8284466959186,9816.955289425,27760.22235444093,194.539038069844,547.0764371367945,53.22815140624999,147.4037735230677,0.1641972375,0.3475035486107812,8,22784,8,7,2.977613269876649,9816.7910921875,27759.884641241355,467.03447071376974,1320.3740802923055,0.0001020835321478,0.0001248121909242,70.66178819628529,196.74037579646452,1743585.4447541735,4931604.080598336,5,9,house_8L_regression_price.csv,2
3.814674563460733,0.8722320369659129,4.70043827987653,11.331777926850188,0.5839552674230145,0.2957209595511046,0.3984325303079417,0.2028777993988944,0.982142301458671,0.0986716582712249,0.0852013700985023,0.4616852832668785,0.0716677471636952,0.537007773662821,-0.932684602917342,0.1162362022514659,617,7797,617,380,8.196386047957361,1.9148269043760129,0.1448739200703077,0.4252206526966269,0.126460890164561,0.0047888151674019,0.0406408676564002,0.0745189543402831,0.5188948670556961,0.196779040680049,0.1098011006684701,5,9,isolet_multiclass_class.csv,0
4.323760053913183,0.0916756469079262,3.132069248447984,9.100260122534754,2.230991142857143,5.242564086293621,1.6001607548999996,3.704992635060011,8.956181214285714,23.97326768151635,1.9110385256428644,5.415433752580356,1.680780857142857,4.654974801361969,-0.5033584285714285,0.7321306306706911,14,9961,14,12,11.562730283671865,9.459539642857145,23.42171328735313,1.663606897783924,4.115821469731254,0.0033538288159838,0.0097586900222173,1.695533151604962,4.74827441068244,18.49757525457636,61.41437105513738,5,9,JapaneseVowels_multiclass_speaker.csv,5
4.286733616926073,0.0322465729115645,0.9997770990046064,34.47693320991043,1.57801003125,0.0518271166080138,1.1613775674375,0.0536437670310439,1.57053375,0.0002183265902266,-0.053791534210205,0.0191042240321852,-0.075790625,0.0157607628820752,-1.570340125,0.0006054826734574,8,8192,8,0,146.82637924651743,3.140873875,0.0007695338918554,0.906640465571908,0.0176919521655879,6.60786715032279e-06,4.762145559841344e-08,-0.0725140718572009,0.0140104976760466,0.822270813337447,0.0320605327675387,5,9,kin8nm_binclass_binaryClass.csv,3
4.311478839110036,0.0193577193764885,12.999755859374998,3.045181260889544,1.58518081,0.0674475761142801,1.175208940579275,0.0503316208160304,1.57053385,0.0002183492353351,-0.0642371209728722,0.0200198805500604,-0.075790653,0.0157608168519315,-1.570340275,0.0006056500539562,8,8192,8,0,0.0099600876820554,3.140874125,0.0007698682795499,0.9241936477327968,0.0251287966979056,6.4383375328376e-06,1.229023043948124e-08,-0.068469240337626,0.021615387631888,0.8546864228802021,0.0453880028832945,5,9,kin8nm_regression_y.csv,0
2.91671066474831,0.26568835183068,4.699810726573159,10.28494049719949,2.375,0.8850612031567836,1.85325,0.6630388766882376,15.0,0.0,5.86463125,1.8495918674917629,5.75,1.914854215512676,0.0,0.0,16,20000,16,15,5.3828518593038215,15.0,0.0,2.2129332761521003,0.4237473347078595,0.0624531226561328,0.0,5.783729166666666,1.9493583313918112,5.065412875643782,1.9883482373731576,5,9,letter_multiclass_class.csv,2
2.8092380803287367,0.9013634273480357,0.1593164203699976,6.725202386945081,0.944061825,0.7476261656260504,0.242026708357,0.3695862523023088,11.103182566666668,6.859929991079611,-0.0681935954906435,0.0140471831891891,-0.50261652,0.3247976217473967,-0.6715638566666667,0.2264665607959779,6,11183,6,5,117.58598504439968,11.774746423333331,6.79038125665967,0.8658290263960836,0.1007074196917231,0.0019673349817931,0.0030060521187496,-0.2783422410357076,0.0744596545476176,0.7581115566007942,0.1760346350768998,5,9,mammography_binclass_class.csv,0
4.136624289777094,1.3961691069044566,2.331572915249456,3.516438427756293,14328.559140662155,86364.39567050211,10592.005489770656,63964.53325386609,39425.77033466216,237623.63537799,12625.132462314305,76151.09695694307,12317.135224709456,74368.05636214989,-3.0893150405405465,381.1458786558098,74,45164,74,47,5.238786065245553,39428.859649702696,237371.5746629747,8349.170689295384,50300.75672621594,0.0176661132043167,0.0354348218329842,12388.677366453834,74742.38467565765,2565683344.277192,15499108144.250893,5,9,meta_stream_intervals.arff_multiclass_class.csv,5
3.4828915429043863,0.1470232199140464,3.321928094887362,5.721041904938076,66.74768518518519,65.02193722274126,46.93184027777778,46.00568478519673,474.2546296296296,480.1970573961853,317.4235601851852,346.51442729956455,317.1226851851852,348.93122197509825,188.1203703703704,237.8065744232736,216,2000,216,140,4.998253995315952,286.13425925925924,267.1975064853841,48.78479385108353,45.57103594836754,0.0189093741423447,0.018924890367937,316.9014853395062,347.8344678625353,4447.06098721583,5460.152324301299,5,9,mfeat-factors_multiclass_class.csv,5
3.5767169838505115,0.0124568867933328,3.321928094887362,12.468509959276178,0.0963955842763158,0.0549219985430206,0.0698530397053815,0.039290341557881,0.3773207530263158,0.1491047180588952,0.1270625072911842,0.0662396151199924,0.1199766748026315,0.0661044676153412,0.0031921567105263,0.0024792266322928,76,2000,76,70,12.424833428299868,0.3741285963157895,0.1474744687080764,0.0667946248360376,0.0321453632954332,2.7950072891826308e-05,6.025182797627985e-07,0.1215565557879386,0.0657855579324303,0.0054812499149429,0.0059119480263238,5,9,mfeat-fourier_multiclass_class.csv,0
3.57605964501244,0.0119221501711103,3.321928094887362,13.471374757210391,2.9649096355859377,2.061570539478638,2.1861579327183747,1.5192216897531052,6.7831993359375,3.801482290889284,-0.0699011780621093,0.7315258941265717,-0.0952885492187499,0.720931259460456,-6.5539683775,3.330738566305145,64,2000,64,59,13.501951353565586,13.3371677134375,6.901441643163893,2.1386293229679443,1.344087900663668,2.783599642079836e-05,2.153038798778549e-07,-0.0897492455778645,0.7231848036771541,6.352079973820194,9.317784980810506,5,9,mfeat-karhunen_multiclass_class.csv,5
2.57319894743398,1.1470906304813604,3.321928094887362,2.9933645706186205,922.3787752083334,2238.271155547376,630.8919612939475,1532.122336919629,2887.77665169,6953.741203084916,1015.5319453508474,2410.3038482622296,816.1343060658334,1925.4462752059712,256.69782190666666,580.8272604590048,6,2000,6,3,1.3186903335615916,2631.078829783333,6373.882588781856,613.0400828721043,1488.152076257013,0.1125423112375183,0.1378551370045815,912.6520263066736,2160.895365365908,2221315.311597886,5440784.83803433,5,9,mfeat-morphological_multiclass_class.csv,5
3.5740927384611223,0.0138754273173526,3.321928094887362,9.341372445570212,57.1872225455319,52.92175926721575,41.055739627827634,38.137382740710926,220.55043399553188,207.27801156564573,85.4164316588915,102.92042403834012,79.86089970031917,101.54460504123506,13.034599618723403,49.82700295491813,47,2000,47,40,9.050467822093356,207.51583437680853,185.7981224159148,39.84531481807047,36.22852647776288,2.789060795707451e-05,4.0139255458234973e-07,80.99236101360442,101.68033551261104,2872.229581344729,3801.088471807938,5,9,mfeat-zernike_multiclass_class.csv,0
1.000047798423451,1.2368143001503238,3.319837025403414,45.533884809767216,53.404655612244895,91.35678856406614,9.738072321428572,31.68927897808248,217.4706632653061,82.92088988074377,28.07819626457726,38.46946434525704,6.642219387755102,21.785670608332097,0.0,0.0,784,70000,784,526,12.71635442018162,217.4706632653061,82.92088988074377,44.11167526168104,43.352339425455085,0.1161865693647396,0.2819481655397775,16.74696137026239,31.68278265266851,3822.8680018609775,4818.1853163573,5,9,mnist_784_multiclass_class.csv,5
3.4057309652853136,1.0984901083777774,9.072489733617438,7.386795964478772,0.116086155940594,0.0736231954420611,0.080563555540099,0.0563996689034146,0.9373156881188118,0.1792378850692738,0.2570657679997775,0.2136854413816722,0.2425372227722772,0.2242352384734248,0.0,0.0,202,4450,202,202,1.7729367008541128,0.9373156881188118,0.1792378850692738,0.1048565465336293,0.0488960060542386,0.0224385300682415,0.0721014458138033,0.2456626528831535,0.2218178936824094,0.0133738790193714,0.0122863417867392,5,9,mtp_regression_oz203.csv,0
2.0532428075248705,1.3639405032300225,3.3218327248667654,12.77854356318422,5.921875,5.247235666792292,3.4285125,3.715901410156088,13.0,5.291502622129181,4.699949955516014,4.258033619726409,4.515625,5.14856178870017,0.0,0.0,64,5620,64,33,6.898487020535804,13.0,5.291502622129181,3.589609817964158,2.392906631406714,0.1295907972290476,0.1887862070264008,4.532218453440095,4.789698780548959,18.521832008313808,15.511552749964093,5,9,optdigits_multiclass_class.csv,5
3.9235179664802766,0.2906567074244683,0.6354628258660036,4.583081778161334,165.0963,255.8898934424944,72.16422066,106.27569033662252,7954.9,12865.476235517544,179.0182263475242,279.7253664652886,66.1614,96.45800584848656,2.5121,3.125169024762234,10,5473,10,10,27.29717643035832,7952.3879,12862.608352982485,352.8754035400654,562.1494228793504,0.0021762095329462,0.0033977153051954,84.47319467275494,125.90260310945466,408931.8267027921,817490.4680683351,5,9,page-blocks_multiclass_class.csv,0
3.753211521067195,0.4473700668605121,3.320771738890595,5.26076786491678,49.8125,19.194508763359032,31.36625625,12.326457868934812,100.0,0.0,49.016972570960704,18.435648852051507,47.71875,25.13958946230692,0.0,0.0,16,10992,16,2,4.94583913402674,100.0,0.0,30.032926998990856,6.627325302579791,0.0098620850563106,0.0001451310807022,47.74270391146149,22.975519217549323,943.1530547512896,383.8399624042078,5,9,pendigits_multiclass_class.csv,0
3.894143818016029,0.0240603307077049,11.876629050506004,3.085941864973327,10.4936,2.799579803515164,7.7721783825,2.079321719708537,26.196375,8.408342574837999,-0.4879169243762993,0.1705146696034559,-0.526575,0.105067014328951,-26.2814,8.025175089678731,4,3848,4,4,0.0118276309834521,52.477775,16.350890600896943,7.299657109099277,2.1245535755724045,1.5953628236255754e-05,5.136597325940748e-07,-0.5998935606060607,0.2448375512994508,56.670289832031735,32.45166919576761,5,9,pollen_regression_DENSITY.csv,0
0.7012247752461983,1.1225725272745044,0.9210049486251756,66.09017718264936,2.875,7.845923185852502,0.926625,4.501366271950697,61.645833333333336,70.28649262909119,18.766716666666664,36.31731217702514,16.916666666666668,35.89336057453152,15.4375,34.644643594461094,48,15000,48,26,49.31902348631736,46.208333333333336,58.95543153774229,5.03043180465824,7.953285969598199,0.4798522946798824,0.4848098490476993,17.254530092592592,35.99484409032141,87.24219440314539,197.4292312243737,5,9,pol_binclass_binaryClass.csv,0
0.7013002354190876,1.122538264630978,1.8914102162679105,77.01029753300723,2.875,7.845923185852502,0.926625,4.501366271950697,61.645833333333336,70.28649262909119,18.76691111111111,36.31721085261832,16.916666666666668,35.89336057453152,15.4375,34.644643594461094,48,15000,48,26,27.55400659522612,46.208333333333336,58.95543153774229,5.031483648263094,7.952895907373485,0.4798522946798824,0.4848098490476993,17.254530092592592,35.99484409032141,87.24670282222519,197.4273036727716,5,9,pol_regression_foo.csv,0
4.298132167450978,0.0274121789863432,0.9999559719934968,256.12814918536145,13.45262446875,27.79699098887181,9.969623678896877,20.604221259748087,13.77165390625,26.76432946654185,0.0169250984153747,1.7362893854199022,0.036382328125,1.6385520897041832,-12.4813355,27.3514035481408,32,8192,32,0,1099.921108365004,26.25298940625,54.100982943499375,7.817759754183411,16.169475601146306,6.57376683866012e-06,8.986083448428728e-08,-0.0122836242626118,1.7660633191868744,314.3989356271936,739.8377423332203,5,9,puma32H_binclass_binaryClass.csv,2
4.298132167450978,0.0274121789863432,12.91753553771708,3.090637344478661,13.45262446875,27.79699098887181,9.969623678896877,20.604221259748087,13.77165390625,26.76432946654185,0.0169250984153747,1.7362893854199022,0.036382328125,1.6385520897041832,-12.4813355,27.3514035481408,32,8192,32,0,0.0283670402486605,26.25298940625,54.100982943499375,7.817759754183411,16.169475601146306,6.57376683866012e-06,8.986083448428728e-08,-0.0122836242626118,1.7660633191868744,314.3989356271936,739.8377423332203,5,9,puma32H_regression_thetadd6.csv,0
4.304643393455374,0.0161824336761215,0.9999860693604422,32.8999910437835,1.578853125,0.6003007267377535,1.16920541745,0.4441106230247286,1.56317175,0.5945239731871325,-0.0535411526794433,0.0295066139152092,-0.0679835625,0.033296402899281,-1.563286375,0.5946598687763662,8,8192,8,0,140.62470201403983,3.126458125,1.1891836613619131,0.9057841339824034,0.3429935746480338,6.64314543120094e-06,1.1785010700724805e-07,-0.0686874039106997,0.0365865657115661,0.9233839155928596,0.495620419563232,5,9,puma8NH_binclass_binaryClass.csv,0
4.304643393455374,0.0161824336761215,12.999999999999996,3.0499732199279266,1.578853125,0.6003007267377535,1.16920541745,0.4441106230247286,1.56317175,0.5945239731871325,-0.0535411526794433,0.0295066139152092,-0.0679835625,0.033296402899281,-1.563286375,0.5946598687763662,8,8192,8,0,0.0099266977983511,3.126458125,1.1891836613619131,0.9057841339824034,0.3429935746480338,6.64314543120094e-06,1.1785010700724805e-07,-0.0686874039106997,0.0365865657115661,0.9233839155928596,0.495620419563232,5,9,puma8NH_regression_thetadd3.csv,0
3.5748344314319964,0.0111195543278043,0.9912232530606148,200.30085456980652,100.89416666666666,92.99456638472664,41.17674399999999,14.499127487424088,304.71666666666664,308.45314203835454,42.72428680746862,28.877519450496887,51.63833333333333,59.21699383060013,-82.14999999999999,90.99630267214158,3,2178,3,1,721.3825604882277,386.8666666666666,256.73963257224887,82.84100704531589,45.65005001629493,0.0011054843365012,0.0017503785465029,43.57647043832824,38.05935832847371,8251.917159275561,6503.499990647943,5,9,quake_binclass_binaryClass.csv,2
3.5748344314319964,0.0111195543278043,2.5898923943940564,64.25947738891226,100.89416666666666,92.99456638472664,41.17674399999999,14.499127487424088,304.71666666666664,308.45314203835454,42.72428680746862,28.877519450496887,51.63833333333333,59.21699383060013,-82.14999999999999,90.99630267214158,3,2178,3,1,87.69750450363983,386.8666666666666,256.73963257224887,82.84100704531589,45.65005001629493,0.0011054843365012,0.0017503785465029,43.57647043832824,38.05935832847371,8251.917159275561,6503.499990647943,5,9,quake_regression_col_4.csv,0
3.5748344314319964,0.0111195543278043,2.5898923943940564,64.25947738891226,100.89416666666666,92.99456638472664,41.17674399999999,14.499127487424088,304.71666666666664,308.45314203835454,42.72428680746862,28.877519450496887,51.63833333333333,59.21699383060013,-82.14999999999999,90.99630267214158,3,2178,3,1,87.69750450363983,386.8666666666666,256.73963257224887,82.84100704531589,45.65005001629493,0.0011054843365012,0.0017503785465029,43.57647043832824,38.05935832847371,8251.917159275561,6503.499990647943,5,9,quake_regression_richter.csv,0
4.023662282404853,0.058191739584287,2.4832958827266416,3.002794363438271,24.38888888888889,4.643137964645264,17.461733333333335,3.8516813346900847,133.88888888888889,19.67417128808773,83.25764914098247,10.931340940084526,83.61111111111111,12.327154179239026,36.5,9.370165420097983,36,6435,36,9,3.865401060754089,97.38888888888889,22.89388911325812,17.570589578973383,3.401875806605533,0.0135829709747069,0.0038329567458132,83.69134363578807,11.360637088156876,319.97691162841926,121.96414854986402,5,9,satellite_image_regression_class.csv,5
4.016676616309729,0.0662504736798866,2.4833618760456604,3.111458150034068,1.3053454791666668,0.165432360771257,0.9311992740166666,0.0985365115491492,2.810074666666667,0.6403106863297356,-0.0007917480257473,0.0111464076497193,0.009306,0.1109261163985161,-2.5801582777777776,0.2775311833156886,36,6430,36,18,4.032581563895435,5.3902329444444455,0.8123464657772902,0.952649485923905,0.0092569621742149,0.0136389762521758,0.0037618810308226,0.0165787241374344,0.0673518478203039,0.9076243540645336,0.0175836895778582,5,9,satimage_multiclass_class.csv,0
3.629890983864262,0.4049599910707617,0.6780187068738636,24.75962151970173,0.197008923076923,0.1045936267834816,0.1303279381244147,0.0801235486185879,0.9903140468227424,0.0576746378707425,0.3055050575676017,0.2094110275083381,0.2676893110367893,0.2367938124938573,1.8729096989966555e-06,1.816878089535349e-05,299,2407,299,249,131.55493691706783,0.9903121739130436,0.0576743251373042,0.2008125991568449,0.0652922145616356,0.0083974159595832,0.0641902901094128,0.274463122093252,0.2330113580190562,0.0445745154923152,0.0233150071248111,5,9,scene_binclass_Urban.csv,5
3.128587795662136,1.3055162963990448,2.807354922057604,3.563045486547162,26.2460324868421,34.095430839767815,17.182164579742103,23.21283804972691,92.31294968421054,87.24061500873805,22.6720759867702,38.0985732303642,18.37969881578948,36.585851483447634,-4.107588421889189,14.262996773125275,19,2310,19,16,2.970748599336446,96.42053810609973,83.175631763824,19.978116111491904,22.00928037335313,0.0890667932857427,0.2439473296771461,19.437962746259583,36.79041580410619,858.0383657827583,1374.6587225109292,5,9,segment_multiclass_class.csv,3
3.797123005254445,0.0225748526383057,0.9999532967890264,18.77802028457846,2616053.854724,6407993.836502728,1906044.7156177,4668834.592768943,-11268321.234109668,27601667.94666788,-15534102.52280019,38050643.67868235,-15135259.8405265,37073682.32870661,-20704981.05461883,50716646.39563023,6,3107,6,6,70.30578302473572,9436659.820509167,23114978.44896318,2208602.2161652087,5409945.764933344,2.767559346079191e-05,1.2730423405670347e-05,-15188091.533924593,37203093.09697423,29267518065516.73,71690485298201.08,5,9,space_ga_binclass_binaryClass.csv,0
0.9159719245220036,1.000971477279585,0.9673602371807668,18.43837375884761,3.933701754385965,25.22570881558628,2.0284048842105262,13.2388726809067,192.98871929824563,1215.8410603561745,4.733860293528867,30.13329818046408,1.6713684210526316,10.682536444108171,0.0526315789473684,0.2252817784447915,57,4601,57,57,16.45888661515417,192.93608771929823,1215.6926098724146,9.652504210852534,59.82108228641158,0.0094811842373096,0.0069837148085448,2.094237836532657,13.293212634428311,3608.950935985913,26350.78225643208,5,9,spambase_binclass_class.csv,2
3.473177086703348,1.5777784581367642,9.71919635486444,8.272639559780206,0.079728417293233,0.0589756195839922,0.0568846030263157,0.0435288794799321,0.8794336954887217,0.2604737791922404,0.1965142050541378,0.2106665743977763,0.1879781428571428,0.2166905815669802,0.0,0.0,266,8885,266,261,1.9562467015293696,0.8794336954887217,0.2604737791922404,0.0734241744284518,0.0415084889656835,0.0330371483761134,0.1460381991134315,0.1893653652039496,0.2152864259665835,0.0071075867735703,0.0058807610800225,5,9,topo_2_1_regression_oz267.csv,5
3.371274632655899,1.7781822879260678,5.161428470284308,4.796017989888785,10.876524999999996,19.95971765354326,7.709482935,14.098141326190266,43.094,81.95297023700036,12.70524490799676,23.529612783695445,11.8953,22.10392557096288,0.219,0.4473522102326086,4,8641,4,2,2.1326005736901696,42.875,81.50574591606001,7.838107108495484,14.375062520537949,0.1250243325845088,0.2499451983836797,12.057362449373192,22.379176291998338,216.4177398962785,431.7558241447836,5,9,visualizing_soil_regression_track.csv,0
4.055213514876633,0.0271385657396123,1.5848792049207137,13.5093026052157,1.6670000000000005,0.5815703762779725,1.2216624,0.4122813417246118,5.10825,1.9839495541301784,0.87165485,1.1501157132800683,0.8256249999999999,1.133717047128038,-3.1095,0.5965325017474117,40,5000,40,39,33.56610846501039,8.21775,1.609037755927436,1.2230525309901332,0.3532778086601274,0.0014936488846326,0.0003095574287966,0.8536348333333335,1.1404566975633337,1.6175425734007802,0.9620943526215596,5,9,waveform-5000_multiclass_class.csv,5
4.108183189749478,0.1617996574731554,9.220620127247296,6.669766725982961,7.122142857142857,2.8716389814112144,5.2240470000000006,2.1475202033979346,33.472142857142856,14.470544712819704,13.940217632230866,16.06793321070017,13.461428571428572,16.183904091669344,4.691428571428572,16.214061730553446,14,6574,14,11,1.971668192062668,28.78071428571429,7.592073259237319,4.921085005689839,1.3837961566843733,0.0135048408223474,0.0255715723880428,13.583592607341972,16.14502109810875,25.99519145053305,17.424139939971877,5,9,wind_regression_MAL.csv,0
4.074213031519817,0.0692225382529027,1.8376039948582683,27.438033000300887,9.479974545454546,21.82053999348154,7.011638614909089,16.7059974207256,65.70899818181817,130.96859815116002,15.634440568887271,33.76063089829481,15.274649090909092,33.8239513751204,2.128737272727273,2.7272865821695045,11,6497,11,11,59.833776984534,63.5802609090909,130.1106896613603,7.227684984554136,16.60165678311954,0.0066521224720461,0.0032895111942951,15.489794805117088,34.26818526011494,302.7985283673122,904.4985898770092,5,9,wine_quality_regression_quality.csv,4
3.351463104541572,0.9590807679700042,0.1066848655670195,24.33448249787878,0.1488440344827586,0.1851054019992948,0.077115560187931,0.0321621674824679,0.4920583275862069,0.2083181598966507,0.0272274153053799,0.1186412784705622,0.0081885344827586,0.1323793097198468,-0.3323056293103448,0.1637201291309431,116,2417,116,110,763.4581996358215,0.8243639568965516,0.1468858785754314,0.1267000033422455,0.0953682382086125,0.0560322014100086,0.1583368927761405,0.0149245398714323,0.1274471980133076,0.0250695856640516,0.0505561074999875,5,9,yeast_ml8_binclass_class14.csv,5
2.3715034442520952,1.5032957997405254,2.490417636232728,13.433887314355427,0.0812499999999999,0.0628916301494653,0.05003775,0.0494508778536842,0.945,0.1052887187010758,0.3790195417789757,0.1848115247550861,0.365,0.1956673562087306,0.11875,0.1733236032067514,8,1484,8,8,11.792436727151124,0.8262499999999999,0.161858624378543,0.0931407800209456,0.0345414641306311,0.1152767641681742,0.1910790458460348,0.3692362668161435,0.192054516957896,0.0097191785541619,0.0063455730976409,5,9,yeast_multiclass_class_protein_localization.csv,5
0.4509034827752268,0.9274740173797156,9.71919635486444,73.0428834004642,0.0125228167330677,0.0439768011641397,0.0067681635083665,0.0298137157720031,0.746319908366534,0.3765078198488148,0.0317009555246655,0.1228113595852366,0.0245990039840637,0.1243707372809053,0.0,0.0,251,8885,251,211,2.388684549081063,0.746319908366534,0.3765078198488148,0.0396980031858186,0.032928237148547,0.3639598851250887,0.2997192785984747,0.0255199377481632,0.1239938827373639,0.0026558804626294,0.0055078443849152,5,9,yprop_4_1_regression_oz252.csv,2
1.4625918472554078,0.168917571166011,0.9999977500599352,34.30547444418722,2.0,0.0,1.33434,0.4688392858965639,1.0,0.0,0.016692013343799,0.0497981061393342,0.1,0.3162277660168379,-1.0,0.0,10,40768,10,0,49.175020129085006,2.0,0.0,0.7457715073106572,0.0849154616339921,0.3499840557313513,0.0527059204952308,0.0278186575096067,0.0829927720991079,0.5626647131784723,0.1448891943929036,15,10,2dplanes_binclass_binaryClass.csv,0
1.4625918472554078,0.168917571166011,15.29547077834474,10.73277994069728,2.0,0.0,1.33434,0.4688392858965639,1.0,0.0,0.016692013343799,0.0497981061393342,0.1,0.3162277660168379,-1.0,0.0,10,40768,10,0,0.0262957359818517,2.0,0.0,0.7457715073106572,0.0849154616339921,0.3499840557313513,0.0527059204952308,0.0278186575096067,0.0829927720991079,0.5626647131784723,0.1448891943929036,15,10,2dplanes_regression_y.csv,0
3.0187296368610723,1.3436040812504215,0.9999906975135884,5.885254156930771,0.1829444444444444,0.2502396906523379,0.1283272666666667,0.1755756352411689,1.0641666666666667,0.7293025778097867,0.3136435240603303,0.1953122241699535,0.2641111111111111,0.2254967818198546,0.015,0.0287934454346818,9,4177,9,9,16.76615641341537,1.0491666666666668,0.7363394682481716,0.2105303898683063,0.1583665070418566,0.1154151856381085,0.218064353209959,0.2671184018082702,0.2242457570923583,0.0666163344382241,0.0831690222041242,15,10,abalone_binclass_binaryClass.csv,0
2.3467281278951884,1.6499855500995642,0.9832048570341376,14.42210886017471,6.858075000000001,36.74451125967223,5.041433039999999,27.24155632322922,26.7845,145.44789804547247,-0.8476655636363637,3.146799847109517,-1.029925,4.167532008936803,-26.004100000000005,137.1246942934301,40,13750,40,40,33.422906155927684,52.78860000000001,282.5358757704486,6.358729342307786,34.37287978610285,0.0731498669977192,0.0929787132038843,-0.9383621272727276,3.5825065682354427,1192.3909320188563,7447.565044527397,15,10,ailerons_binclass_binaryClass.csv,0
2.343640366231148,1.6534686320734744,3.828958233704801,29.208455739139204,6.858075000000001,36.74451125967223,5.041433039999999,27.24155632322922,26.784550000000003,145.4478886030126,-0.8476653454545454,3.1467999073826487,-1.029925,4.167532008936803,-26.004025,137.1247088780749,40,13750,40,40,16.87800015757498,52.788575,282.5358805616792,6.358729046359832,34.372879842244345,0.0735268785437248,0.0962928136002118,-0.9383621272727276,3.5825065682354427,1192.3909320181533,7447.565044527511,15,10,Ailerons_regression_goal.csv,5
0.9016772162467698,1.203535348938041,0.794432350758128,8.768022425589459,2.0,4.864839839775475,1.4826,3.922590893784362,286.2857142857143,750.3947215267696,281.9581159215908,745.6317240227994,282.2857142857143,746.8577986662331,279.0,738.1646157870208,7,4052,7,5,8.95166680353603,7.285714285714286,12.776466461353673,1.6214334351243838,3.3497485453882363,0.375242640461105,0.213872086143419,281.9875469924812,745.9441847561855,12.246888085108353,32.00052890104318,15,10,analcatdata_supreme_binclass_binaryClass.csv,0
0.8997267582647084,1.2046152456948065,1.825202079049472,10.74569863512968,2.0,4.864839839775475,1.4826,3.922590893784362,286.2857142857143,750.3947215267696,281.9571640107178,745.6321438519698,282.2857142857143,746.8577986662331,279.0,738.1646157870208,7,4052,7,5,4.297053246460101,7.285714285714286,12.776466461353673,1.618187313313764,3.3509627783281246,0.375242640461105,0.213872086143419,281.9875469924812,745.9441847561855,12.243345788175798,32.00206680343671,15,10,analcatdata_supreme_regression_Log_exposure.csv,0
3.825464560760662,0.5593890518787786,10.767172197728645,3.6256514553748382,1.3327836953125,0.8751721447512201,0.832242336515625,0.4228258748405141,5.4417971875,7.104841222437309,0.963937411190033,1.5665825153416442,0.7631241875,1.4843989263239914,-0.0303463749999999,1.275903130505193,32,8192,32,9,0.2881563420275402,5.4721435625,6.811130452969538,0.8884472526715295,0.6559737024257304,0.019649083456031,0.0535033962148681,0.806212270754933,1.4669288425801268,1.206193097232643,1.874794970836542,15,10,bank32nh_regression_rej.csv,0
3.765730586964985,0.7367157186948406,0.9730662661337472,18.03809378309928,1.2819218125000005,1.0744899728810768,0.878843581875,0.6876673871315587,7.24352,10.38899654085676,1.368905175201416,2.214935908991399,1.1283476875,2.071686974952848,0.380040375,1.883969664930026,8,8192,8,2,68.80675813524033,6.863479625,10.325254440288308,0.9590768920771156,1.013948313469429,0.0312577459416032,0.0883482204082506,1.1751195834011392,2.1113311213939823,1.819408269505361,2.853651930918561,15,10,bank8FM_binclass_binaryClass.csv,0
3.765730586964985,0.7367157186948406,12.86331256724435,3.5244425049992816,1.2819218125000005,1.0744899728810768,0.878843581875,0.6876673871315587,7.24352,10.38899654085676,1.368905175201416,2.214935908991399,1.1283476875,2.071686974952848,0.380040375,1.883969664930026,8,8192,8,2,0.0317794015883507,6.863479625,10.325254440288308,0.9590768920771156,1.013948313469429,0.0312577459416032,0.0883482204082506,1.1751195834011392,2.1113311213939823,1.819408269505361,2.853651930918561,15,10,bank8FM_regression_rej.csv,0
2.019595927427808,0.7868634915483126,0.928691959084338,3.698715522574396,1.5144965277777778,1.188087873666045,0.4862421445,1.0273157450663866,12.158870333333333,1.3015093969098916,2.5133724357821468,0.6438168989444607,1.4390769444444445,0.7136181179622808,0.771111,0.3702142659460869,9,39366,9,9,7.0434752697443095,11.387759333333332,1.3921708063577365,2.3254247935432897,0.5599821563634517,0.000143861488982,0.000199731640684,1.663597364573337,0.6974048693791637,5.686338261932926,2.3592570781386084,15,10,BNG(breast-w)_binclass_Class.csv,0
1.203525554592683,1.1165897873446378,0.3261016552819349,178.63173158687306,1.3058823529411765,2.699310006243062,0.7151364705882353,1.2862450633758806,6.91764705882353,4.611609998548389,1.5955765568292068,3.039199565919722,1.5411764705882354,3.809614844850649,0.0705882352941176,0.2576558841203685,85,9822,85,78,658.2663678449362,6.847058823529411,4.515860626600377,1.0570008492690466,1.4951689571710536,0.1787212390301808,0.10811461076368,1.5193896085750216,3.245651607411727,3.3264806504259563,17.235231065537707,15,10,coil2000_regression_CARAVAN.csv,0
3.068351973328815,1.1391586493775752,0.8841664897438647,9.188017369070344,45294.87095238095,157753.36785887193,37840.719265,145274.04778053658,273442.3028571428,704362.4814031121,62218.35489856538,241761.9448745457,56827.22976190476,237166.8051333188,93.15238095238097,328.1813029699401,21,8192,21,20,30.885478077249243,273349.1504761905,704222.4273732192,41901.60591234893,137195.5237973922,0.0036327216065021,0.004596929425565,64031.364878530745,265766.96955038223,19682041482.83457,81620123280.08632,15,10,cpu_act_binclass_binaryClass.csv,3
3.068351973328815,1.1391586493775752,4.974974983530833,15.656731673375008,45294.87095238095,157753.36785887193,37840.719265,145274.04778053658,273442.3028571428,704362.4814031121,62218.35489856538,241761.9448745457,56827.22976190476,237166.8051333188,93.15238095238097,328.1813029699401,21,8192,21,20,8.656403034168589,273349.1504761905,704222.4273732192,41901.60591234893,137195.5237973922,0.0036327216065021,0.004596929425565,64031.364878530745,265766.96955038223,19682041482.83457,81620123280.08632,15,10,cpu_act_regression_usr.csv,0
3.6167542444430265,0.5521173553234017,0.8841664897438647,7.849928173344858,79117.675,205280.8746765132,66191.31946,190518.1737310303,461539.6666666667,856817.8009957514,108822.9142232259,317242.5723532203,99451.59166666667,312532.3639899961,163.0,428.2582058864616,12,8192,12,11,31.110763491774733,461376.6666666667,856647.5368137198,73258.68969350336,177929.13927765828,0.0041079310573107,0.0053850668559848,112001.1718633035,349931.42289544625,34387382669.35663,107313150682.9208,15,10,cpu_small_binclass_binaryClass.csv,1
3.6167542444430265,0.5521173553234017,4.974974983530833,13.154203144412202,79117.675,205280.8746765132,66191.31946,190518.1737310303,461539.6666666667,856817.8009957514,108822.9142232259,317242.5723532203,99451.59166666667,312532.3639899961,163.0,428.2582058864616,12,8192,12,11,8.562966690749748,461376.6666666667,856647.5368137198,73258.68969350336,177929.13927765828,0.0041079310573107,0.0053850668559848,112001.1718633035,349931.42289544625,34387382669.35663,107313150682.9208,15,10,cpu_small_regression_usr.csv,0
3.817039920319126,0.128383347609465,0.9972877951195076,5.641301088531901,0.006396,0.0068225420482397,0.0044744867999999,0.0045904657586209,0.023404,0.0203437725115082,0.003025043905176,0.0041245204327229,0.003838,0.0038062080867971,-0.01645,0.0191160273069484,5,7129,5,5,20.591632388207103,0.039854,0.0370123301076816,0.0052323172709148,0.0053640327359853,0.0101841191649446,0.0076388324633316,0.0031783776583313,0.0039586176053725,5.039542177769183e-05,8.168869840164632e-05,15,10,delta_ailerons_binclass_binaryClass.csv,2
2.965657526156567,1.5017912352182894,0.9999776283308132,10.139192635883113,4.320316666666666,8.006740587883852,3.1408633900000003,5.924549836771855,17.59765,35.95638851017994,-1.8480229694231376,4.272738255558462,-1.983733333333333,3.9999705432248702,-19.30013333333333,39.97630051151141,6,9517,6,6,29.07004566687208,36.89778333333334,75.9302776992266,4.365852699320334,8.672169670891357,0.0508193597853852,0.0631786609946849,-1.8766508930134824,4.1870116765516565,81.73277545943593,191.26618559850127,15,10,delta_elevators_binclass_binaryClass.csv,0
2.965657526156567,1.5017912352182894,2.9682419705521728,21.04669047882429,4.320316666666666,8.006740587883852,3.1408633900000003,5.924549836771855,17.59765,35.95638851017994,-1.8480229694231376,4.272738255558462,-1.983733333333333,3.9999705432248702,-19.30013333333333,39.97630051151141,6,9517,6,6,20.02836515299382,36.89778333333334,75.9302776992266,4.365852699320334,8.672169670891357,0.0508193597853852,0.0631786609946849,-1.8766508930134824,4.1870116765516565,81.73277545943593,191.26618559850127,15,10,delta_elevators_regression_Se.csv,0
2.4026100252379203,1.8989518902671183,0.9835093906057096,24.79785264918541,0.1404657692307692,0.2668404619615604,0.0955444463076923,0.1970552500443934,0.8987719999999999,0.2688548300034177,0.2286075053271675,0.1752965679957003,0.1667393076923077,0.2118962006653197,0.0,0.0,13,45312,13,11,59.578546527768864,0.8987719999999999,0.2688548300034177,0.233071388092265,0.126711695143686,0.2325645790348204,0.257754224081628,0.1687272556840687,0.2137805479463002,0.0691430599652734,0.0480339669510381,15,10,electricity_binclass_class.csv,0
2.94749065983222,1.5636625571791043,4.135743621859048,39.65792789849127,17.564644444444443,63.91635721060144,12.670999716666666,46.26278445147581,60.45573888888888,221.52972551060432,-2.3425117533854114,5.7527376031291215,-4.59525,15.183217319916867,-60.50549444444445,212.0473218182191,18,16599,18,17,27.263689134714564,120.96123333333333,433.52478047608497,15.119645405203997,55.27264572261192,0.062907026131474,0.102104579144985,-2.951091832591552,8.153221232291713,3113.9431887355104,13068.404297137988,15,10,elevators_regression_Goal.csv,0
4.678974269571649,0.0448969334788867,13.83694419621366,4.346626864237246,0.5461000000000001,0.0503773538187326,0.3965955,0.0460654315201757,1.0,0.0,0.4113844510400314,0.013007923342734,0.3722999999999999,0.0020027758514399,0.0,0.0,10,40768,10,0,0.4698155148128871,1.0,0.0,0.3029148390726804,0.0120424487951333,0.000974495860065,1.1428494363856452e-19,0.3830544272749571,0.0120748005399577,0.0918879182461129,0.0070844888924872,15,10,fried_regression_Y.csv,0
3.1492764433376808,0.0,9.965784284662083,3.1666914154272683,1.917141597,0.0521647657879267,1.4019657389135998,0.032152442720831,1.69912115,0.0536706796001162,-0.2615641990281169,0.009031461258245,-0.2486194295,0.0384758223968522,-1.75835813,0.0234220918980374,10,1000,10,0,0.0007026434711662,3.4574792800000003,0.0634959031662989,1.0823733947076537,0.0089363446233399,0.0001766472354707,0.0,-0.2805242808535283,0.0161774582194945,1.1716040380006745,0.0193397482845683,15,10,fri_c0_1000_10_regression_oz11.csv,0
3.149279042823369,5.3061779411326585e-06,9.965784284662083,3.166688799732408,1.9140228534,0.0368921670818049,1.4188996684589998,0.0262320135546983,1.72732708,0.0296421334072662,-0.2599050625340137,0.0152744948123593,-0.2675560532,0.0301071662843431,-1.72818258,0.041133569375724,25,1000,25,0,0.000702642890781,3.45550966,0.0460456766673593,1.0781975158972283,0.0092960062037661,0.0001766472354707,0.0,-0.2918074528973561,0.0189590633029342,1.162592842389041,0.0199922186336344,15,10,fri_c0_1000_25_regression_oz26.csv,0
3.1407433358992525,0.0426239788505664,9.965784284662083,3.175295705743255,1.9066143623,0.0577959829088933,1.4049772669018796,0.0480730259002966,1.726976266,0.0436951432760639,-0.255984953369428,0.0228178815297833,-0.2563473517,0.0379072987242719,-1.736226772,0.0358902071522902,50,1000,50,0,0.000702859148912,3.4632030380000005,0.049527434250194,1.0734306144244423,0.0244674526558069,0.0001767027194866,2.74574669899084e-07,-0.2868806502040467,0.0226888087337362,1.1528399670983105,0.0503285597835708,15,10,fri_c0_1000_50_regression_oz51.csv,0
3.1492764433376808,0.0,0.9999740313334506,13.411726891158082,1.87907475,0.036952154537574,1.38640401942,0.0248174238933593,1.7420981999999998,0.021014964423001,-0.253206983,0.0120700856758721,-0.2640532999999999,0.0335491331866413,-1.7072482,0.0280141975915784,5,1000,5,0,41.23833243597328,3.4493464000000005,0.02679857358704,1.070895913223995,0.0079297279572176,0.0001766472354707,0.0,-0.289050659,0.0278978627822922,1.146868361428235,0.0169505912193012,15,10,fri_c0_1000_5_binclass_binaryClass.csv,0
3.1492764433376808,0.0,9.965784284662083,3.1666914154272683,1.8790746220000003,0.0369521720918334,1.3864037747909996,0.0248173912537749,1.7420981400000002,0.0210149124559918,-0.253206982952504,0.0120700412887972,-0.2640532869999999,0.0335491800420042,-1.7072482,0.028014447464478,5,1000,5,0,0.0007026434711662,3.4493463400000004,0.0267987937497753,1.070895899387482,0.0079297815794457,0.0001766472354707,0.0,-0.2890506557575067,0.0278978541935374,1.1468683324736422,0.0169507056929446,15,10,fri_c0_1000_5_regression_oz6.csv,0
3.149279042823369,5.480197012805319e-06,9.965784284662083,3.166688799732408,1.89437283,0.0834163254360967,1.3954009380800998,0.0682076916868022,1.7990908100000005,0.2468797896938483,-0.272123705038643,0.0301645489017673,-0.2555370564999999,0.0348674934770733,-1.82204591,0.2230943400172992,10,1000,10,0,0.0007026428907809,3.62113672,0.4630464636715722,1.096983428738326,0.0476400786562135,0.0001766472354707,0.0,-0.2832207773660717,0.0211102064078084,1.2054152623114267,0.1098431167846461,15,10,fri_c1_1000_10_regression_oz11.csv,0
3.149278003029094,4.310759337559389e-06,9.965784284662083,3.1666898460098327,1.8916312632,0.052527132573228,1.40046920069448,0.0359458776646245,1.757078832,0.1330854990309667,-0.2603270875231736,0.0160321620856939,-0.2639956614,0.0427596712242375,-1.742161516,0.1060502358388493,25,1000,25,0,0.000702643122935,3.4992403479999994,0.2324654467338357,1.0794600970237611,0.0246300911007275,0.0001766472354707,0.0,-0.2884895071446227,0.0251630023746742,1.165816476798673,0.0551641768891131,15,10,fri_c1_1000_25_regression_oz26.csv,0
3.149278003029093,4.266545252488467e-06,9.965784284662083,3.1666898460098327,1.89832606895,0.0528521884096624,1.4046848473287,0.0388778249415773,1.73683047,0.0906775720146494,-0.2596629393416331,0.0220983980979175,-0.2688564644,0.045452296054163,-1.746821324,0.109187340526796,50,1000,50,0,0.0007026431229346,3.483651794,0.1888539160163959,1.0806547511397937,0.0229656570434625,0.0001766472354707,0.0,-0.2866598937050551,0.0223769006236787,1.1683315641363787,0.0523398656451331,15,10,fri_c1_1000_50_regression_oz51.csv,0
3.149279042823369,5.812626704989353e-06,0.9946583178227808,9.694167971476489,1.8690489500000005,0.0773707822690113,1.38440132334,0.0601714079988027,1.831982,0.2108818571617766,-0.2725211033999999,0.0277546968505883,-0.2576595,0.0407723102929549,-1.797284,0.1778457680407379,5,1000,5,0,29.693595462014663,3.629266,0.3867074929917959,1.0903086152300308,0.032910541771362,0.0001766472354707,0.0,-0.2933465083333333,0.0210923313787165,1.1896393594525754,0.0731559893544274,15,10,fri_c1_1000_5_binclass_binaryClass.csv,0
3.149279042823369,5.812626704989353e-06,9.965784284662083,3.166688799732408,1.869048682,0.0773710216972438,1.384401226971,0.0601714963515242,1.83198192,0.2108819010094559,-0.2725211323506807,0.0277547034303779,-0.257659661,0.0407722606896095,-1.7972841799999997,0.1778457916438198,5,1000,5,0,0.0007026428907812,3.6292661,0.3867075372877803,1.0903086355752092,0.0329105504725244,0.0001766472354707,0.0,-0.2933465017744679,0.0210923310714783,1.189639404275798,0.0731560105378035,15,10,fri_c1_1000_5_regression_oz6.csv,0
3.1492764433376808,0.0,9.965784284662083,3.1666914154272674,1.811918014,0.1885428132523551,1.3397320649748,0.1388391686239945,1.9637447,0.5891348215532879,-0.278461240428007,0.0372127853316348,-0.276617183,0.0498522613895464,-1.82495849,0.1935759712686321,10,1000,10,1,0.000702643471166,3.788703190000001,0.7504534601442316,1.0939727982752532,0.0376387553931621,0.0001766472354707,0.0,-0.299453074873345,0.0275065162055397,1.1980514916829788,0.0840927962765794,15,10,fri_c2_1000_10_regression_oz11.csv,3
3.1492795627205066,5.665447709667578e-06,9.965784284662083,3.1666882765939537,1.8673603513000003,0.1231825805183,1.3805794521523205,0.090288999680718,1.805522904,0.2604865144004587,-0.2662643872679455,0.0255240089231711,-0.2671848862,0.0434815572816656,-1.7675234999999998,0.1305213088043226,25,1000,25,1,0.0007026427747041,3.5730464040000003,0.3750397447672418,1.0843021855153667,0.0240055284527191,0.0001766472354707,0.0,-0.2917786962259093,0.0269835511163829,1.176264444293843,0.0534109114942309,15,10,fri_c2_1000_25_regression_oz26.csv,3
3.149277223183386,3.1180562753719416e-06,9.965784284662083,3.166690630718356,1.8834421274,0.0982633271566683,1.3930674420641995,0.0702077150539499,1.772588234,0.2479343741847506,-0.2620357974032051,0.023094342673036,-0.2653629966999999,0.0349227955829296,-1.745351856,0.1062780803551185,50,1000,50,1,0.0007026432970502,3.51794009,0.3263804951140374,1.080300128653163,0.0203721627110615,0.0001766472354707,0.0,-0.2924071374746752,0.0240929333305107,1.167455092481296,0.0455747919067057,15,10,fri_c2_1000_50_regression_oz51.csv,0
3.149279042823369,5.812626704989353e-06,9.965784284662083,3.1666887997324085,1.7678834705,0.2385292455983903,1.2998438016858,0.1687291651554143,2.1682701,0.7262361115053492,-0.2933881659879779,0.0504399493144848,-0.271915434,0.0475062990915234,-1.94253484,0.2904556865088855,5,1000,5,1,0.0007026428907813,4.11080494,0.924724101178699,1.1146892256900514,0.0618874223843801,0.0001766472354707,0.0,-0.2920840921732966,0.0349306982003583,1.2455961123089927,0.1421300411612231,15,10,fri_c2_1000_5_regression_oz6.csv,3
3.1277976067836053,0.06792204500136,0.9895875212220556,15.876563791765712,1.7442292,0.2951148762898619,1.28204706714,0.2243754216706261,2.1639667000000005,0.8785601282686032,-0.2391699854,0.1581638824605525,-0.2512632,0.1852483275702285,-1.8169531000000003,0.24417885163382,10,1000,10,2,49.18118879521423,3.980919800000001,0.910291538373748,1.0737677997733257,0.0655368030169842,0.0001767859455103,4.386396595678505e-07,-0.2543107564999999,0.1923993168217881,1.156842853124766,0.1458937454784064,15,10,fri_c3_1000_10_binclass_binaryClass.csv,4
3.1277976067836053,0.06792204500136,9.965784284662083,3.1884256137924507,1.7442292814999998,0.2951147955436486,1.28204711450907,0.2243754568649917,2.16396667,0.8785602452158823,-0.239169973321894,0.1581638603826268,-0.251263127,0.1852484105628301,-1.81695295,0.2441788835814534,10,1000,10,2,0.0006989635101988,3.98091962,0.9102915876354708,1.0737677496268905,0.0655368197700925,0.0001767859455103,4.386396595678505e-07,-0.2543107555181566,0.1923993093520916,1.1568427474098166,0.1458937714314309,15,10,fri_c3_1000_10_regression_oz11.csv,0
3.1268252053843124,0.0562977563045751,0.990604955873816,38.12168369656917,1.7726544699999998,0.2746197714116162,1.2964350774479998,0.2197146826094527,1.91407568,0.6196493908731588,-0.23419009876,0.1018813917745704,-0.24001558,0.1317842892742309,-1.7878963599999995,0.1663304331378456,25,1000,25,2,119.33035040590327,3.70197204,0.6830157207956173,1.0612560978300694,0.076108855412489,0.0001768691715341,5.190054444070117e-07,-0.2537355046666666,0.1121316301364875,1.131825360738817,0.1593868873018965,15,10,fri_c3_1000_25_binclass_binaryClass.csv,0
3.149278522926232,4.863192413229068e-06,9.965784284662083,3.1666893228710333,1.857637189,0.2074327583147366,1.371170218933284,0.1561743854351057,1.914075676,0.6196494359601405,-0.2690520670528987,0.0353903827726641,-0.2709940122,0.0560099403255652,-1.7878962400000002,0.1663304489961223,25,1000,25,2,0.000702643006858,3.701971916,0.6830158487056455,1.0866222809593031,0.0394580197465238,0.0001766472354707,0.0,-0.2897026092988311,0.0333395806871663,1.1822426393866232,0.0914584776266621,15,10,fri_c3_1000_25_regression_oz26.csv,0
3.1377634656274065,0.044102154913343,0.9912540071703688,60.52963443414094,1.84207692,0.2081906357916776,1.3557932071739998,0.162225229157946,1.80887282,0.3664013695961664,-0.2462981805999999,0.0612465067254098,-0.2601528099999999,0.0915608405431506,-1.74777544,0.1036119337707815,50,1000,50,3,190.6034378084353,3.55664826,0.4153903844894809,1.0607817055732147,0.0464974234742325,0.0001767859455103,4.20354898466177e-07,-0.2803421470666666,0.0664035811594453,1.1273765970607657,0.0929797697903515,15,10,fri_c3_1000_50_binclass_binaryClass.csv,0
3.1492780030290923,4.266545252488467e-06,9.965784284662083,3.166689846009833,1.8780386549,0.161919293892206,1.3849111902212998,0.1230306579418426,1.808872736,0.3664012943693984,-0.2643544848292821,0.0248418824052079,-0.2718209111,0.0498711250686774,-1.747775364,0.1036118763377957,50,1000,50,2,0.0007026431229346,3.5566481,0.4153902765822738,1.0781284940049516,0.0243033840499236,0.0001766472354707,0.0,-0.2932879925051369,0.0321804395715349,1.1629398909721376,0.0540556489105592,15,10,fri_c3_1000_50_regression_oz51.csv,0
3.1492764433376808,0.0,0.9885173903891564,9.144667222407367,1.5826414,0.3566823049075237,1.1691836973599998,0.2656574519438291,2.6241456,1.0190961449722495,-0.3040521001999999,0.0388731054751874,-0.3182577,0.1224112328095342,-1.931191,0.2292109007060964,5,1000,5,2,28.133614993209385,4.5553366,1.0824863254059147,1.1037270185789965,0.0540460499001172,0.0001766472354707,0.0,-0.3212722416666667,0.0807084845762435,1.2205501119491249,0.122010991972808,15,10,fri_c3_1000_5_binclass_binaryClass.csv,0
3.1492764433376808,0.0,9.965784284662083,3.1666914154272683,1.58264141,0.3566821345465908,1.1691835126280397,0.2656572026211607,2.6241454600000003,1.0190963335026764,-0.3040521059536939,0.0388731041697268,-0.318257644,0.1224111931432895,-1.93119102,0.2292110843123801,5,1000,5,2,0.0007026434711662,4.555336479999999,1.0824864470505289,1.1037270038206712,0.054046094359393,0.0001766472354707,0.0,-0.3212722328628233,0.0807084809733754,1.2205500832153595,0.1220110916721754,15,10,fri_c3_1000_5_regression_oz6.csv,0
3.130513695123098,0.0579710693381979,0.9881489563064276,85.74430306239852,1.8385845350000003,0.2030282812326875,1.356127563126,0.1610105691975448,1.7880644299999997,0.2927677214575051,-0.22724278825,0.099339115981807,-0.23032082,0.1363217506381431,-1.7348756799999996,0.0726342487755569,100,1000,100,3,270.642967694827,3.5229401099999995,0.3372940154871298,1.060238167813904,0.055791580093917,0.0001768414622408,5.225280275932148e-07,-0.2556259084833334,0.1163156661182013,1.127186545894666,0.1109059949855215,15,10,fri_c4_1000_100_binclass_binaryClass.csv,3
3.147165975907074,0.0211296194856587,9.965784284662083,3.1688137918844608,1.87953741375,0.1346294378292145,1.3890605223814196,0.1046907086011199,1.788064384,0.2927677074619773,-0.2564095525081662,0.0370567743940587,-0.2614649306,0.0722577496846616,-1.734875673,0.0726342683241332,100,1000,100,3,0.0007022693790936,3.522940057,0.3372939718614648,1.075798664971383,0.0226363616462447,0.0001766611064747,1.3871003963152769e-07,-0.2869844615719437,0.0474032698656792,1.1578500483741043,0.0467772872132496,15,10,fri_c4_1000_100_regression_oz101.csv,0
3.1325940290812024,0.0527681267691819,0.9895875212220556,16.69650896561666,1.7178185999999998,0.3190912818563662,1.2540669210300002,0.2442337134861014,2.3825307,1.0116591654179947,-0.2430342023,0.1288914362133063,-0.27636125,0.1270911554152831,-1.77113,0.2175664504830139,10,1000,10,3,51.853722556647966,4.1536607000000005,1.0072737801357186,1.0553489912051952,0.0656349176837236,0.0001767859455103,4.386396595678505e-07,-0.2787761165,0.1362223075009915,1.1176386414152375,0.1363621004580545,15,10,fri_c4_1000_10_binclass_binaryClass.csv,0
3.149280342566213,6.278354408612813e-06,9.965784284662083,3.1666874918865977,1.6871667235,0.3368208677705946,1.240728929643756,0.253493609148839,2.38253071,1.0116592745893358,-0.2860069533865897,0.0387514458127259,-0.3183617199999999,0.0810039886286519,-1.7711299399999998,0.2175664500899039,10,1000,10,3,0.0007026426005887,4.153660650000001,1.0072740308343704,1.0685894374782308,0.0514238683084284,0.0001766472354707,0.0,-0.3252794268743161,0.0542013071515534,1.144263358698664,0.1083998045518921,15,10,fri_c4_1000_10_regression_oz11.csv,4
3.1492780030290937,4.310759337559389e-06,0.9936167534536142,37.47101382342107,1.8188039700000005,0.2252996373798601,1.342231642584,0.1693999273201407,1.94889296,0.5603757280378556,-0.2764770683999999,0.0366895954384222,-0.281642,0.0671691364183543,-1.7962167200000003,0.1841710400665913,25,1000,25,3,117.7647442287295,3.74510968,0.6714682104903107,1.0836758401177726,0.0425980211290256,0.0001766472354707,0.0,-0.2998216094,0.0379173418684391,1.1760953342029052,0.0929079898426179,15,10,fri_c4_1000_25_binclass_binaryClass.csv,0
3.1492780030290937,4.310759337559389e-06,9.965784284662083,3.166689846009833,1.818803874,0.2252996370681803,1.3422316322354522,0.1693999475438089,1.948892908,0.5603757176441795,-0.2764770538287329,0.0366895910024006,-0.2816420172,0.0671691756899672,-1.7962166160000002,0.1841709837746428,25,1000,25,3,0.000702643122935,3.745109524,0.6714681461171721,1.083675798525975,0.0425980077819826,0.0001766472354707,0.0,-0.2998216022025549,0.0379173450709474,1.176095242967224,0.0929079546395227,15,10,fri_c4_1000_25_regression_oz26.csv,0
3.1422986813313982,0.0283730215575351,0.9895875212220556,59.66432229341802,1.84243887,0.1718338220646105,1.3583500694819997,0.1337665098495666,1.86157358,0.5144454473621042,-0.25215220846,0.0757869554002827,-0.2521844,0.0898271404567275,-1.7596010600000005,0.1109543932095819,50,1000,50,3,188.45582603306624,3.62117464,0.5664269333060715,1.0722512261325756,0.0428604302866545,0.0001767304614945,3.3276252415663176e-07,-0.2775585411666667,0.0907910042518598,1.1515229680974817,0.0896448069884426,15,10,fri_c4_1000_50_binclass_binaryClass.csv,1
3.149279042823368,5.251754164595991e-06,9.965784284662083,3.166688799732408,1.86284364015,0.1480120371309937,1.3743311846396995,0.1151603872007286,1.8615736039999995,0.5144454778860391,-0.2673827640846983,0.0253816598117889,-0.2638658018,0.0518432337432483,-1.759601028,0.1109544124787202,50,1000,50,3,0.0007026428907806,3.621174632,0.5664270120788266,1.0801708554839635,0.0240592765560254,0.0001766472354707,0.0,-0.2947352815861639,0.028435563027374,1.167336348849589,0.0548297703056407,15,10,fri_c4_1000_50_regression_oz51.csv,0
4.3563341442418935,0.0913881874020992,11.106102993951886,5.870188971964188,308.842140625,441.7693831278467,206.0902400025,299.62895153682695,6942.5800125,10967.507737089876,549.0379329917636,827.2411995586255,435.989375,656.5197147319312,-10.4137625,47.31422680148835,8,20640,8,5,1.3025632542437229,6952.993775000001,10958.32834047752,396.7947159658207,597.3167304802454,0.0028794302688075,0.0066010451745342,470.5200034530442,708.4727132706655,469634.9135660552,993090.1442737816,15,10,houses_regression_median_house_value.csv,0
3.831479210076429,0.842992043868174,9.083154612142412,9.9101829128649,127.7754563296875,510.72656952093166,47.18683797232125,188.45745015742708,5581.12377751875,22321.300328126385,146.6920185393349,585.6540558040903,44.10338135,175.30607371474002,0.1510072375,0.4972145275826735,16,22784,16,15,3.1803383758256354,5580.97277028125,22320.80726327057,292.0841189602801,1168.011698286775,7.764356037667008e-05,9.5433362712939e-05,60.95724614411754,242.734696009148,1364298.7519251376,5457194.957161802,15,10,house_16H_regression_price.csv,5
3.836735161302458,0.703663971171495,9.083154612142412,9.846963322948456,99.95892910625,282.05131786680244,36.856040020905,103.72219262716644,5122.885390087499,14483.613850304177,110.36799622963484,309.0589640177407,34.58900026875,94.73778784150386,0.1641972375,0.3475035486107812,8,22784,8,7,3.159368856576245,5122.721192849999,14483.276138800726,220.54361019769024,623.2379376839984,0.0001238210674297,0.0001364265352494,46.41613585041234,128.220233477526,388511.8200965587,1098877.109715164,15,10,house_8L_regression_price.csv,1
3.5457791808265537,0.8162839874250419,4.70043827987653,13.041140793148564,0.6387679092382497,0.3458745896430077,0.4331061469692058,0.2360198425179204,0.9814645056726092,0.0994671592402653,0.1218013933797003,0.4764892608057319,0.1066447325769854,0.5471821092863152,-0.928246677471637,0.119205430123478,617,7797,617,351,8.837594446573332,1.9097111831442464,0.1470567255868247,0.4369943706401271,0.1375595613059324,0.0048106171108648,0.0406392628367775,0.1156221768839911,0.532143282412087,0.209856044104897,0.1228152287566658,15,10,isolet_multiclass_class.csv,0
4.062175608002633,0.0799635975356342,3.132069248447984,10.356261101634944,2.337643571428572,5.320538011572626,1.7295961827000002,4.061538315607026,8.947695357142857,23.97640049698624,1.5827847569306008,4.54381534159153,1.2902132142857143,3.749561547418172,-0.4970662857142857,0.7260283628031907,14,9961,14,9,12.431679793802171,9.444761642857143,23.427037277325887,1.629282329502851,3.980227751173514,0.0033644893607693,0.0097547517036219,1.352349766641172,3.9052338660065504,17.365187221069736,57.03284428159576,15,10,JapaneseVowels_multiclass_speaker.csv,5
4.018389858183106,0.0539084403219324,0.9997770990046064,40.59173729184066,1.608567,0.173830596410701,1.1408000987249998,0.1972104434084583,1.570460375,0.0002404620180878,-0.1666796629486084,0.0458877840853397,-0.2377466875,0.012105642335402,-1.570338125,0.0006042852773554,8,8192,8,0,162.149791710536,3.1407985,0.0007444975294978,0.8994013569938999,0.0438442456942099,2.171121662178351e-05,4.1982925299351785e-08,-0.2356092504068348,0.0336443189228059,0.8106048291079009,0.0787346184286137,15,10,kin8nm_binclass_binaryClass.csv,0
4.072325570385308,0.0328803100117727,12.999755859374998,3.2224195468070613,1.6617121715624998,0.2072567491802521,1.229360844051375,0.1521927427076314,1.570460275,0.0002405927664866,-0.2062289564414696,0.0718080545860663,-0.22327304875,0.0399517191443876,-1.5703382125,0.0006044154210888,8,8192,8,0,0.00946061302437,3.1407984875,0.0007447752785476,0.9553576510935176,0.0649381671171975,2.1551154190457376e-05,7.294199042629904e-09,-0.230788683004174,0.0773770486175635,0.9163980863578968,0.1151630576100999,15,10,kin8nm_regression_y.csv,0
2.766061536965622,0.2666188748834865,4.699810726573159,11.812713768832817,2.0625,0.8539125638299665,1.5752625,0.3706499999999999,14.8125,0.4031128874149275,5.751434375,1.9061808890832608,5.6875,1.9906029237394385,0.0,0.0,16,20000,16,15,5.952342361024661,14.8125,0.4031128874149275,2.082893554507024,0.4131245302444286,0.063234411720586,0.0016797210169463,5.688348958333334,2.0067183897031784,4.498450444553477,1.882088258137983,15,10,letter_multiclass_class.csv,2
2.5521473976607205,0.8836175676971217,0.1593164203699976,9.84104080606213,0.8747598610000001,0.730246892217218,0.204483226388,0.3405822875934453,5.8539121,2.458139121694676,-0.1707070159242481,0.0197573492684683,-0.53364181,0.296609122888984,-0.6715638566666667,0.2264665607959779,6,11183,6,5,156.64719433900993,6.525475956666667,2.4505820321338048,0.7133052163549168,0.1872360914370555,0.0024020936546651,0.0038341548431668,-0.3574370844321423,0.0409263132736847,0.5380187932929892,0.2873920149726295,15,10,mammography_binclass_class.csv,0
3.784481256309786,1.339851138835039,2.331572915249456,4.146618568295432,15409.11535452702,92895.3727748365,11322.30889004792,68382.42316321464,39383.49170341892,237462.97824502012,10832.78229229448,65344.311687940906,9911.19662324324,59837.20929762093,22.71066517567568,287.0678182935532,74,45164,74,51,5.730563794999825,39360.78103824324,237215.04260909464,8641.233691975387,52094.85543100886,0.0153088088191549,0.0303291889391072,10096.593658393413,60922.04412495378,2751870909.632479,16623860866.494255,15,10,meta_stream_intervals.arff_multiclass_class.csv,5
3.276735163910314,0.1488574696931664,3.321928094887362,6.530502953868033,59.24189814814815,60.21182273312602,39.74534861111111,39.89816706338948,471.5092592592592,478.3923950428117,315.6787291666667,346.28065817727,314.85185185185185,349.4211908967707,188.56944444444449,238.3693729188724,216,2000,216,164,5.441659197829548,282.93981481481484,264.7881840403899,46.9024776082037,44.07051606630727,0.0190508743358838,0.0190568362048955,314.8368981481481,347.83076294659,4133.061077387073,5171.117759212162,15,10,mfeat-factors_multiclass_class.csv,0
3.3838775612855967,0.0499183226990773,3.321928094887362,14.217918182418964,0.0946934785526315,0.056698840887617,0.0670664267760789,0.038126011407352,0.3701304042105263,0.147828957298764,0.1174074083007236,0.0621193158253417,0.1065983718421052,0.0589388531093592,0.0031921567105263,0.0024792266322928,76,2000,76,70,13.48306312822625,0.3669382475000001,0.1461877119022281,0.064916422580676,0.0317006250479738,8.992000949401153e-05,6.52294852134141e-07,0.1094924654225877,0.0599578059376473,0.0052058487908362,0.0057635110870117,15,10,mfeat-fourier_multiclass_class.csv,5
3.388230359224398,0.0531402446532121,3.321928094887362,15.939901985329644,2.8591874742578125,2.053885571242361,2.052597327018,1.4599131364254077,6.620998572343749,3.736028364411313,-0.2338986520149218,0.707860197822781,-0.336184476796875,0.7029057734159866,-6.32804136328125,3.260680788162265,64,2000,64,58,15.258046016371232,12.949039935625,6.748984156830283,2.008989043397748,1.2870589233854348,8.978731069818823e-05,3.832540162916234e-07,-0.322497783116276,0.7216765443895894,5.666674513254117,8.563992983906324,15,10,mfeat-karhunen_multiclass_class.csv,5
2.4042330357767083,1.1364091470779387,3.321928094887362,3.558253068687076,743.7819722683333,1802.657075997138,444.2381350018045,1079.3459540623985,2887.77665169,6953.741203084916,942.270770713714,2232.469689928786,660.2657372116666,1547.2563614011542,256.69782190666666,580.8272604590048,6,2000,6,6,1.5752723517880327,2631.078829783333,6373.882588781856,571.9255478011905,1387.7572718261156,0.1125740428203242,0.1378240727275736,821.7538212269875,1940.4466257288143,1931990.7034829112,4732097.866886764,15,10,mfeat-morphological_multiclass_class.csv,0
3.384339400736648,0.0561342289310593,3.321928094887362,10.794781199877123,56.59596970941488,53.40028393555195,38.39245230189868,37.35149893323885,218.10132853361705,204.83130132471925,79.59170588888489,99.04529777978716,72.38767866691488,97.21142606423662,13.172104954468086,50.70008394634189,47,2000,47,41,9.997590042151144,204.92922357914887,182.70657927507847,38.93325312324833,35.488448352025834,8.989006166721115e-05,5.4059775995465e-07,73.90166903528687,97.16638750139204,2748.4317829287684,3572.5915205140086,15,10,mfeat-zernike_multiclass_class.csv,0
0.8129109998975493,1.0350477340160449,3.319837025403414,66.59854861820175,33.45440051020408,68.7588998750591,1.1242419642857142,7.237759129138632,216.15051020408163,84.3213175741491,20.54070420918368,29.387741458003603,0.7582908163265306,4.881801651921375,0.0,0.0,784,70000,784,589,15.307635686534704,216.15051020408163,84.3213175741491,39.56440173330992,38.92432616441464,0.12051351663427,0.2878159661562074,8.459354622206025,18.93545351881248,3078.5125223182745,4101.861754165151,15,10,mnist_784_multiclass_class.csv,5
3.1597522664278137,1.0695709297369078,9.072489733617438,8.205172917666427,0.1129408811881187,0.0779655087730915,0.0792906333460396,0.0620141096364489,0.8646861485148516,0.2393767443761758,0.2420111025787073,0.2155082198948188,0.228093853960396,0.2250388472234768,0.0,0.0,202,4450,202,200,1.8576845479318185,0.8646861485148516,0.2393767443761758,0.1003373935360041,0.0489496230319207,0.0202676694634956,0.0606080453158941,0.2314522009381837,0.223001050507362,0.0124517964256999,0.0099451337856411,15,10,mtp_regression_oz203.csv,5
1.819860076521682,1.28013906791404,3.3218327248667654,17.098158298781904,5.375,5.268956705260043,2.617715625,3.2108571278748914,13.03125,5.255288341809187,4.251670929715303,4.277465737545678,3.796875,5.121320785432366,0.0,0.0,64,5620,64,33,8.3671952344467,13.03125,5.255288341809187,3.4410285929357096,2.436364031049195,0.1403967035862872,0.2177638175529553,3.985950474495848,4.832980952447028,17.68379950525717,16.074805113439037,15,10,optdigits_multiclass_class.csv,5
3.6823509340227423,0.2729666068997795,0.6354628258660036,5.397145232083897,107.0826,158.43694349712476,46.62969738,65.06904040400853,2740.5,4083.691963842958,119.73327169742372,183.76940150139325,45.8382,65.72802330614647,2.5121,3.125169024762234,10,5473,10,10,30.27513046783839,2737.9879,4080.781957952189,198.19827083474755,311.8349019403324,0.0032403108105143,0.0061485709544884,59.39465050228311,87.22214080779851,126799.46002320696,265403.9151892036,15,10,page-blocks_multiclass_class.csv,2
3.4368170216589835,0.444078850678187,3.320771738890595,6.389686696857783,49.9375,17.97208483547007,28.725375,15.358810539686983,100.0,0.0,45.72401519286754,22.039622328423576,43.25,30.442295139055027,0.0,0.0,16,10992,16,4,5.612976057838068,100.0,0.0,29.87701060852809,6.37965624705508,0.0098620850563106,0.0001451310807022,43.35884437537902,27.720180288462885,930.7920258682768,367.722717945439,15,10,pendigits_multiclass_class.csv,5
3.6122335699724832,0.0379251948498267,11.876629050506004,3.327233379857802,11.33314375,3.0364983719172725,8.4299709375,2.135214652902486,24.5866,6.657981560503154,-1.26176996491684,0.5044190380860321,-1.3638875,0.2349197997012314,-25.711125,7.710016009656963,4,3848,4,4,0.0119659424189308,50.297725,14.294167696272726,6.989305794879821,2.157369478320866,4.818606626208896e-05,6.58417463440628e-07,-1.734472002164502,0.5346962375643114,52.341077793833485,32.431263333351886,15,10,pollen_regression_DENSITY.csv,0
0.6121065555090389,0.957285726518314,0.9210049486251756,77.11621306271175,1.5416666666666667,5.946421535513117,0.61775,3.680648357200359,63.35416666666666,66.19136974770966,18.142219444444446,36.255019618825344,16.770833333333332,35.76771370903697,15.4375,34.644643594461094,48,15000,48,26,50.251993403705534,47.91666666666666,54.5042779243679,4.554762373068908,6.694553760528721,0.4707336610865491,0.4923730916064004,16.940032407407408,35.9156761383068,64.62922178497085,164.0700668225888,15,10,pol_binclass_binaryClass.csv,3
0.6114476329889905,0.9573995599412326,1.8914102162679105,92.53497689994596,1.5416666666666667,5.946421535513117,0.61775,3.680648357200359,63.35416666666666,66.19136974770966,18.14129722222222,36.25547836603804,16.770833333333332,35.76771370903697,15.4375,34.644643594461094,48,15000,48,26,28.91434227621223,47.91666666666666,54.5042779243679,4.554003364839423,6.69609560003753,0.4707416514107096,0.4923663820439419,16.940032407407408,35.9156761383068,64.64252425920988,164.0795858870341,15,10,pol_regression_foo.csv,0
4.035347158114954,0.0422299759991472,0.9999559719934968,295.375358300041,14.329775328125,29.88737108105144,10.600124116115625,22.164105474012537,13.77159459375,26.76435548773526,-1.2518988577919008,4.35875978062274,-1.3624036875,4.362823983361124,-12.4788215625,27.345477050617152,32,8192,32,0,1190.994593838986,26.25041615625,54.09507563320941,8.112207684665318,16.88742735613983,2.169059298859892e-05,9.358233673904057e-08,-1.5197606831328827,4.8200228419518645,342.0810786433898,805.2601654121092,15,10,puma32H_binclass_binaryClass.csv,0
4.035347158114954,0.0422299759991472,12.91753553771708,3.2929319558334065,14.329775328125,29.88737108105144,10.600124116115625,22.164105474012537,13.77159459375,26.76435548773526,-1.2518988577919008,4.35875978062274,-1.3624036875,4.362823983361124,-12.4788215625,27.345477050617152,32,8192,32,0,0.028688759635235,26.25041615625,54.09507563320941,8.112207684665318,16.88742735613983,2.169059298859892e-05,9.358233673904057e-08,-1.5197606831328827,4.8200228419518645,342.0810786433898,805.2601654121092,15,10,puma32H_regression_thetadd6.csv,0
4.015864695392779,0.0418765164060104,0.9999860693604422,40.02397131620437,1.5264765625,0.6097686598597506,1.1303645406374998,0.4446360619678236,1.563010625,0.594483474824499,-0.135512184967041,0.0918470151009059,-0.20034725,0.1089090735367942,-1.563179625,0.594594239083124,8,8192,8,0,159.7330924929349,3.12619025,1.1890774752118611,0.8738736591093519,0.3330280961642293,2.175265272936304e-05,1.1835755788789081e-07,-0.1937680227318958,0.1213004924877778,0.8606994208155923,0.474777532308293,15,10,puma8NH_binclass_binaryClass.csv,0
4.015864695392779,0.0418765164060104,12.999999999999996,3.2680494976097267,1.5264765625,0.6097686598597506,1.1303645406374998,0.4446360619678236,1.563010625,0.594483474824499,-0.135512184967041,0.0918470151009059,-0.20034725,0.1089090735367942,-1.563179625,0.594594239083124,8,8192,8,0,0.0095418923266931,3.12619025,1.1890774752118611,0.8738736591093519,0.3330280961642293,2.175265272936304e-05,1.1835755788789081e-07,-0.1937680227318958,0.1213004924877778,0.8606994208155923,0.474777532308293,15,10,puma8NH_regression_thetadd3.csv,0
3.3747406330247265,0.0482326764664912,0.9912232530606148,220.6301049429518,81.58166666666666,74.07781906268121,48.740475,40.85577889859084,295.13666666666666,296.5603413022944,35.34935873890419,27.583472078463124,35.17166666666667,42.22193930095269,-81.13000000000001,91.27632716098957,3,2178,3,2,750.1621400330056,376.2666666666667,247.98243271113648,67.78638393593138,40.60392980897873,0.0014360501328143,0.0022265851020701,38.606432212028544,43.03040028787383,5694.113257731144,5564.863418819613,15,10,quake_binclass_binaryClass.csv,5
3.3747406330247265,0.0482326764664912,2.5898923943940564,65.44568998896646,81.58166666666666,74.07781906268121,48.740475,40.85577889859084,295.13666666666666,296.5603413022944,35.34935873890419,27.583472078463124,35.17166666666667,42.22193930095269,-81.13000000000001,91.27632716098957,3,2178,3,2,84.27853502337445,376.2666666666667,247.98243271113648,67.78638393593138,40.60392980897873,0.0014360501328143,0.0022265851020701,38.606432212028544,43.03040028787383,5694.113257731144,5564.863418819613,15,10,quake_regression_col_4.csv,0
3.3747406330247265,0.0482326764664912,2.5898923943940564,65.44568998896646,81.58166666666666,74.07781906268121,48.740475,40.85577889859084,295.13666666666666,296.5603413022944,35.34935873890419,27.583472078463124,35.17166666666667,42.22193930095269,-81.13000000000001,91.27632716098957,3,2178,3,2,84.27853502337445,376.2666666666667,247.98243271113648,67.78638393593138,40.60392980897873,0.0014360501328143,0.0022265851020701,38.606432212028544,43.03040028787383,5694.113257731144,5564.863418819613,15,10,quake_regression_richter.csv,0
3.7320516173221328,0.0690616325029788,2.4832958827266416,3.386975286236623,20.08333333333333,5.05045966790577,14.414166666666668,3.2016924861704,133.47222222222223,19.736096170810782,82.81586808253476,11.195780832480631,83.25,13.538041639342502,36.583333333333336,9.506013134552555,36,6435,36,36,4.090157271533204,96.88888888888889,23.066088624741827,16.66611066192911,3.310346181185181,0.0136608808049191,0.0038705753083249,83.18418515640738,11.71795322286208,288.413236661641,113.56450860881044,15,10,satellite_image_regression_class.csv,0
3.71657021097526,0.0715771002522625,2.4833618760456604,3.689396396345475,1.0138097499999996,0.1524139932811523,0.7178421380666667,0.1189996093365351,2.7508708055555555,0.611237751595602,-0.0005061837912562,0.0326839621751253,0.0029652222222222,0.1862580270190654,-2.552309777777777,0.267785900742484,36,6430,36,36,4.521507306446607,5.303180583333333,0.7636916640357406,0.8543871811687912,0.0241378092269187,0.0138332226806101,0.00373543781015,0.013775839222971,0.0725196552360485,0.7305439049066534,0.0408651926839069,15,10,satimage_multiclass_class.csv,0
3.4218460511096,0.4343306126493596,0.6780187068738636,28.78345663179474,0.2272858762541806,0.1446333424106996,0.1431584824876254,0.1012828592661926,0.9363953411371236,0.1683590944168538,0.2880973440272449,0.22193508720828,0.255667491638796,0.2401696622060123,1.8729096989966555e-06,1.816878089535349e-05,299,2407,299,207,144.26525066972007,0.936393468227425,0.1683584659528236,0.1979651834737913,0.0967230328196467,0.0084498698985636,0.0641834387701234,0.2617769769774681,0.2380886220634007,0.0485142701661178,0.0367694444973391,15,10,scene_binclass_Urban.csv,5
2.9379898019529453,1.2049698903813926,2.807354922057604,4.032677730862672,22.71951935526316,28.98452044985964,14.34942904127526,19.063383719215004,76.08155921052632,85.55029437553323,19.748999249431403,35.21880930100424,15.07136221052632,31.357597109219327,-4.107588421889189,14.262996773125275,19,2310,19,16,3.220330658851468,80.18914763241553,82.35035814240284,17.93764222423687,21.03183529749301,0.0848194720071874,0.2399827732114243,16.40406144246222,33.25592949959244,740.8161521255529,1255.1027789326674,15,10,segment_multiclass_class.csv,1
3.5880600726825325,0.0891394855292458,0.9999532967890264,21.196750359079687,3423240.7951780832,8385190.142682072,2257170.266594777,5528913.291752896,-11394730.7917,27911306.20219684,-16060349.19082539,39339679.31722056,-15422654.299798667,37777651.73864342,-20704980.81110517,50716646.514927045,6,3107,6,5,75.05876582261956,9310250.019405166,22805340.312731087,2626841.1720499825,6434417.908262933,6.77196817694345e-05,1.282460521212867e-05,-15578134.897733854,38158500.030325904,41401739391655.87,101413135973240.06,15,10,space_ga_binclass_binaryClass.csv,0
0.7118633215789447,0.896335204382475,0.9673602371807668,29.742177084336788,2.8653859649122806,18.412025942645656,1.568980957894737,9.941918571797457,82.2927192982456,474.162955494686,3.013802941389553,19.091691445575307,1.1810701754385964,7.379084771597086,0.0526315789473684,0.2252817784447915,57,4601,57,57,20.8867430730345,82.24008771929823,474.0091181080231,5.651995194010578,34.85783567961422,0.0139678976414885,0.0170495452052412,1.4289922733309188,9.012361972166266,1225.6967630582276,9014.89576085169,15,10,spambase_binclass_class.csv,2
3.2327975409932894,1.4966933808901064,9.71919635486444,9.183165261039056,0.0738185526315789,0.0574778784376843,0.0520527204473684,0.0420789615206154,0.8035021015037594,0.3068147675871973,0.1891789042396368,0.2116573938321187,0.180431962406015,0.2184789960640457,0.0,0.0,266,8885,266,260,2.0545029640813475,0.8035021015037594,0.3068147675871973,0.0680469789890704,0.0415785911762772,0.0362431120146051,0.1554516509073391,0.1823975300258243,0.2160295399041213,0.006352671423652,0.0057011224713872,15,10,topo_2_1_regression_oz267.csv,0
3.1230944640820795,1.7880725764057197,5.161428470284308,5.70008558025131,12.556575,23.088179074781248,9.283670549999998,17.111491401038865,43.094,81.95297023700036,11.273698663349151,20.73267195696983,10.0604,18.387897675010773,0.219,0.4473522102326086,4,8641,4,2,2.449026916282416,42.875,81.50574591606001,7.953992317192467,14.653359505334626,0.1250362864730373,0.2499372291189786,10.371661017357765,18.996633563274425,224.30670237639225,447.5244756281656,15,10,visualizing_soil_regression_track.csv,0
3.8026323620406233,0.0546674609052009,1.5848792049207137,15.080612757537958,1.3490000000000002,0.5127980059163596,0.995380575,0.3619682025707533,4.98125,2.014001231761903,0.7965453499999999,1.091751501351972,0.6641250000000001,1.0499431532230683,-3.0780000000000003,0.5868001013755528,40,5000,40,40,35.183215688091096,8.05925,1.6254425630089255,1.121533493306556,0.3497447703059676,0.0015748594741248,0.0003448065702943,0.7555516666666666,1.0734147194745447,1.3771007458558713,0.8786518493152943,15,10,waveform-5000_multiclass_class.csv,0
3.823011017820815,0.1399021348916533,9.220620127247296,7.467290396541421,6.487142857142857,3.3759247817254656,4.768676999999999,2.696053919805217,32.760714285714286,14.771130087638324,13.423673019253332,15.974424146304951,12.77142857142857,16.031369180522223,4.691428571428572,16.214061730553446,14,6574,14,11,2.09605352625756,28.069285714285712,7.699963500698423,4.707324059736151,1.481793810932765,0.0135489866296816,0.0255496635416648,12.958245239302004,15.95235314146944,24.19777606590958,18.840217562850864,15,10,wind_regression_MAL.csv,0
3.811069438476271,0.0595247304749734,1.8376039948582683,31.850235823637977,8.752218181818181,19.192064415368044,6.358845791454545,14.495552775408273,59.18736181818181,133.2591481191743,14.873766672217014,32.73256328934599,14.389872727272728,32.76398565526151,2.128737272727273,2.7272865821695045,11,6497,11,11,65.05528758936494,57.05862454545454,132.0760481216357,6.953925674839031,15.805355527641709,0.0069516885398226,0.0033770620944854,14.6227910236502,33.16243712127139,275.45641261405314,810.2519304310774,15,10,wine_quality_regression_quality.csv,5
3.1598272503931844,0.9268333482087066,0.1066848655670195,28.45217978948381,0.1281736206896551,0.1495905446171186,0.07381309425,0.0350728441323652,0.4614296810344828,0.2124996615741387,0.0135908585664759,0.1100537349431236,-0.0002859051724137,0.1336571087287868,-0.3040001120689655,0.1427626335419115,116,2417,116,111,841.7059691556666,0.7654297931034483,0.1425079005041333,0.1156217494160717,0.0852612185614448,0.0560778879141349,0.1583205915207241,-0.0003910170453195,0.123361112028654,0.0205751964373172,0.0413035383623128,15,10,yeast_ml8_binclass_class14.csv,0
2.2181381429262026,1.4096215333570656,2.490417636232728,15.218711324662175,0.0665625,0.0514250060768105,0.04262475,0.0415109088854965,0.92875,0.1056189241701369,0.3747228773584906,0.1858741847767083,0.3575,0.1948442601522706,0.11875,0.1733236032067514,8,1484,8,8,12.55483658013316,0.81,0.1478416140913743,0.088825274909767,0.0313731361380611,0.1154912361549539,0.1909479340911489,0.3649831838565022,0.193507676733295,0.0087511689250408,0.0054241819970909,15,10,yeast_multiclass_class_protein_localization.csv,5
0.4166582221201375,0.8373358430696748,9.71919635486444,79.06133278252459,0.011327920318725,0.0478041855164338,0.006538260093227,0.0321924095250624,0.7554215258964142,0.3865225684354619,0.0303476869741069,0.1213141703905297,0.0236215537848605,0.1228669823494339,0.0,0.0,251,8885,251,209,2.3893290301855106,0.7554215258964142,0.3865225684354619,0.0402464200175207,0.0335076784630235,0.3630552977022698,0.3069351728892909,0.0235981670025955,0.122273531891129,0.0027380656748057,0.0057945425646935,15,10,yprop_4_1_regression_oz252.csv,5
1.2766842089365673,0.1213757651897415,0.9999977500599352,47.38991867050117,0.2,0.6324555320336759,0.0,0.0,1.0,0.0,0.0313039638932496,0.0965364221246343,0.1,0.3162277660168379,-1.0,0.0,10,40768,10,9,59.502096955509,2.0,0.0,0.6403197293759668,0.1095419334424692,0.3499840557313513,0.0527059204952308,0.0509933774834437,0.1612552184324273,0.4208088474921942,0.1706298737178108,30,11,2dplanes_binclass_binaryClass.csv,0
1.2766842089365673,0.1213757651897415,15.29547077834474,12.327009330835814,0.2,0.6324555320336759,0.0,0.0,1.0,0.0,0.0313039638932496,0.0965364221246343,0.1,0.3162277660168379,-1.0,0.0,10,40768,10,9,0.0289123090198158,2.0,0.0,0.6403197293759668,0.1095419334424692,0.3499840557313513,0.0527059204952308,0.0509933774834437,0.1612552184324273,0.4208088474921942,0.1706298737178108,30,11,2dplanes_regression_y.csv,0
2.4897975857339407,1.344011143490908,0.9999906975135884,7.061602960402279,0.1415555555555555,0.2019179047974146,0.0748712999999999,0.0813709717209399,1.0375555555555556,0.6643041681171192,0.2612088553720107,0.2058376640290513,0.242111111111111,0.1979524529050123,0.015,0.0287934454346818,9,4177,9,9,16.582125559705354,1.0225555555555554,0.6714389140329727,0.1459857754390808,0.1197318896326657,0.1155249645333024,0.2180048211087041,0.2452661215263928,0.1982224959063814,0.0340547136483354,0.06243413893441,30,11,abalone_binclass_binaryClass.csv,0
2.036132515529788,1.4155556167215295,0.9832048570341376,18.88177759673393,3.93855,20.590183396588,2.836918035,15.270971123872108,24.459650000000003,132.05831503050032,-0.8128868509090909,3.0886766337720304,-0.9768,4.081632825607532,-24.881625000000003,130.79852558991936,40,13750,40,40,38.10253396396411,49.34127500000001,262.8227784407826,5.194915383542588,27.93168269713244,0.0791973752921971,0.110350810616543,-0.9017172909090908,3.582377895803688,787.6615716781229,4915.951509798038,30,11,ailerons_binclass_binaryClass.csv,0
2.036473870691812,1.4150947721632343,3.828958233704801,37.97055454905774,3.93855,20.590183396588,2.836918035,15.270971123872108,24.4596,132.05832452810094,-0.8128867672727272,3.0886766563453865,-0.9768,4.081632825607532,-24.881625,130.79852558991936,40,13750,40,40,19.19506024227784,49.34122500000001,262.8227880672848,5.194915198201611,27.93168273248265,0.0836421429924743,0.1241466834871603,-0.9017172909090908,3.582377895803688,787.6615716778738,4915.951509798078,30,11,Ailerons_regression_goal.csv,2
0.768390867109458,1.0721450809443231,0.794432350758128,12.820710865018633,2.142857142857143,5.669467095138408,0.8472,2.241480510733921,286.2857142857143,750.3947215267696,282.30316598505146,746.6556365936858,282.85714285714283,748.3696565582699,279.0,738.1646157870208,7,4052,7,6,11.400448105027682,7.285714285714286,12.776466461353673,1.6379392466762852,3.5192883236836563,0.3768303338779764,0.2115145922770269,282.5464638157895,747.5331719622893,13.29889380884486,34.88135704404136,30,11,analcatdata_supreme_binclass_binaryClass.csv,0
0.767080267656653,1.0716636696512187,1.825202079049472,15.189599507289506,2.142857142857143,5.669467095138408,0.8472,2.241480510733921,286.2857142857143,750.3947215267696,282.3025666337611,746.6559007500861,282.85714285714283,748.3696565582699,279.0,738.1646157870208,7,4052,7,6,5.38375453841086,7.285714285714286,12.776466461353673,1.638415914331108,3.5191171141636493,0.3768303338779764,0.2115145922770269,282.5464638157895,747.5331719622893,13.299422648218714,34.88112972683641,30,11,analcatdata_supreme_regression_Log_exposure.csv,0
3.310747328733176,0.4668540190660297,10.767172197728645,4.200221000734063,1.0456367734375,0.6396477600209288,0.616860772040625,0.3984575212372299,4.72727865625,5.642461876856074,0.7649971491584777,1.4510261702210083,0.538820890625,1.3821025803722184,-0.0302511562499999,1.275828896544267,32,8192,32,15,0.2915062750833276,4.7575298125000005,5.272126347090735,0.7756810831381452,0.5284968530287404,0.019676060571838,0.0534931806798693,0.5729199713245017,1.3403571097996092,0.8722616625352331,1.20733017100438,30,11,bank32nh_regression_rej.csv,0
3.2406734699308504,0.5807130832317982,0.9730662661337472,24.931991106602723,1.00449684375,0.7097464095698314,0.587647227825,0.4146015276661376,6.20157025,8.529532891109735,1.1550190740356443,2.1089529891334746,0.9026845625,2.100722401920798,0.380175625,1.8838974774664008,8,8192,8,2,82.03282617405416,5.821394625,8.398175121532262,0.8070997252095834,0.7708384578533152,0.0312846788414557,0.0883373378732584,0.9439564669192432,2.013198715238941,1.1713279035258526,1.696276905525498,30,11,bank8FM_binclass_binaryClass.csv,0
3.2406734699308504,0.5807130832317982,12.86331256724435,4.100042543485998,1.00449684375,0.7097464095698314,0.587647227825,0.4146015276661376,6.20157025,8.529532891109735,1.1550190740356443,2.1089529891334746,0.9026845625,2.100722401920798,0.380175625,1.8838974774664008,8,8192,8,2,0.0329298170128559,5.821394625,8.398175121532262,0.8070997252095834,0.7708384578533152,0.0312846788414557,0.0883373378732584,0.9439564669192432,2.013198715238941,1.1713279035258526,1.696276905525498,30,11,bank8FM_regression_rej.csv,0
1.4887486660402272,0.7054128842035747,0.928691959084338,6.8674880131982725,0.6666666666666666,1.118033988749895,0.2990853098333333,0.5974028475119482,11.993952666666663,1.3238106828211882,1.9687245679830871,0.535623190490296,1.3128413888888888,0.4722725499299754,0.771111,0.3702142659460869,9,39366,9,9,10.008993368238803,11.222841666666666,1.4314959089738086,1.8167352382908304,0.5160824933228083,0.0002972831697734,0.0005080927532165,1.3370644899661304,0.4894307875634853,3.537274605971451,1.6659689782812712,30,11,BNG(breast-w)_binclass_Class.csv,0
1.035180930822272,0.9776117735068574,0.3261016552819349,247.4136733504726,0.9882352941176472,2.57503637351591,0.3662894117647058,0.8530974150291466,6.682352941176471,4.642484363401321,1.4443278594272162,3.0666883071007374,1.3647058823529412,3.9304884551157664,0.0705882352941176,0.2576558841203685,85,9822,85,81,784.3928752850704,6.6117647058823525,4.556769212749677,0.9612119515543072,1.4373549445630882,0.1823630663954819,0.1077995388176602,1.3555021058304555,3.3598229456677347,2.965611896745388,16.324461667644275,30,11,coil2000_regression_CARAVAN.csv,0
2.4906052816983824,1.1189181078334858,0.8841664897438647,11.98735703105462,80229.48011904761,333039.24239267124,50027.907301,218628.6394848763,211217.1561904761,579271.8930387532,48574.13702380952,194179.8757824337,51813.67619047619,227238.793326524,94.29523809523808,333.31971210264555,21,8192,21,20,32.76714123580712,211122.86095238096,579178.819060771,41543.486376927736,151622.60927775214,0.0083859297975293,0.0129043286595295,45777.15481614941,193778.87634244835,23620542826.24892,103988313003.37358,30,11,cpu_act_binclass_binaryClass.csv,0
2.490711821713301,1.118754219119951,4.974974983530833,20.17773570018345,80229.48011904761,333039.24239267124,50027.907301,218628.6394848763,211217.1561904761,579271.8930387532,48574.15888009207,194179.87004348,51813.67619047619,227238.793326524,94.29523809523808,333.31971210264555,21,8192,21,20,9.101945237960807,211122.86095238096,579178.819060771,41543.632476675855,151622.56730673005,0.0083862688791491,0.0129041239725193,45777.15481614941,193778.87634244835,23620542843.817963,103988312999.1833,30,11,cpu_act_regression_usr.csv,0
3.0434201799979483,0.6062495322752741,0.8841664897438647,9.85497334700738,140435.30000000002,438855.3346725884,87594.689035,288827.5059327713,352392.6475,693920.0250827734,85124.97217641195,255770.51996389087,90764.38333333336,300402.01189080195,165.0,435.0615421461031,12,8192,12,11,32.922146004778845,352227.6475,693815.4417437055,72775.81176959469,198670.9545480687,0.0061572468236885,0.0078238486910818,80263.63066754815,256042.7967060936,41477287944.67753,137829036360.47488,30,11,cpu_small_binclass_binaryClass.csv,2
3.0434201799979483,0.6062495322752741,4.974974983530833,16.163052103070342,140435.30000000002,438855.3346725884,87594.689035,288827.5059327713,352392.6475,693920.0250827734,85124.97217641195,255770.51996389087,90764.38333333336,300402.01189080195,165.0,435.0615421461031,12,8192,12,11,8.887679657422279,352227.6475,693815.4417437055,72775.81176959469,198670.9545480687,0.0061572468236885,0.0078238486910818,80263.63066754815,256042.7967060936,41477287944.67753,137829036360.47488,30,11,cpu_small_regression_usr.csv,0
3.341798569303299,0.0966477593846369,0.9972877951195076,6.929466715897606,0.00532,0.0061185782662314,0.0027724619999999,0.0028718080638371,0.020762,0.0180696629741675,0.0031761663627437,0.0039170697664752,0.004598,0.0047568918423693,-0.015318,0.0186457668117994,5,7129,5,5,22.219858972049785,0.03608,0.0350322280193538,0.0045207260978257,0.0046110413698061,0.011342395801734,0.0087240995531065,0.0035786309885487,0.0039516463807225,3.744632646281396e-05,5.984269874304481e-05,30,11,delta_ailerons_binclass_binaryClass.csv,2
2.601712114348362,1.046207313064604,0.9999776283308132,13.66142227488704,2.33555,4.0809642996478175,2.84328086,5.937181006111537,17.597866666666665,35.95626138778428,-1.6971453959581098,3.679907849303018,-2.1174,4.00973138252427,-17.615433333333332,35.954255220859004,6,9517,6,6,34.543883007794435,35.2133,71.9105051500822,3.5835713299897134,7.031507284239561,0.0523349286289888,0.0634290300286557,-1.786598640051363,3.637892054367122,54.04372905071924,125.61424051215803,30,11,delta_elevators_binclass_binaryClass.csv,0
2.6024705891276936,1.0446937261907736,2.9682419705521728,28.057179627748685,2.33555,4.0809642996478175,2.84328086,5.937181006111537,17.597866666666665,35.95626138778428,-1.6971446954572516,3.67990823695457,-2.1174,4.00973138252427,-17.615433333333332,35.954255220859004,6,9517,6,6,23.59974136862748,35.2133,71.9105051500822,3.583577192103091,7.0315037042163,0.0523349286289888,0.0634290300286557,-1.786598640051363,3.637892054367122,54.043729110434434,125.61424048132812,30,11,delta_elevators_regression_Se.csv,0
2.0701365488311887,1.629045104482838,0.9835093906057096,29.72434366407144,0.0645685384615384,0.1529217025177784,0.0345813598846153,0.0878031073685781,0.8758282307692309,0.2996108963100178,0.2070608741087435,0.1691023791154484,0.1573362307692307,0.2065751520275183,0.0,0.0,13,45312,13,12,61.5651882907968,0.8758282307692309,0.2996108963100178,0.2151814495604368,0.1179337259174539,0.2325708455457751,0.2577481063481034,0.1543426049614648,0.1998042169962078,0.0591415458122598,0.0413713867038689,30,11,electricity_binclass_class.csv,0
2.5702040135042625,1.3220091938019976,4.135743621859048,52.00649328787196,10.220461111111112,37.28362895232009,8.363058316666665,31.31963378229684,59.84352222222222,221.5932643472603,-0.7338546421805866,3.441595274107978,1.9569888888888889,12.84789752948336,-57.256605555555566,203.65704397664828,18,16599,18,18,31.3200154550892,117.10012777777776,425.201923288986,12.498594284761184,45.65992700779314,0.0720982152070883,0.1307565740195728,-0.1839260320806702,4.671818370162858,2125.219963765563,8919.492247815804,30,11,elevators_regression_Goal.csv,0
4.0339020476752605,0.0448025655249026,13.83694419621366,5.15968006329584,0.5173000000000001,0.0238189933549771,0.27294666,0.0354203865777323,1.0,0.0,0.3159202757064364,0.0076774202509685,0.2173,0.0021628170930011,0.0,0.0,10,40768,10,0,0.5042081313281402,1.0,0.0,0.3014481122831683,0.0065468943279024,0.000974495860065,1.1428494363856452e-19,0.2483357656773771,0.0061241638962712,0.0909095400418923,0.0039258535655115,30,11,fried_regression_Y.csv,0
2.7959057916009766,0.0,9.965784284662083,3.566902633607103,2.1468266355,0.0433055889344587,1.7078988011547,0.0388640956944345,1.69590381,0.0549271387637083,-0.515528332948017,0.0147923484360061,-0.5650285134999999,0.0398573885879539,-1.7539805800000003,0.0250884238877349,10,1000,10,0,0.000696327205022,3.44988439,0.0682395067108237,1.1041408820791017,0.0090868265955951,0.0004290004290004,5.714247181928225e-20,-0.6430288121383616,0.0195733206160516,1.219201400854237,0.020004635829188,30,11,fri_c0_1000_10_regression_oz11.csv,0
2.7959063114981144,2.59948568812618e-06,9.965784284662083,3.5669019698818034,2.0990652887,0.0656129565048413,1.66104195032916,0.0758348366103911,1.724646656,0.0296953343544778,-0.5155251882235737,0.0230759458334033,-0.5916233128,0.0409391295931927,-1.7234209239999998,0.0395104462814296,25,1000,25,0,0.0006963270754502,3.44806758,0.0438086175122163,1.0934156746398338,0.0151722060950936,0.0004290004290004,0.0,-0.6555330316479561,0.0242287447353147,1.1957788255523634,0.0332019239860958,30,11,fri_c0_1000_25_regression_oz26.csv,0
2.7950914471056048,0.0057620369758784,9.965784284662083,3.5679425676424827,2.09050358395,0.1112364472644546,1.656448787121996,0.143364330141132,1.7246361859999997,0.0440239963862845,-0.5157064945809879,0.0378544925109478,-0.5845179252,0.0409887150708187,-1.733771654,0.0358150359268978,50,1000,50,0,0.0006965302199159,3.45840784,0.0492326731388654,1.0900907416723042,0.0342454716061603,0.000429041344635,2.8931722697008925e-07,-0.6539985755403134,0.0378013916906142,1.189447122358692,0.0686037559312932,30,11,fri_c0_1000_50_regression_oz51.csv,0
2.7959057916009766,0.0,0.9999740313334506,19.17009658328859,2.0622972500000003,0.0530183346880469,1.6426474113,0.1060823963407437,1.7335097999999998,0.0206175980948315,-0.5133341835999999,0.0137080521881724,-0.5762354999999999,0.0638377834994683,-1.7037964,0.0264951008829934,5,1000,5,0,52.59917596189454,3.4373062000000005,0.0286805826684186,1.0852553211404408,0.0120068864589223,0.0004290004290004,6.06087439757635e-20,-0.6575346883333333,0.0235527259114496,1.1778944443215915,0.0260517826821775,30,11,fri_c0_1000_5_binclass_binaryClass.csv,0
2.7959057916009766,0.0,9.965784284662083,3.566902633607103,2.0622971495,0.0530182647327257,1.6426475966249998,0.1060825773551138,1.7335097000000002,0.0206175503164173,-0.5133341652099039,0.0137080122028826,-0.5762354789999999,0.0638375701750241,-1.7037963399999998,0.0264951862841724,5,1000,5,0,0.000696327205022,3.43730604,0.0286808072569095,1.0852552925155423,0.0120069070632464,0.0004290004290004,6.06087439757635e-20,-0.6575346724865067,0.0235526995855334,1.1778943825867754,0.0260518254552708,30,11,fri_c0_1000_5_regression_oz6.csv,0
2.7959057916009766,0.0,9.965784284662083,3.566902633607103,2.15666104225,0.1194564870020034,1.6702623604128,0.0671509934118294,1.7978300400000002,0.2471861197615549,-0.532362983675943,0.0322562425389932,-0.570830638,0.0623135969933215,-1.78460829,0.1275085952480455,10,1000,10,0,0.000696327205022,3.58243833,0.3676511938888939,1.1113393148570403,0.0411926545536874,0.0004290004290004,5.714247181928225e-20,-0.6592944013515717,0.0154335832887718,1.236602224057178,0.0953100126370677,30,11,fri_c1_1000_10_regression_oz11.csv,1
2.795908391086664,5.306177941313957e-06,9.965784284662083,3.566899314983075,2.1207910595,0.1118394640604539,1.6709496146019598,0.0745836702260688,1.7554125040000002,0.1333595786417792,-0.5174879989468936,0.0315213363700396,-0.5744101068,0.0464763294627299,-1.7418094520000005,0.106241848760172,25,1000,25,0,0.0006963265571633,3.497221956,0.233012654816822,1.100518284334623,0.0379138108507324,0.0004290004290004,0.0,-0.6527131011228228,0.0231980589867555,1.2125204529259186,0.0876886299910443,30,11,fri_c1_1000_25_regression_oz26.csv,0
2.795906831395252,3.56191297357594e-06,9.965784284662083,3.5669013061567507,2.10838243245,0.0803410630654984,1.6789365461118595,0.0791604800530414,1.7346773140000002,0.0867356974992325,-0.5170371843103131,0.024894779884508,-0.5770542213000001,0.0403745949016791,-1.73637513,0.0696536154741278,50,1000,50,0,0.0006963269458783,3.471052444,0.142564809937901,1.097624769844594,0.0239302714386199,0.0004290004290004,5.476047916726336e-20,-0.6541166588911886,0.0223752366571368,1.2053413401097013,0.0537644571613565,30,11,fri_c1_1000_50_regression_oz51.csv,0
2.7959057916009766,0.0,0.9946583178227808,11.75452927938638,2.12236235,0.1524459917228474,1.6501056306,0.0355887411136226,1.8183468,0.1805762839223356,-0.5419446862,0.0444380595013567,-0.5687817,0.0409825068452992,-1.7884628,0.1651498363886564,5,1000,5,0,32.04105128454287,3.6068096,0.3432904490701714,1.108901606768995,0.0470018729026476,0.0004290004290004,6.06087439757635e-20,-0.672133586,0.0133454247775655,1.2314301143399444,0.1070842078913403,30,11,fri_c1_1000_5_binclass_binaryClass.csv,0
2.7959057916009766,0.0,9.965784284662083,3.566902633607103,2.122362344,0.1524461929886436,1.6501056231870002,0.0355884822435236,1.81834684,0.1805760939105395,-0.5419447037716807,0.0444381370992669,-0.5687816600000001,0.0409825953676728,-1.78846286,0.1651500467896785,5,1000,5,0,0.000696327205022,3.6068097,0.3432904805060359,1.1089016170873325,0.0470019422005506,0.0004290004290004,6.06087439757635e-20,-0.6721335863628013,0.0133454543199623,1.2314301424353993,0.1070843709429032,30,11,fri_c1_1000_5_regression_oz6.csv,4
2.79590709134382,4.110147759744423e-06,9.965784284662083,3.566900974294317,2.14318776475,0.1419643755045906,1.6264418438457,0.116524504525391,1.96311239,0.5894488424423812,-0.554829057409607,0.0603637161423724,-0.5699686005,0.0437064782155941,-1.81300857,0.1721078962762865,10,1000,10,1,0.0006963268810925,3.77612096,0.7413811638612987,1.1115771468629732,0.047933947246673,0.0004290004290004,5.714247181928225e-20,-0.6792574790560116,0.0346858084246771,1.2376716503968097,0.108469634878865,30,11,fri_c2_1000_10_regression_oz11.csv,1
2.795907871189527,4.8631924133952304e-06,9.965784284662083,3.5668999787073865,2.12814955932,0.1126923898397798,1.6482438512022002,0.1191942282196478,1.802387956,0.2614740764687917,-0.5293835788781056,0.0422674259137453,-0.5908735556,0.0431885757197751,-1.7614803160000003,0.1224404238307713,25,1000,25,0,0.0006963266867349,3.563868272,0.369840121331507,1.1040214326486415,0.0371517986626241,0.0004290004290004,0.0,-0.662619520556176,0.0283178492439505,1.2201883696456723,0.0841240056900466,30,11,fri_c2_1000_25_regression_oz26.csv,2
2.795906051549545,1.8381139576714004e-06,9.965784284662083,3.5669023017444226,2.106526057435,0.0994950567796263,1.6473960415147195,0.092531655229487,1.769284424,0.247636000197438,-0.5251921073978051,0.0379265017343398,-0.5954054252000001,0.0367351531558414,-1.742303998,0.1067888691612594,50,1000,50,1,0.0006963271402363,3.5115884220000004,0.3263658807519894,1.0970645735342388,0.0332145116660471,0.0004290004290004,5.476047916726336e-20,-0.6624450713560086,0.0262637033058442,1.2046318182133713,0.0773048004167501,30,11,fri_c2_1000_50_regression_oz51.csv,1
2.7959083910866647,5.812626705187956e-06,9.965784284662083,3.5668993149830754,2.209040506,0.2280808694340593,1.573701744741,0.1557378895654364,2.1165855,0.6173297345482882,-0.591285764504578,0.0790747067673369,-0.55735022,0.0729732866460294,-1.9146627000000005,0.2482068715722531,5,1000,5,0,0.0006963265571635,4.031248199999999,0.8130834106409164,1.1346732965135753,0.0761886024663378,0.0004290004290004,6.06087439757635e-20,-0.6963288028542968,0.0344617561044981,1.2921272523376026,0.1780993081625476,30,11,fri_c2_1000_5_regression_oz6.csv,2
2.7959070913438206,4.110147759744423e-06,0.9895875212220556,21.54399757556121,2.098718025,0.2819201296813477,1.59265651146,0.1848854265445647,2.1955136000000004,0.925497442072004,-0.5623156888,0.0825465585603346,-0.5878192,0.0410237047044483,-1.8134136,0.2453972642087836,10,1000,10,2,59.8688107980794,4.0089272000000005,0.9587805889984308,1.099099605352022,0.0987553527528333,0.0004290004290004,5.714247181928225e-20,-0.6832069089999999,0.0459941964300308,1.2167973002125738,0.2304310116913279,30,11,fri_c3_1000_10_binclass_binaryClass.csv,2
2.7959070913438206,4.110147759744423e-06,9.965784284662083,3.566900974294317,2.098717778925,0.2819200472381101,1.5926564462256,0.1848855829120479,2.19551362,0.925497590587031,-0.5623156322226939,0.0825465620096346,-0.587819195,0.0410235848745893,-1.8134134200000005,0.24539730349649,10,1000,10,2,0.0006963268810926,4.0089270400000006,0.9587806912636314,1.0990995346646546,0.0987553744241733,0.0004290004290004,5.714247181928225e-20,-0.6832068681844901,0.0459941998752899,1.216797148679953,0.2304310384476648,30,11,fri_c3_1000_10_regression_oz11.csv,4
2.772176357759165,0.0827073093953507,0.990604955873816,45.71445702894809,2.03724366,0.3966537070868939,1.579595487456,0.332727315366837,1.8588916,0.4041417298086774,-0.5045337047999999,0.1366317694630458,-0.55557118,0.1055725647301695,-1.7845089200000002,0.1679554488902042,25,1000,25,3,126.93044919875196,3.64340052,0.4850657062231466,1.0825643554630069,0.1109369992297807,0.0004291640915389,5.664513115143891e-07,-0.6269833521333333,0.1428837241474534,1.1837603208052192,0.2311605263143581,30,11,fri_c3_1000_25_binclass_binaryClass.csv,0
2.795907351292389,4.310759337706677e-06,9.965784284662083,3.5669006424319454,2.134494551324,0.176467688326431,1.6636424511890402,0.1578185315634584,1.858891592,0.4041418401585728,-0.5369147559972587,0.0604542066341864,-0.5745185112,0.0444295048505076,-1.784508796,0.1679554543813713,25,1000,25,2,0.0006963268163066,3.643400388,0.4850658732094558,1.1074918995150211,0.0628351147373765,0.0004290004290004,0.0,-0.6642107275594311,0.0388483917184592,1.2303286290696862,0.152980599443234,30,11,fri_c3_1000_25_regression_oz26.csv,0
2.7928315101384533,0.0217497068704996,0.9912540071703688,68.95153424869032,2.077576825,0.1644018411455264,1.6168400303160002,0.1817941389989577,1.80363962,0.3649127242695604,-0.524130531,0.0491652062945041,-0.5899513600000001,0.0505135154665177,-1.7449672200000002,0.1038323830193703,50,1000,50,1,193.26909362196977,3.54860684,0.4112370376537838,1.088518462690792,0.0506694683304019,0.000429041344635,2.893172269700893e-07,-0.6599836908666668,0.0384105131519318,1.1873884907391925,0.1095813254777944,30,11,fri_c3_1000_50_binclass_binaryClass.csv,0
2.795907351292389,4.266545252634245e-06,9.965784284662083,3.566900642431946,2.09400630793,0.1152863766022965,1.6340784840778015,0.1253421404001043,1.803639564,0.3649126528862633,-0.5290593623262061,0.0362080422951767,-0.5899512790000001,0.0505135502227706,-1.7449671799999995,0.103832358176689,50,1000,50,1,0.000696326816307,3.548606744,0.4112369454014227,1.0931320797853876,0.037917429397056,0.0004290004290004,5.476047916726336e-20,-0.6645519761875437,0.02321930429779,1.196346720678966,0.0877103475985176,30,11,fri_c3_1000_50_regression_oz51.csv,0
2.7959057916009766,0.0,0.9885173903891564,11.508118308490586,2.0615162,0.4543997513640385,1.4932517396999998,0.2678707148348366,2.4918698,0.9644821240451792,-0.5696734788000001,0.0635846156593289,-0.5867671,0.0862494803994493,-1.8204008000000005,0.3057087185290926,5,1000,5,1,31.54936629538836,4.3122706,0.851712702307122,1.090728025620615,0.140895383208799,0.0004290004290004,6.06087439757635e-20,-0.6827052886666667,0.0384913544533102,1.2055688330818888,0.2981666961982137,30,11,fri_c3_1000_5_binclass_binaryClass.csv,0
2.7959057916009766,0.0,9.965784284662083,3.566902633607103,2.06151614305,0.4543998922592198,1.4932517011524,0.2678710530562825,2.4918697800000005,0.964482256975797,-0.569673473220694,0.0635846562455762,-0.586767001,0.0862494395971566,-1.82040078,0.3057088268771643,5,1000,5,1,0.000696327205022,4.31227056,0.8517127450061954,1.090728005898334,0.1408954062743303,0.0004290004290004,6.06087439757635e-20,-0.6827052767011568,0.0384913726539605,1.2055687952583227,0.2981667316731514,30,11,fri_c3_1000_5_regression_oz6.csv,0
2.7720974292463167,0.0749138082859074,0.9881489563064276,99.6590118121668,1.9873943625000003,0.356916977858968,1.54756427028,0.3177285263041161,1.7819198199999997,0.2780992752050667,-0.46046110673,0.1926942213123239,-0.517716045,0.2551204557453451,-1.73090791,0.0732205098336862,100,1000,100,9,278.57777891946233,3.51282773,0.3151799202056269,1.0649169028041696,0.0907408057471271,0.0004292459814265,7.2899213398631e-07,-0.5809675170166666,0.2492333317882305,1.1421995647673864,0.1729368510674572,30,11,fri_c4_1000_100_binclass_binaryClass.csv,0
2.792444498752293,0.034622118748069,9.965784284662083,3.5713235646612844,2.0813349370200003,0.1665350421204828,1.6302644941322668,0.1514464068918818,1.781919808,0.2780992815375577,-0.5143770540768262,0.0710845663323535,-0.5830181240000001,0.1045311660298688,-1.730907898,0.073220544907713,100,1000,100,3,0.0006962379018606,3.5128277060000004,0.3151798910049617,1.089150995018167,0.0403041579070304,0.0004290208868177,2.0457817310463762e-07,-0.6500501247525438,0.0890877362058854,1.1878580708422124,0.0806759077448392,30,11,fri_c4_1000_100_regression_oz101.csv,0
2.79590709134382,4.110147759744423e-06,0.9895875212220556,20.25547383702804,1.99644745,0.3177947707117712,1.4755333353599998,0.1903834189224598,2.3353275,1.000719882688374,-0.5609098361999999,0.0648499267865371,-0.61807665,0.0755828138809971,-1.7512415,0.2266072246388009,10,1000,10,2,56.22831151866157,4.086569,0.9451513777522036,1.0678443224798333,0.0929178377548564,0.0004290004290004,5.714247181928225e-20,-0.6926035248333333,0.0325640089877854,1.148061849168148,0.1967117300892356,30,11,fri_c4_1000_10_binclass_binaryClass.csv,0
2.79590709134382,4.110147759744423e-06,9.965784284662083,3.566900974294317,1.996447239875,0.3177948502075186,1.4755332790212,0.1903834206285903,2.3353274500000003,1.0007199929741033,-0.5609097846093898,0.064849973544342,-0.6180766044999999,0.0755826139417679,-1.75124134,0.2266073754732238,10,1000,10,2,0.0006963268810925,4.08656879,0.9451514464177714,1.0678442580418914,0.0929178749463517,0.0004290004290004,5.714247181928225e-20,-0.6926034830706496,0.0325640348845135,1.148061717769129,0.1967117986470856,30,11,fri_c4_1000_10_regression_oz11.csv,0
2.795906831395252,3.598824974717156e-06,0.9936167534536142,46.244111482534784,2.09131627,0.1619512319266416,1.6282591044719998,0.1529007124521411,1.91201212,0.4763792520697419,-0.53772382964,0.0458137831145665,-0.57279344,0.0468866544214875,-1.7644054799999995,0.1222970776937317,25,1000,25,2,129.12484618080518,3.6764176,0.5204220400751682,1.0932198349489295,0.0533363202643017,0.0004290004290004,0.0,-0.6675283510666666,0.0326278177507433,1.197860580062727,0.1150856723987989,30,11,fri_c4_1000_25_binclass_binaryClass.csv,3
2.795906831395252,3.598824974717156e-06,9.965784284662083,3.5669013061567507,2.09131622433,0.16195121708279,1.6282589185539598,0.152900690340964,1.912012048,0.4763792067905078,-0.5377238014538129,0.0458137917461262,-0.5727934224,0.0468866915784899,-1.7644053839999998,0.1222970978601382,25,1000,25,2,0.0006963269458783,3.676417432,0.5204220298942611,1.0932197890041744,0.0533363215686661,0.0004290004290004,0.0,-0.6675283262554214,0.0326278245196353,1.1978604797408683,0.1150856721350206,30,11,fri_c4_1000_25_regression_oz26.csv,0
2.790368798439723,0.0391599567847086,0.9895875212220556,77.63697317252519,2.0806718950000005,0.2193299983539218,1.641971879436,0.1746062950463475,1.82012106,0.3445701706498248,-0.5200783788600001,0.076800224000459,-0.56200142,0.072049684436375,-1.75661032,0.1037708179836583,50,1000,50,3,217.9152378138212,3.57673138,0.4087934389519465,1.0917248495092142,0.0599196408371138,0.000429041344635,2.8931722697008925e-07,-0.6498665526,0.08664994993697,1.195381703126804,0.1238743289992666,30,11,fri_c4_1000_50_binclass_binaryClass.csv,0
2.795906831395252,3.56191297357594e-06,9.965784284662083,3.5669013061567507,2.108053819648,0.1102457514763822,1.66229408475522,0.0938823350998206,1.82012107,0.3445701830415508,-0.5294333995251783,0.040268475824083,-0.5710937845,0.0461480035293348,-1.75661028,0.1037708237715875,50,1000,50,2,0.0006963269458783,3.5767313500000006,0.4087934681399174,1.098331540337635,0.0361542173833787,0.0004290004290004,5.476047916726336e-20,-0.6615301476096306,0.0308701741476579,1.207613157386354,0.0861616742361334,30,11,fri_c4_1000_50_regression_oz51.csv,0
3.7541259208123536,0.0647096227358246,11.106102993951886,7.097867745108803,197.871078125,270.528949489327,129.179864625,183.3279431602812,4622.5712625,6612.489990253005,480.09072769440405,730.0619087051075,373.110625,584.1093869328972,-10.4137625,47.31422680148835,8,20640,8,6,1.399247449705969,4632.985025,6602.2998845424645,303.405473355146,443.5963762435129,0.0029227030170491,0.0065838775674102,417.455251653343,640.957318586502,264235.40815118945,537591.871849803,30,11,houses_regression_median_house_value.csv,0
3.1736433202416032,0.9353735451323624,9.083154612142412,12.314795108498894,62.267386328125,248.7287283344784,17.189181870144377,68.55784055073346,2272.11149673125,9085.836941435888,75.20296891106616,299.76533744095605,20.986472121875,82.93759093541136,0.1510072375,0.4972145275826735,16,22784,16,15,3.302774631182147,2271.96048949375,9085.34387595966,133.1514817381377,532.3253077791576,0.0001153576026046,0.0001181928825139,34.22231344269903,135.87236221820015,283388.9108098505,1133555.5992194994,30,11,house_16H_regression_price.csv,0
3.1769989924869284,0.7952592178733139,9.083154612142412,12.533147441818269,50.2776614125,141.71336406214013,13.06221459666375,36.656507198552575,1770.9009293875,5003.124626710491,56.56407277982412,156.94727683505198,16.93157575,44.92439628678345,0.1641972375,0.3475035486107812,8,22784,8,7,3.383696908794012,1770.73673215,5002.786921358106,101.6088961810848,286.8989852069224,0.0001722317146133,0.0001629432592723,25.360519753942363,68.74760793553263,82346.51703180511,232910.9029542866,30,11,house_8L_regression_price.csv,0
3.0702805955272523,0.7115571360604794,4.70043827987653,16.011106315377646,0.7067640194489464,0.4439615052218861,0.4800975985089141,0.3316137165884775,0.9800596434359804,0.1029653002727728,0.1698737236966634,0.5028686149191797,0.1702914100486224,0.5762197473317396,-0.9180424635332252,0.1267063773101575,617,7797,617,314,9.458299015112075,1.8981021069692057,0.1539749912611303,0.4367184444615517,0.1523686947698492,0.0048552072260908,0.0406358814898136,0.1924723735799425,0.5666636536825798,0.2139015912950801,0.1387672880371087,30,11,isolet_multiclass_class.csv,0
3.486586321905994,0.0899665595992103,3.132069248447984,12.821474549036909,2.184007785714285,4.988103103638683,1.27128714,2.851895391500564,8.713775857142855,23.803119668038374,1.1497971674960918,3.422942820016954,0.7302137857142857,2.3784543670843235,-0.4820721428571428,0.7088836914497064,14,9961,14,11,13.272729701455168,9.195848,23.26944025623766,1.4591055528027257,3.4502175998130644,0.0035918105682555,0.0104554984013482,0.8195218053610267,2.6091839634928413,13.182704679846726,42.07513311741032,30,11,JapaneseVowels_multiclass_speaker.csv,2
3.4498097900980325,0.0555039539990024,0.9997770990046064,55.69949916438774,1.005904625,0.2815744480131193,0.6240938909625,0.1196745132728052,1.570138,0.0003359855439066,-0.1855810851898193,0.0988558727958888,-0.4326541875,0.1801018590145463,-1.5697489999999998,0.0009237263045482,8,8192,8,3,191.1955180931552,3.139887,0.0010840365043933,0.7546784208467416,0.0579320577708934,5.249806775198922e-05,5.1337610325897966e-08,-0.294154496262205,0.1503691589823834,0.5724761267946057,0.0892222301493969,30,11,kin8nm_binclass_binaryClass.csv,0
3.5423021590358434,0.0104485946760314,12.999755859374998,3.7029627491348,1.75719977125,0.4386408092049136,1.4143303999676249,0.3656847132444131,1.5701379125,0.0003359179637841,-0.4158542054250894,0.151082961379402,-0.47690081375,0.1419290727737583,-1.5697489,0.000923909131277,8,8192,8,1,0.0090199449114996,3.1398868125,0.001084251060064,0.9547395816304228,0.1107164958229339,5.233820472723488e-05,1.0756435907690371e-08,-0.5290659257231148,0.1870653575114492,0.9222535433732306,0.1854730699259033,30,11,kin8nm_regression_y.csv,0
2.4623127784966923,0.2476438900163588,4.699810726573159,14.976522756816026,1.625,1.02469507659596,0.8339624999999999,0.759606460280585,14.625,0.7187952884282609,5.51124375,2.1180886471750107,5.4375,2.52899848424892,0.0,0.0,16,20000,16,15,6.846461380465674,14.625,0.7187952884282609,1.90699324126606,0.426689487470371,0.0640901092673681,0.0031760018119504,5.448557291666666,2.2949953610295144,3.807308146032301,1.839738365632422,30,11,letter_multiclass_class.csv,2
2.169005102988961,0.8168251090662859,0.1593164203699976,13.949588078295012,0.7636631875000001,0.6640567476092508,0.125827399621,0.2485451643138831,4.136642133333333,1.257706566248879,-0.286562848998924,0.0211847228337896,-0.5866944383333333,0.2517087554717223,-0.6715638566666667,0.2264665607959779,6,11183,6,5,188.91593996492887,4.808205989999999,1.1986525185855044,0.5877808210218629,0.2361488525187776,0.0030852394988137,0.005037265301779,-0.4651131150095848,0.0929442463173387,0.3919581940160814,0.3065522786824031,30,11,mammography_binclass_class.csv,0
3.1744877346084426,1.1804785612050277,2.331572915249456,5.454304535959488,14637.94477658446,88409.77652577462,8376.12367088223,50590.87253452253,39282.45570717568,236976.3769847591,8232.263648603413,49660.59199526569,5694.675681371621,34367.32895056215,36.69567236486487,261.6433372449048,74,45164,74,57,6.4261554236531735,39245.76003481082,236730.8047332528,8468.361799306776,51073.58917299978,0.0150852293617313,0.029712841193514,6401.1418141100585,38632.969287362175,2644974507.022097,15978125476.721102,30,11,meta_stream_intervals.arff_multiclass_class.csv,2
2.8183621966146166,0.1348938220475572,3.321928094887362,8.188086164688167,46.3287037037037,51.08453604984663,26.377925,26.281976535822253,469.31944444444446,476.0925401462889,311.0577268518519,344.0304957905344,306.5763888888889,345.52347538853803,188.91203703703704,238.52852521828052,216,2000,216,195,5.946866954976271,280.4074074074074,261.8034070536041,43.82826983139847,41.61963522378079,0.0192433304246414,0.0191346053310255,308.7321219135803,344.81757106321106,3645.0918557403697,4727.392747180958,30,11,mfeat-factors_multiclass_class.csv,0
2.939532314794323,0.082361788166353,3.321928094887362,17.66016017780704,0.0759396740131578,0.0458140152292127,0.0446629774668552,0.0248339349818754,0.3575402913157894,0.1459414842801937,0.1060091620625658,0.0582227964822709,0.090478565,0.0540007488746847,0.0031921567105263,0.0024792266322928,76,2000,76,72,14.627253222911156,0.3543481346052631,0.1442807464436753,0.0595809517433852,0.0292351912119807,0.0002160499050745,8.040764696852562e-07,0.0959690272133771,0.0562519320327226,0.004393340210517,0.0047993506292396,30,11,mfeat-fourier_multiclass_class.csv,1
2.921270874902012,0.0867317112384846,3.321928094887362,21.85129455070302,2.1669580075,1.6668609538210155,1.4313315060958591,0.9905961086876344,6.052053950468751,3.475960423230937,-0.3272471120463281,0.6509614191964497,-0.5595676859375001,0.9104923859952344,-5.8300025128125,3.0454921254540257,64,2000,64,57,18.21581338503903,11.882056463281248,6.336646904694836,1.7109230806439768,1.106020000766878,0.0002160242849328,6.452109400115496e-07,-0.4831738486292969,0.8043580101053764,4.131424276193885,6.765067456031568,30,11,mfeat-karhunen_multiclass_class.csv,0
1.997754247608176,1.0701336662239986,3.321928094887362,4.787733207099757,403.2052184454166,972.4702820723932,245.2238517569681,597.1292865152674,2766.997188295,6657.919644020652,837.6645095613031,1978.6384411566885,657.8166330933333,1544.2154189352837,256.69782190666666,580.8272604590048,6,2000,6,6,1.8792659195781207,2510.299366388333,6078.044616490139,492.3762048814438,1193.6147924271131,0.1249455892873698,0.1464050832356917,714.3271590996891,1680.3634189453326,1429697.8877174708,3501761.028816892,30,11,mfeat-morphological_multiclass_class.csv,0
2.908107662659008,0.0823185864782135,3.321928094887362,13.744737607650054,47.987084784095735,49.0333712144635,27.42056781063153,31.22960143705308,214.2143686780851,202.3910816907316,71.76498945600318,94.57083210106452,59.57470689521276,89.60988624437854,13.18194692914894,50.69762108050212,47,2000,47,45,11.03252316615838,201.03242174893617,179.99301387580465,35.74323155374724,32.84127815622534,0.000216114045864,8.529109332639687e-07,64.4159250678399,91.02524828825838,2333.1802900535145,3033.9211473276414,30,11,mfeat-zernike_multiclass_class.csv,0
0.6037919641676581,0.7274572911156425,3.319837025403414,94.5456992385282,7.637436224489796,25.608498268830385,0.0,0.0,216.39030612244892,84.56791663535351,13.117322704081632,17.54004911096847,0.0,0.0,0.0,0.0,784,70000,784,692,16.19540236765048,216.39030612244892,84.56791663535351,34.36906599705648,32.104948483902284,0.1243178685559329,0.2917469282530062,1.5328692602040814,5.166196323132617,2210.645710943184,2827.3617975412217,30,11,mnist_784_multiclass_class.csv,2
2.7000807754851284,0.9331048720755976,9.072489733617438,9.954128716389478,0.1070697970297029,0.1028308261013052,0.0625634043549504,0.0645339774225489,0.8059788811881189,0.2587834602221383,0.2233327757837356,0.2178055988799834,0.2066634331683168,0.2272763382003622,0.0,0.0,202,4450,202,194,1.9624670154474944,0.8059788811881189,0.2587834602221383,0.0932046433840584,0.052498488785813,0.0208807449320163,0.0609456128005333,0.20921683739756,0.2251715353946039,0.0114295528566842,0.0133443467937908,30,11,mtp_regression_oz203.csv,0
1.4406792473829273,1.0973834717880795,3.3218327248667654,26.42951982554086,4.0,4.47568386190826,0.671803125,1.1792855127682185,12.75,5.167050676973538,3.4249443950177936,4.134184967604558,2.484375,5.252337914817417,0.0,0.0,64,5620,64,43,10.46248588796101,12.75,5.167050676973538,3.1140770792543946,2.4231548767066124,0.131005401282913,0.1879239829841214,2.941851089857651,4.711893052828546,15.477410618974195,15.270249057666788,30,11,optdigits_multiclass_class.csv,0
3.172091496573795,0.2611192025308474,0.6354628258660036,6.277472556147556,54.795100000000005,75.71063630318619,20.19731154,27.07717607053862,1621.8,2699.6167135354603,70.43543310798465,105.8397099443534,25.1183,34.6371612515614,2.5121,3.125169024762234,10,5473,10,10,30.33577056721475,1619.2879,2696.972387485495,109.17138565243206,167.60712010429,0.0042161410615099,0.007995169746355,36.96378441400304,54.54165658293868,37201.32348396056,75254.66304532388,30,11,page-blocks_multiclass_class.csv,1
2.866499121472631,0.4341579311501119,3.320771738890595,8.52842334713254,38.0625,19.21967308081314,12.97275,12.771030686362003,100.0,0.0,38.3361023926492,26.272211856995835,32.0,37.61028228202141,0.0,0.0,16,10992,16,9,6.36175803527805,100.0,0.0,27.35055589919168,6.972583593504733,0.0098821269487933,0.0001939505122785,34.33920178896301,32.87123081939903,793.6312723401943,386.6763968530232,30,11,pendigits_multiclass_class.csv,2
3.1694169818450963,0.0898450831467855,11.876629050506004,3.79364535769732,8.29775625,2.0309244474884465,4.933351499999999,1.5857432761057058,21.2996,6.664482000875987,-2.002960433991684,0.4850539778505943,-3.2243875,0.9382915301893118,-23.080625,6.800470922602836,4,3848,4,4,0.0123785098155805,44.380225,13.332215997693956,5.933201277543711,1.5357092732975954,0.0001141631575806,1.0479859315353552e-06,-3.010105487012987,0.7637682119481756,36.97167962891549,18.866678344834817,30,11,pollen_regression_DENSITY.csv,0
0.4767002771160566,0.7439663956551077,0.9210049486251756,91.87962103497712,0.8541666666666666,3.730207816544533,0.37065,2.5679385273016178,61.083333333333336,64.38046265468434,17.568770833333335,36.1053147019872,16.708333333333332,35.657327934955994,15.4375,34.644643594461094,48,15000,48,26,46.55570626854136,45.645833333333336,51.60096056475765,3.76634849533866,5.538575693592139,0.4714443191851732,0.4919331096901807,16.764671296296296,35.7501171166831,44.2221221037884,126.64249945286296,30,11,pol_binclass_binaryClass.csv,3
0.4763193047446252,0.7438404290129568,1.8914102162679105,114.47143844335577,0.8541666666666666,3.730207816544533,0.37065,2.5679385273016178,60.3125,63.957817298724486,17.568297222222224,36.10554205902038,16.708333333333332,35.657327934955994,15.4375,34.644643594461094,48,15000,48,26,27.827673396014447,44.875,50.83415881203956,3.763706949342003,5.53562837031076,0.4714675607262266,0.4919115648952905,16.764671296296296,35.7501171166831,44.17027184108571,126.63631690221666,30,11,pol_regression_foo.csv,0
3.4872867168514747,0.0501247035528506,0.9999559719934968,373.02347557826647,15.329029523437502,33.09983094794934,12.17851131144375,26.82985775806624,13.771214125,26.764522462938768,-3.13397751782608,8.456033056958693,-3.778006875,9.412426394266667,-12.478025625,27.343809260374915,32,8192,32,7,1299.8970873632816,26.24923975,54.093569968351744,8.157154187991502,17.175378562199814,5.247906421634982e-05,9.941908422223773e-08,-4.192761475106795,10.622132403860544,352.3142423029505,829.8150934642567,30,11,puma32H_binclass_binaryClass.csv,0
3.4872867168514747,0.0501247035528506,12.91753553771708,3.81430349586068,15.329029523437502,33.09983094794934,12.17851131144375,26.82985775806624,13.771214125,26.764522462938768,-3.13397751782608,8.456033056958693,-3.778006875,9.412426394266667,-12.478025625,27.343809260374915,32,8192,32,7,0.0297296938968499,26.24923975,54.093569968351744,8.157154187991502,17.175378562199814,5.247906421634982e-05,9.941908422223773e-08,-4.192761475106795,10.622132403860544,352.3142423029505,829.8150934642567,30,11,puma32H_regression_thetadd6.csv,4
3.4672636908664707,0.050216735953528,0.9999860693604422,51.09987534575015,1.2647148437500002,0.665933898977861,0.8393080143,0.4735884461644051,1.562737625,0.5943161149669516,-0.2664732905120849,0.1928297843434538,-0.4478164375,0.2555445263642826,-1.563219375,0.594776542241571,8,8192,8,1,176.17921061384243,3.125957,1.1890918506386052,0.8145677503760294,0.3334577670015834,5.2555266596817614e-05,1.0150266070110676e-07,-0.3873516117778682,0.2627938745150707,0.7608154420296374,0.4599512387046297,30,11,puma8NH_binclass_binaryClass.csv,0
3.4672636908664707,0.050216735953528,12.999999999999996,3.783647432935787,1.2647148437500002,0.665933898977861,0.8393080143,0.4735884461644051,1.562737625,0.5943161149669516,-0.2664732905120849,0.1928297843434538,-0.4478164375,0.2555445263642826,-1.563219375,0.594776542241571,8,8192,8,1,0.0091464125583374,3.125957,1.1890918506386052,0.8145677503760294,0.3334577670015834,5.2555266596817614e-05,1.0150266070110676e-07,-0.3873516117778682,0.2627938745150707,0.7608154420296374,0.4599512387046297,30,11,puma8NH_regression_thetadd3.csv,0
2.9162336948410217,0.1160814892913357,0.9912232530606148,329.4387575515247,43.84583333333334,31.26852894018735,34.811448,33.338509385819165,265.47,246.18597177743496,29.48944291398837,29.57488623895928,29.790000000000003,44.147121083939325,-80.35666666666667,91.51079735929162,3,2178,3,3,968.2270658420166,345.82666666666665,204.6064293548308,52.988171115827605,38.62167906874509,0.0020246664005159,0.0030370203506945,33.26761467889908,46.22114709571292,3802.1690075929887,4801.137564893438,30,11,quake_binclass_binaryClass.csv,4
2.9162336948410217,0.1160814892913357,2.5898923943940564,101.56522795591698,43.84583333333334,31.26852894018735,34.811448,33.338509385819165,265.47,246.18597177743496,29.48944291398837,29.57488623895928,29.790000000000003,44.147121083939325,-80.35666666666667,91.51079735929162,3,2178,3,3,113.36302937927734,345.82666666666665,204.6064293548308,52.988171115827605,38.62167906874509,0.0020246664005159,0.0030370203506945,33.26761467889908,46.22114709571292,3802.1690075929887,4801.137564893438,30,11,quake_regression_col_4.csv,0
2.9162336948410217,0.1160814892913357,2.5898923943940564,101.56522795591698,43.84583333333334,31.26852894018735,34.811448,33.338509385819165,265.47,246.18597177743496,29.48944291398837,29.57488623895928,29.790000000000003,44.147121083939325,-80.35666666666667,91.51079735929162,3,2178,3,3,113.36302937927734,345.82666666666665,204.6064293548308,52.988171115827605,38.62167906874509,0.0020246664005159,0.0030370203506945,33.26761467889908,46.22114709571292,3802.1690075929887,4801.137564893438,30,11,quake_regression_richter.csv,0
3.223206734633892,0.0860441731084291,2.4832958827266416,4.127221936206949,13.694444444444445,3.724969372410575,9.554533333333332,2.5665794700339983,132.55555555555554,19.79818814862244,82.16317879651211,11.699166672467818,82.47222222222223,13.978526615820652,36.69444444444444,9.437976309855667,36,6435,36,36,4.356949058162368,95.86111111111111,23.082649981289627,15.182474836622902,3.11861659009968,0.0138020367133694,0.0038738904661921,82.46700624478405,12.435075777567352,239.9631513386202,98.63926078299896,30,11,satellite_image_regression_class.csv,0
3.1752710661406365,0.0960144499316686,2.4833618760456604,5.128368373377409,0.5355598402777778,0.1140585229042084,0.3909355921333333,0.0883701712849708,2.658801472222222,0.560728422830135,0.0018721974684637,0.0608750556895221,-0.0043214444444444,0.1921855159616717,-2.504615611111112,0.269386616805054,36,6430,36,36,5.557223846258564,5.163417083333332,0.6811816654830833,0.7024369023627776,0.0405419804794637,0.0143039048000415,0.003699679698608,0.0057167594680605,0.1104117345479233,0.4950155969771781,0.0562295535886036,30,11,satimage_multiclass_class.csv,0
2.9999945424401893,0.3379017749727649,0.6780187068738636,35.38092589834519,0.284303483277592,0.2490803232507323,0.1699828766929766,0.1578254359507879,0.8312595217391304,0.2909170033059696,0.2376648921053838,0.2357939336522615,0.2194602842809364,0.2498991832678175,1.8729096989966555e-06,1.816878089535349e-05,299,2407,299,210,155.54816530196825,0.8312576488294314,0.2909160826699237,0.1731637468674399,0.1080217334077579,0.0085578058369881,0.0641693412110895,0.2191734505838377,0.2517818419612157,0.0416153523821747,0.0402025108400429,30,11,scene_binclass_Urban.csv,0
2.5566395398331614,1.0516018890893923,2.807354922057604,5.217483852841505,15.02228386842105,19.16548309733448,7.658487815557895,11.684935222051482,72.84725336842105,86.21229173143435,15.667642630937436,30.66397647379378,9.71769394736842,23.35395492744568,-4.054956842941821,14.14838061084516,19,2310,19,17,3.751527999473217,76.90221021136286,83.19043975541851,15.052338265515637,18.38685379607982,0.0894600347999641,0.2438000927646415,12.18458603856991,27.74770559159944,546.8557854348467,1018.2969680298634,30,11,segment_multiclass_class.csv,2
3.095699259007739,0.1099139367301228,0.9999532967890264,26.504660261171605,6476243.07479475,15863487.824241884,3558715.813274668,8717036.000962943,-11394730.9458045,27911306.126701348,-16839889.305400778,41249154.300607845,-16077087.886779169,39380679.35171757,-20704980.81110517,50716646.514927045,6,3107,6,5,81.05428932954665,9310249.865300668,22805340.388226543,2984711.258990292,7311017.067306743,0.0001495798993505,1.3478185901896628e-05,-16774992.732953245,41090190.33117786,53450976764918.81,130927619327407.48,30,11,space_ga_binclass_binaryClass.csv,0
0.7131885837351439,0.6851459016123956,0.9673602371807668,25.24894006778253,1.802894736842105,11.616212712172418,0.664438894736842,4.183346121477355,40.75547368421052,198.2971958349481,1.682090910824115,10.200895907052567,0.5709649122807018,3.496950130189532,0.0526315789473684,0.2252817784447915,57,4601,57,57,17.614839762522106,40.70284210526316,198.14641412005247,3.141291966164877,17.732585722417227,0.0088200539276283,0.009339023043429,0.7836384859286936,4.883854007994648,318.7957397528502,2355.55096671097,30,11,spambase_binclass_class.csv,0
2.765702845437874,1.2875537111933415,9.71919635486444,11.181344680599553,0.0635765789473684,0.0601456124653608,0.0420015062052631,0.0452282150105931,0.7385922142857143,0.3234094661337601,0.1785649604325953,0.2120105759508041,0.167630454887218,0.2182286388561573,0.0,0.0,266,8885,266,258,2.18177302627272,0.7385922142857143,0.3234094661337601,0.0614313081902173,0.040128766339038,0.0401141678395578,0.1662255774479167,0.1708338601216039,0.2165538621840657,0.0053780696872083,0.005375369926385,30,11,topo_2_1_regression_oz267.csv,0
2.6771459363675536,1.3532922269138694,5.161428470284308,7.370466666744585,12.042725,22.166560705316915,8.483548394999998,15.911611094841794,43.0925,81.95398389136837,9.22034037148478,16.562809713348845,7.917425,13.972529233791809,0.219,0.4473522102326086,4,8641,4,2,2.822936808987858,42.8735,81.5067596603701,7.736113266260701,14.149066315446548,0.1250600745714404,0.249921370402964,7.5974555207328835,13.4052884662346,209.994506667593,418.805921373168,30,11,visualizing_soil_regression_track.csv,0
3.2761092399155367,0.0697470743995987,1.5848792049207137,17.955968506812784,0.8646874999999999,0.4123463923397912,0.61194315,0.2518795436842624,4.7955,2.0076340840363853,0.68312405,1.0154995874146278,0.53975,1.061219635789225,-2.90875,0.5461951726870777,40,5000,40,40,36.11684408134095,7.704249999999999,1.6971195619909365,0.9624948587519904,0.3448969362663351,0.0017456080137919,0.0004199024590181,0.6186052500000001,1.0098468148575797,1.0423764023537707,0.7533739177902468,30,11,waveform-5000_multiclass_class.csv,0
3.31825138174313,0.1013464971590535,9.220620127247296,9.070607773087724,4.774821428571428,3.0822810085485943,3.003324,1.4183300627838036,32.07142857142858,14.697176001449476,12.45629644921552,16.324968172635398,10.97785714285714,16.25652776748298,4.691428571428572,16.214061730553446,14,6574,14,11,2.264265999567197,27.38,7.108933707774918,4.282479437050784,1.473151010065369,0.0136392506046636,0.0255048734460057,11.708356925638984,16.39014929231454,20.354791605901084,18.26432997312206,30,11,wind_regression_MAL.csv,0
3.272001265173078,0.0360190444704084,1.8376039948582683,40.56026055008448,6.532527272727271,14.053636441084628,4.215465797454545,9.510509528739652,57.46975454545454,132.42420622092746,13.95140270542115,31.42023910800514,13.670418181818183,32.66870825367352,2.1314645454545453,2.725201184468272,11,6497,11,11,71.22079632334606,55.33829,131.21724504058565,6.327525184137454,14.372880531037904,0.0074892176917772,0.0035414246695753,13.641433018100992,32.07312999153681,227.8372974645196,664.5125098545703,30,11,wine_quality_regression_quality.csv,0
2.722923991133222,0.7932285661667594,0.1066848655670195,35.33326808849876,0.0849539655172413,0.0986189618624815,0.0510572675586206,0.0326024507550138,0.4132985948275862,0.2197158649570524,0.0042443833014709,0.1078904211402991,-0.0136614310344827,0.1364998931737899,-0.2622103017241379,0.1163514778311795,116,2417,116,112,900.813043977415,0.6755088965517241,0.1403553958904744,0.0996598013529335,0.0828607017619193,0.0561707166273589,0.1582874696048342,-0.0112028877765631,0.1245812853462119,0.0167387831444556,0.0365269769591497,30,11,yeast_ml8_binclass_class14.csv,0
1.914579296145323,1.2416375871988168,2.490417636232728,19.666874334874368,0.04125,0.0322656385117578,0.0259455,0.025983293902044,0.90375,0.1030863022631315,0.3692082210242587,0.1888506593530176,0.35875,0.1977326839086403,0.11875,0.1733236032067514,8,1484,8,8,14.119468266535987,0.785,0.1244416099450432,0.0773545291249411,0.0281201414318806,0.1161604104188468,0.1905492682561792,0.3614658071748878,0.1954923347104082,0.0066756227360217,0.0043146675556654,30,11,yeast_multiclass_class_protein_localization.csv,2
0.3625663148653729,0.7023661660783668,9.71919635486444,90.28415673449112,0.0070721474103585,0.0386453648093297,0.0032169348478087,0.0222656800966542,0.7513815537848605,0.3855191684535545,0.0280634456272826,0.1198433715875479,0.0206397091633466,0.1204469021289924,0.0,0.0,251,8885,251,208,2.3679733182434246,0.7513815537848605,0.3855191684535545,0.0377531586085684,0.0313936067262593,0.3643855181883291,0.3097052659366955,0.0214517085019516,0.1206016499958641,0.0024069330001458,0.0055011266941994,30,11,yprop_4_1_regression_oz252.csv,0
0.816160639869534,0.0070362868993807,0.9999977500599352,82.85628228320664,0.0,0.0,0.0,0.0,1.0,0.0,0.0509811616954474,0.1598693104635005,0.1,0.3162277660168379,-1.0,0.0,10,40768,10,10,66.62418851584376,2.0,0.0,0.4538673478121217,0.1436255513301823,0.3499840557313513,0.0527059204952308,0.0843185348704112,0.2666386191588299,0.2245610385054184,0.1825381944875946,50,12,2dplanes_binclass_binaryClass.csv,0
0.816160639869534,0.0070362868993807,15.29547077834474,19.49727745564244,0.0,0.0,0.0,0.0,1.0,0.0,0.0509811616954474,0.1598693104635005,0.1,0.3162277660168379,-1.0,0.0,10,40768,10,10,0.0403674835847748,2.0,0.0,0.4538673478121217,0.1436255513301823,0.3499840557313513,0.0527059204952308,0.0843185348704112,0.2666386191588299,0.2245610385054184,0.1825381944875946,50,12,2dplanes_regression_y.csv,0
2.015105690774396,0.7882044276175225,0.9999906975135884,9.054875177328714,0.0790555555555555,0.1109615486453653,0.0,0.0,0.9817222222222222,0.6311699014088398,0.24870078206049,0.1642641840051107,0.1789444444444444,0.2031167220535467,0.015,0.0287934454346818,9,4177,9,9,17.246700238767946,0.9667222222222224,0.6373161554083221,0.1806498195352779,0.1424147364296059,0.1156864372466119,0.217914701889498,0.1923549616628994,0.1992220463449922,0.050662763655741,0.0630257486621339,50,12,abalone_binclass_binaryClass.csv,0
1.5127755897924466,1.0741752341244704,0.9832048570341376,28.581040283192728,0.3619,1.2081236946349747,0.0,0.0,18.750275,98.24782359486426,-0.6877699563636364,3.016158675394405,-0.655725,3.4553201268256104,-21.9231,116.8004314680299,40,13750,40,39,42.97527103528879,40.67337500000001,214.96443766087395,3.541365457818644,18.83817478612156,0.1018672500860681,0.178420196515598,-0.6695406181818182,3.311150370699802,358.54617784648525,2233.956071848236,50,12,ailerons_binclass_binaryClass.csv,0
1.5134536583319131,1.0733821875528908,3.828958233704801,57.66673456542596,0.3619,1.2081236946349747,0.0,0.0,18.750300000000003,98.24781869887585,-0.6877699236363636,3.016158683048742,-0.655725,3.4553201268256104,-21.9229,116.80046996256874,40,13750,40,40,21.79364909855738,40.6732,214.96447161419312,3.541364200899732,18.838175028463382,0.1001334410071794,0.1462533031503428,-0.6695406181818182,3.311150370699802,358.54617784636025,2233.9560718482567,50,12,Ailerons_regression_goal.csv,1
0.5866399474786321,0.8059749149176831,0.794432350758128,20.40577796427313,1.5714285714285714,4.1576092031015,0.0,0.0,286.1428571428572,750.4559566404566,282.6435622620223,747.6276283041166,283.42857142857144,749.8815144503067,279.0,738.1646157870208,7,4052,7,7,14.068425274723545,7.142857142857143,12.733532783279632,1.5337571129829344,3.364696015164621,0.3768303338779764,0.2115145922770269,283.04305686090225,748.8615387774616,12.056278831166898,31.673600542517352,50,12,analcatdata_supreme_binclass_binaryClass.csv,0
0.5944892506232187,0.8020342771447864,1.825202079049472,24.976364792394,1.5714285714285714,4.1576092031015,0.0,0.0,286.2857142857143,750.3947215267696,282.6464885065576,747.6263379480567,283.42857142857144,749.8815144503067,279.0,738.1646157870208,7,4052,7,7,7.135088470014829,7.285714285714286,12.776466461353673,1.5445923954735987,3.3605232125493987,0.375242640461105,0.213872086143419,283.04305686090225,748.8615387774616,12.06557960708344,31.669541699954426,50,12,analcatdata_supreme_regression_Log_exposure.csv,0
2.440395947869029,0.3062406914021123,10.767172197728645,5.724243264748662,0.5373846875000001,0.3707061314547646,0.0,0.0,3.87845915625,4.532910336174714,0.5711763011322021,1.3131318070678817,0.2408489999999999,1.131757669462573,-0.0297653749999999,1.2754890241570664,32,8192,32,29,0.29740843848082,3.90822453125,4.069401728734716,0.5759265297565087,0.3906023171051331,0.0197371476167563,0.0534700488030669,0.3778251424875407,1.1963292809724757,0.4794937199887768,0.6380468089591059,50,12,bank32nh_regression_rej.csv,0
2.4243200628146497,0.3795328310540378,0.9730662661337472,39.685474105264895,0.44362071875,0.3379800426891896,0.0,0.0,4.444492875,5.492248263614233,1.0102375557403565,1.9896095059059933,0.767505125,1.822333535869596,0.38019225,1.883888607939876,8,8192,8,7,97.8733187288202,4.064300625,5.1397612763474285,0.5492587154143264,0.4867364686575401,0.0313457600511664,0.0883126573376895,0.860888522172498,1.8867057569022847,0.5089834776396569,0.6603118460953525,50,12,bank8FM_binclass_binaryClass.csv,0
2.4243200628146497,0.3795328310540378,12.86331256724435,5.49003170726929,0.44362071875,0.3379800426891896,0.0,0.0,4.444492875,5.492248263614233,1.0102375557403565,1.9896095059059933,0.767505125,1.822333535869596,0.38019225,1.883888607939876,8,8192,8,7,0.0346941306015982,4.064300625,5.1397612763474285,0.5492587154143264,0.4867364686575401,0.0313457600511664,0.0883126573376895,0.860888522172498,1.8867057569022847,0.5089834776396569,0.6603118460953525,50,12,bank8FM_regression_rej.csv,0
0.8498038725626136,0.5625356681676615,0.928691959084338,18.166503506555205,0.2995512222222222,0.6193449463856506,0.0,0.0,11.141281,1.0443421516584015,1.475720517451608,0.4249139156009272,1.1111111111111112,0.3333333333333333,0.771111,0.3702142659460869,9,39366,9,9,15.623343057706968,10.370169999999998,1.027538858913253,1.065880719632837,0.4436734747652998,0.0010898702020572,0.002341735788075,1.1705450150155237,0.3330732347061399,1.3110760660052947,1.0720559841123192,50,12,BNG(breast-w)_binclass_Class.csv,0
0.7478472892463628,0.749250756424925,0.3261016552819349,395.50796032883113,0.4588235294117647,2.212265275019889,0.0,0.0,6.305882352941176,4.708208458719336,1.1892258675003295,3.0884633709874936,1.1058823529411763,3.842195334179978,0.0705882352941176,0.2576558841203685,85,9822,85,84,906.0164202372868,6.235294117647059,4.625619801001523,0.7809930599265291,1.3403829950755737,0.2047883187487397,0.1261125356495067,1.1016587157428293,3.4779828011985874,2.3854399499236654,15.051956119978202,50,12,coil2000_regression_CARAVAN.csv,0
1.9143179057501023,0.6734190129486491,0.8841664897438647,14.652147250806223,54991.42857142857,238442.0908848381,0.0,0.0,155496.9223809524,476125.1093039877,32012.18518008277,132743.13361092526,443.0380952380952,1844.863177169567,94.29523809523808,333.31971210264555,21,8192,21,20,30.723513801151867,155402.62714285715,476078.9162481474,37944.22888928048,150966.48047566533,0.0091654265728407,0.0184846186936907,23109.212488666744,100416.17302980888,23145362817.63015,104635591641.5656,50,12,cpu_act_binclass_binaryClass.csv,0
1.9130204741568584,0.6749029513343838,4.974974983530833,25.68706661100531,54991.42857142857,238442.0908848381,0.0,0.0,155496.94142857142,476125.10215302615,32012.18619099936,132743.13335581773,443.0380952380952,1844.863177169567,94.29523809523808,333.31971210264555,21,8192,21,20,8.87741335595796,155402.6461904762,476078.9091004534,37944.237785879806,150966.47814546293,0.0091568204907643,0.0184848619959772,23109.212480917507,100416.17303168142,23145362822.71761,104635591640.384,50,12,cpu_act_regression_usr.csv,0
2.1920055339521345,0.6084085079976446,0.8841664897438647,12.905135739191564,96254.08333333331,314793.0882028964,0.0,0.0,265320.6341666667,595143.0700890274,56072.90908721924,175055.31987959662,772.6166666666667,2431.3964733473767,165.0,435.0615421461031,12,8192,12,11,30.99412020795563,265155.6341666667,595109.1311517288,66458.51573306526,198696.000502465,0.0141029387417491,0.0237186544171583,40455.32987303363,132610.51576368543,40606826544.47802,138700510650.77686,50,12,cpu_small_binclass_binaryClass.csv,3
2.1920055339521345,0.6084085079976446,4.974974983530833,21.0723887539268,96254.08333333331,314793.0882028964,0.0,0.0,265320.6341666667,595143.0700890274,56072.90908721924,175055.31987959662,772.6166666666667,2431.3964733473767,165.0,435.0615421461031,12,8192,12,11,8.284628146896889,265155.6341666667,595109.1311517288,66458.51573306526,198696.000502465,0.0141029387417491,0.0237186544171583,40455.32987303363,132610.51576368543,40606826544.47802,138700510650.77686,50,12,cpu_small_regression_usr.csv,0
2.472022735164873,0.073646126418962,0.9972877951195076,10.5511205889764,0.00236,0.0038714338429062,0.0,0.0,0.020538,0.0182688866655852,0.0033952879786786,0.0038225489947518,0.004598,0.0047568918423693,-0.0152379999999999,0.0191093228556116,5,7129,5,5,25.153543746407024,0.035776,0.0356960345136543,0.0035238403006692,0.0035418452461628,0.0126978255252456,0.0085362912904491,0.0041304487029679,0.0042693423778085,2.2453184662833663e-05,3.45185803476516e-05,50,12,delta_ailerons_binclass_binaryClass.csv,2
1.8656177313455715,0.7789427681276685,0.9999776283308132,23.89406934771559,1.9343666666666663,4.002733806621004,0.0,0.0,15.91255,31.946852115584097,-0.7024299446604322,1.2356509061694665,-0.35085,0.8569073082895255,-15.580866666666669,31.96899230858969,6,9517,6,6,43.57819673776928,31.493416666666672,63.91062239754568,2.5319912366613213,4.924781491881895,0.0562373377591046,0.0642875163661279,-0.4446714381602755,0.7525468272890057,26.622206908181777,61.53598900053953,50,12,delta_elevators_binclass_binaryClass.csv,0
1.8611600346602144,0.7869976607379604,2.9682419705521728,48.08627477293678,1.9343666666666663,4.002733806621004,0.0,0.0,15.91255,31.946852115584097,-0.7024399267976603,1.2356440975440484,-0.35085,0.8569073082895255,-15.580866666666669,31.96899230858969,6,9517,6,6,29.151265870831583,31.493416666666672,63.91062239754568,2.531969036237665,4.92479516507721,0.0562373377591046,0.0642875163661279,-0.4446714381602755,0.7525468272890057,26.622206715439507,61.535989100602364,50,12,delta_elevators_regression_Se.csv,0
1.518391377356424,1.1802974397756243,0.9835093906057096,41.97913215299654,0.0338824615384615,0.0891860419351643,0.0,0.0,0.855465153846154,0.3272574277470887,0.1777175153652623,0.1690879835140839,0.1377799999999999,0.2101120033819264,0.0,0.0,13,45312,13,13,63.809500446925085,0.855465153846154,0.3272574277470887,0.1836120129103933,0.1011867908274792,0.2325823721669119,0.2577368546412753,0.1408905281034619,0.2006205508232907,0.0431645404892809,0.0303045790664964,50,12,electricity_binclass_class.csv,0
1.896505435754117,0.9771394481320196,4.135743621859048,83.7812303272558,4.667305555555555,16.918303280887386,0.0,0.0,59.00591111111112,221.62639494224587,0.4141051365209418,4.78224022040387,2.673833333333333,12.398580510070737,-48.64252222222223,170.47440980811567,18,16599,18,18,37.41910264698307,107.64843333333334,392.0022821534214,8.917137554169509,32.39519216267971,0.0751759557736669,0.1297326470843055,1.832082145366931,9.441219045783004,1070.6611243470948,4489.704013107145,50,12,elevators_regression_Goal.csv,0
2.9769623172273967,0.0575612229614819,13.83694419621366,7.195708976103847,0.291,0.018275666882497,0.0,0.0,1.0,0.0,0.2005312279238618,0.0097807554224005,0.0284,0.018703535019408,0.0,0.0,10,40768,10,10,0.5481275463593921,1.0,0.0,0.2579247762021482,0.0058481218439352,0.000974495860065,1.1428494363856452e-19,0.1062809541329408,0.0106412792859198,0.0665559706551195,0.0029918750065854,50,12,fried_regression_Y.csv,0
2.137773794939544,0.0,9.965784284662083,4.664843589487964,1.7598876288374998,0.031604756053992,0.0,0.0,1.68746231,0.0556667550462063,-0.866789560357517,0.0199390153086956,-1.74600723,0.0255983057787055,-1.74600723,0.0255983057787055,10,1000,10,0,0.0006618744946302,3.43346954,0.0680910833768221,1.0407844519119154,0.0124024646507632,0.001001001001001,0.0,-1.1234618351225285,0.0168847094509118,1.0833707143580582,0.0257927541974561,50,12,fri_c0_1000_10_regression_oz11.csv,0
2.137773794939544,0.0,9.965784284662083,4.664843589487965,1.7143443445260602,0.0527749739676824,0.0,0.0,1.711985912,0.032930883493631,-0.8510728130449816,0.0297001340685905,-1.708687344,0.0419000805909535,-1.708687344,0.0419000805909535,25,1000,25,0,0.0006618744946303,3.4206732560000006,0.0442986157387855,1.024726018099681,0.0171936797358792,0.001001001001001,0.0,-1.1095449654629694,0.0293676592478405,1.0503472098883733,0.0351070563939162,50,12,fri_c0_1000_25_regression_oz26.csv,0
2.1322640204769154,0.0389637401911794,9.965784284662083,4.676893887618404,1.7056044675494098,0.1095643300839232,0.0,0.0,1.7118192339999998,0.0459461426725505,-0.852627315306968,0.0617010241820958,-1.7064288532,0.113645064074965,-1.721986082,0.038615412156836,50,1000,50,0,0.0006610899159421,3.433805316,0.0498523330160731,1.0217327649256247,0.0454022113276861,0.0010010812415622,5.673864495248716e-07,-1.10996658941778,0.06623339389257,1.045957976500137,0.0846264122907333,50,12,fri_c0_1000_50_regression_oz51.csv,0
2.137773794939544,0.0,0.9999740313334506,31.91249821559876,1.6930512,0.0584311179497384,0.0,0.0,1.7199668,0.0184325224589582,-0.8629014812000001,0.0201362773842126,-1.700949,0.0300072165570216,-1.700949,0.0300072165570216,5,1000,5,0,67.22347408901143,3.4209158000000004,0.023386297445299,1.0106691699749115,0.0182522149591525,0.001001001001001,0.0,-1.121762288,0.0228682636913544,1.021718685818509,0.0365776768861323,50,12,fri_c0_1000_5_binclass_binaryClass.csv,0
2.137773794939544,0.0,9.965784284662083,4.664843589487968,1.6930511887999995,0.0584307779966996,0.0,0.0,1.7199667599999997,0.0184325056030914,-0.862901470521504,0.0201361886948082,-1.7009489800000002,0.0300069627842772,-1.7009489800000002,0.0300069627842772,5,1000,5,0,0.000661874494631,3.4209157400000003,0.023386437299063,1.010669155580899,0.0182521569533422,0.001001001001001,0.0,-1.12176227460984,0.0228682046163015,1.0217186550293675,0.036577564086556,50,12,fri_c0_1000_5_regression_oz6.csv,0
2.137773794939544,0.0,9.965784284662083,4.664843589487966,1.7713012260659995,0.0874915656764885,0.0,0.0,1.75559114,0.1598865326077159,-0.8788652116171631,0.0454450727380523,-1.7601166,0.0944996203976855,-1.7601166,0.0944996203976855,10,1000,10,0,0.0006618744946307,3.51570774,0.2415434954755224,1.043630489674598,0.0329949417801502,0.001001001001001,0.0,-1.1350157738736049,0.0362567747641901,1.0901443985432095,0.0707200160678299,50,12,fri_c1_1000_10_regression_oz11.csv,0
2.137773794939544,0.0,9.965784284662083,4.664843589487965,1.7338247680427,0.0974057460384048,0.0,0.0,1.741216268,0.1359825350193844,-0.8649378244953018,0.046291305481194,-1.732397948,0.0880036370568338,-1.732397948,0.0880036370568338,25,1000,25,0,0.0006618744946303,3.473614216,0.2165902980995277,1.0311763422161913,0.0372492473158697,0.001001001001001,0.0,-1.1212311838195028,0.0413257277339009,1.0646566549149383,0.0798111183588733,50,12,fri_c1_1000_25_regression_oz26.csv,0
2.137774054888113,1.838113957734204e-06,9.965784284662083,4.6648430218779255,1.72789110682145,0.0660638979861563,0.0,0.0,1.71570733,0.0533911145604456,-0.8610609316124332,0.0319299403503099,-1.72435332,0.0585669317565843,-1.72435332,0.0585669317565843,50,1000,50,0,0.000661874414095,3.4400606500000004,0.0897946484012663,1.028043682169817,0.024856346048943,0.001001001001001,0.0,-1.1180240717130552,0.0301129770159685,1.057479293629402,0.0513373213813087,50,12,fri_c1_1000_50_regression_oz51.csv,0
2.137773794939544,0.0,0.9946583178227808,17.00937058725998,1.74195685,0.0921168015939206,0.0,0.0,1.793947,0.1915923837212742,-0.8666095328000001,0.0432008900185698,-1.7446216,0.0868367403971383,-1.7446216,0.0868367403971383,5,1000,5,0,35.557465069465714,3.5385686,0.2748980629375189,1.037415666222531,0.0288315342700943,0.001001001001001,0.0,-1.118708482666667,0.0326934489739055,1.0768962704186311,0.0606680324455346,50,12,fri_c1_1000_5_binclass_binaryClass.csv,0
2.137773794939544,0.0,9.965784284662083,4.664843589487965,1.7419568763999995,0.0921167473848233,0.0,0.0,1.7939472000000003,0.1915924038002681,-0.8666096029714808,0.0432009605742142,-1.74462174,0.0868368696900285,-1.74462174,0.0868368696900285,5,1000,5,0,0.0006618744946305,3.53856894,0.2748982106971017,1.0374157164826203,0.0288315901292941,0.001001001001001,0.0,-1.1187085460924682,0.0326935196409594,1.0768963772766555,0.0606681530062998,50,12,fri_c1_1000_5_regression_oz6.csv,0
2.137773794939544,0.0,9.965784284662083,4.664843589487965,1.7621602433249997,0.1211427596246709,0.0,0.0,1.8847217,0.3992820855256789,-0.891699886748607,0.0727405313283554,-1.77701529,0.1292319342056619,-1.77701529,0.1292319342056619,10,1000,10,1,0.0006618744946305,3.661736989999999,0.4893068741937028,1.039997576659474,0.0478962415369162,0.001001001001001,0.0,-1.1404042590501784,0.0641689164347629,1.0836596044156042,0.10137291431278,50,12,fri_c2_1000_10_regression_oz11.csv,0
2.137774314836681,2.5994856882149973e-06,9.965784284662083,4.664842454268023,1.7381554224970004,0.1368087299234374,0.0,0.0,1.786068224,0.2499503084006104,-0.8743348189223056,0.051860522074211,-1.7444953040000002,0.1115001252503013,-1.7444953040000002,0.1115001252503013,25,1000,25,1,0.0006618743335587,3.530563528,0.3077096529251825,1.03582987416852,0.0529392400272388,0.001001001001001,0.0,-1.1324100435279092,0.0442663274846432,1.0756339888292472,0.1168083758899873,50,12,fri_c2_1000_25_regression_oz26.csv,0
2.137774054888113,1.838113957734204e-06,9.965784284662083,4.6648430218779255,1.7288564207197,0.0859989994883347,0.0,0.0,1.745991886,0.1766207483537237,-0.8666553951423371,0.0466642582973276,-1.730420392,0.0787115189217856,-1.730420392,0.0787115189217856,50,1000,50,1,0.000661874414095,3.476412278,0.2202654985153851,1.0302335893425352,0.031276092065516,0.001001001001001,0.0,-1.1245448190826317,0.0407255707615585,1.062339878665796,0.066068321578409,50,12,fri_c2_1000_50_regression_oz51.csv,0
2.137773794939544,0.0,9.965784284662083,4.664843589487966,1.80828773925,0.3319004239519282,0.0,0.0,2.04670452,0.6201124534851981,-0.9446556198403782,0.1399058891901404,-1.85412846,0.2958330080885717,-1.85412846,0.2958330080885717,5,1000,5,1,0.0006618744946307,3.90083298,0.6243185698601853,1.0569231377014303,0.139482402624705,0.001001001001001,0.0,-1.1866053073793634,0.1327569101779179,1.1326507915222055,0.3129695944125664,50,12,fri_c2_1000_5_regression_oz6.csv,0
2.137773794939544,0.0,0.9895875212220556,34.902705476885274,1.691101775,0.2449814272796581,0.0,0.0,1.9563079,0.4812448640925255,-0.8762644212999998,0.0855402245918328,-1.7309631000000003,0.1941301268808287,-1.7309631000000003,0.1941301268808287,10,1000,10,2,74.3991815184131,3.687271,0.4423561492578374,1.0125269366429268,0.1102899032819425,0.001001001001001,0.0,-1.1230192984999998,0.0883855586900458,1.0361582739168558,0.2226472774582118,50,12,fri_c3_1000_10_binclass_binaryClass.csv,0
2.137773794939544,0.0,9.965784284662083,4.664843589487965,1.68797391074875,0.2457079983858992,0.0,0.0,1.9563078,0.4812449166032337,-0.874185644069094,0.0860181380623409,-1.72786349,0.1947492218741862,-1.72786349,0.1947492218741862,10,1000,10,2,0.0006618744946305,3.68417129,0.4441262345669664,1.0108082587397766,0.1102673779849895,0.001001001001001,0.0,-1.1202558730255685,0.0883876484449339,1.0326763411194553,0.22279038166739,50,12,fri_c3_1000_10_regression_oz11.csv,0
2.136330377565168,0.0072170868718796,0.990604955873816,62.98433578644559,1.6799332,0.3645317126428483,0.0,0.0,1.7914254399999998,0.218994892989555,-0.8499315428799998,0.178439906985754,-1.69361264,0.3494049640130919,-1.7565614399999998,0.1077612304491895,25,1000,25,3,134.83149271917063,3.5479868800000003,0.2536347141273121,1.0166421433781283,0.1101357724208172,0.0010011614821234,8.02405612024791e-07,-1.0941093535333333,0.2166716313423864,1.045205940524536,0.1933590577087642,50,12,fri_c3_1000_25_binclass_binaryClass.csv,0
2.137773794939544,0.0,9.965784284662083,4.664843589487965,1.742881896123,0.1339442612621652,0.0,0.0,1.791425368,0.2189949620398582,-0.8814059049456985,0.0607149086312668,-1.7565613639999995,0.1077612893907249,-1.7565613639999995,0.1077612893907249,25,1000,25,2,0.0006618744946303,3.547986732,0.2536347965834419,1.0343862142585205,0.0593416657781909,0.001001001001001,0.0,-1.1344575286995873,0.0547040986600549,1.0733354162135107,0.122530265821971,50,12,fri_c3_1000_25_regression_oz26.csv,0
2.1313852679885845,0.045173707288166,0.9912540071703688,101.32554208595025,1.6929892000000004,0.144877267712438,0.0,0.0,1.78300964,0.3419480904151412,-0.8573813675799999,0.0704099965887305,-1.7052363,0.1384256532172503,-1.7215319999999996,0.0782093294061729,50,1000,50,3,216.869250576289,3.50454164,0.331602028172988,1.0149501293597951,0.0616880859591492,0.0010010812415622,5.673864495248716e-07,-1.1128500562333334,0.0745487992689811,1.0338530766377825,0.1128075215667564,50,12,fri_c3_1000_50_binclass_binaryClass.csv,0
2.137773794939544,4.485978453382215e-16,9.965784284662083,4.664843589487965,1.7092848662910498,0.0981949854488584,0.0,0.0,1.7830095580000005,0.3419480119541876,-0.8655291844954042,0.0408503416094577,-1.721531934,0.0782093313944387,-1.721531934,0.0782093313944387,50,1000,50,2,0.0006618744946306,3.5045414919999995,0.3316019588633022,1.0210652163016989,0.0452130846003913,0.001001001001001,0.0,-1.1219090515065238,0.0392568131811567,1.0445775144999354,0.0855646751794642,50,12,fri_c3_1000_50_regression_oz51.csv,0
2.137776394425232,5.812626705386559e-06,0.9885173903891564,16.925682214113394,1.78616135,0.1611513400252229,0.0,0.0,2.0807648,0.3664325177644582,-0.9560117994,0.0845421351738309,-1.8615336,0.1206852381022634,-1.8615336,0.1206852381022634,5,1000,5,1,35.60362907993967,3.9422984,0.4765645917074622,1.0376633926722951,0.0707095298905838,0.001001001001001,0.0,-1.1851048106666668,0.0641978550440277,1.080745186586056,0.1458960079898997,50,12,fri_c3_1000_5_binclass_binaryClass.csv,0
2.137776394425232,5.812626705386559e-06,9.965784284662083,4.664837913393781,1.78616101615,0.161151420649536,0.0,0.0,2.0807645,0.366432504377764,-0.956011682192094,0.0845421119379268,-1.86153336,0.1206853107431388,-1.86153336,0.1206853107431388,5,1000,5,1,0.0006618736892737,3.94229786,0.4765645815043096,1.0376632781074169,0.0707095962375232,0.001001001001001,0.0,-1.1851046876942566,0.0641978326090545,1.080744956332689,0.1458961400109399,50,12,fri_c3_1000_5_regression_oz6.csv,0
2.1281237220253315,0.0457028712499211,0.9881489563064276,148.07016498118315,1.6027197050000002,0.3737915589578898,0.0,0.0,1.7601422299999996,0.2283767648995779,-0.78606162018,0.2610390684831102,-1.56549313,0.5247711945365198,-1.71191103,0.0579295292354731,100,1000,100,10,317.8908196579053,3.47205326,0.232981891938721,0.9874360352017884,0.118149867638102,0.0010013620835264,1.153953517704639e-06,-1.02025593515,0.347409825533588,0.9888497209257,0.1927360705227763,50,12,fri_c4_1000_100_binclass_binaryClass.csv,0
2.137665959724558,0.0010796658036757,9.965784284662083,4.665079064713414,1.6898628544334653,0.1618086426583806,0.0,0.0,1.760142218,0.2283767329435345,-0.8488092182718912,0.1093179226446076,-1.6910387895,0.2164163951795597,-1.7119109929999998,0.0579295221266154,100,1000,100,4,0.0006619079051924,3.472053211,0.232981825656284,1.0148980236062135,0.0562987534876001,0.0010010411212816,4.012028060123955e-07,-1.102417921214608,0.1453941434585837,1.0331558524676134,0.098808596539949,50,12,fri_c4_1000_100_regression_oz101.csv,0
2.099151309482238,0.1221350229418158,0.9895875212220556,35.473480021100684,1.550842525,0.5268895121341255,0.0,0.0,2.2446014,0.9077531866226636,-0.835294019,0.2173117196753155,-1.6224623,0.4619553621187152,-1.7227433,0.1779375229855505,10,1000,10,2,74.2477172976359,3.9673447,0.8374669223906431,0.9659651375425586,0.1754628515724856,0.001001402203807,1.2687146706498662e-06,-1.0675494493333335,0.2613436313381072,0.9607971380013672,0.2726509635878571,50,12,fri_c4_1000_10_binclass_binaryClass.csv,0
2.137773794939544,0.0,9.965784284662083,4.664843589487965,1.65112347345,0.2270501867525134,0.0,0.0,2.24460125,0.907753223265603,-0.8854345362191897,0.0841452095898238,-1.7227433400000003,0.1779377172343689,-1.7227433400000003,0.1779377172343689,10,1000,10,2,0.0006618744946305,3.96734459,0.8374670058937055,0.9945164290056738,0.0917018999889916,0.001001001001001,0.0,-1.1285994134742463,0.0836812222655299,0.9966312421776292,0.1714186584670636,50,12,fri_c4_1000_10_regression_oz11.csv,0
2.137773794939544,0.0,0.9936167534536142,73.81632191426193,1.71544563,0.1488539987668481,0.0,0.0,1.84913204,0.3234605113846305,-0.8693498285999998,0.0480668408672665,-1.73198296,0.1021525135885391,-1.73198296,0.1021525135885391,25,1000,25,3,157.81636262536867,3.581115,0.3242578023718165,1.021652491148881,0.0654954930642605,0.001001001001001,0.0,-1.1199277226,0.0475456412014562,1.0478918858979758,0.1258820082196181,50,12,fri_c4_1000_25_binclass_binaryClass.csv,0
2.137773794939544,0.0,9.965784284662083,4.664843589487965,1.7154454742995,0.1488539867039015,0.0,0.0,1.849132104,0.3234604255462759,-0.869349789303853,0.0480668292261825,-1.73198288,0.1021524995909302,-1.73198288,0.1021524995909302,25,1000,25,3,0.0006618744946303,3.581114984,0.3242577327290691,1.021652450749486,0.0654954872276428,0.001001001001001,0.0,-1.119927679726365,0.0475456222968295,1.0478918026157291,0.1258819997990816,50,12,fri_c4_1000_25_regression_oz26.csv,0
2.137774054888113,1.838113957734204e-06,0.9895875212220556,129.65314484489087,1.7321636749999998,0.1028034485577226,0.0,0.0,1.79608366,0.3084523204369901,-0.8723513004200001,0.0504707275469226,-1.73917238,0.0893598934526729,-1.73917238,0.0893598934526729,50,1000,50,3,279.0855136509585,3.5352560400000006,0.35144912713518,1.028569678849354,0.0440429392947153,0.001001001001001,0.0,-1.1256245447,0.0430064242286166,1.0598565691399473,0.0981211387292858,50,12,fri_c4_1000_50_binclass_binaryClass.csv,0
2.137774054888113,1.838113957734204e-06,9.965784284662083,4.6648430218779255,1.73216357022999,0.1028034514963514,0.0,0.0,1.7960836080000002,0.3084522989897821,-0.8723512590289004,0.0504707366181402,-1.7391722940000005,0.0893599255101945,-1.7391722940000005,0.0893599255101945,50,1000,50,3,0.0006618744140948,3.5352559019999994,0.3514491032415498,1.0285696324021727,0.0440429540156045,0.001001001001001,0.0,-1.1256244968250306,0.043006433730395,1.0598564748623929,0.0981211712053453,50,12,fri_c4_1000_50_regression_oz51.csv,0
2.7824220992659563,0.0774361224741019,11.106102993951886,9.994210103247672,60.8539375,83.17681739885627,0.0,0.0,3449.1962625,5180.220318750218,417.8553668332122,631.6810232996799,377.423125,573.7472243252965,-10.4137625,47.31422680148835,8,20640,8,8,1.5038585605704395,3459.610025,5170.50720214946,206.9841901122284,301.48706538331453,0.0030031192519902,0.0065524822699443,383.1280943818637,581.2282944951745,122375.09922567772,248590.26424676995,50,12,houses_regression_median_house_value.csv,0
2.253521647991393,0.8016280304940968,9.083154612142412,18.039352994557948,14.2491461453125,56.73363058607539,0.0,0.0,899.19882426875,3594.347000124744,34.971352169715864,138.94919298993796,16.2514881,64.2005479161504,0.151207575,0.4972507127880213,16,22784,16,16,3.475545581339196,899.04761669375,3593.8539866226142,49.873299022487735,199.23156361041583,0.000190224237206,0.0001741676890274,18.97295246599574,75.01357666652673,39699.73589787195,158798.9081964063,50,12,house_16H_regression_price.csv,0
2.1408248921339914,0.8831887270262373,9.083154612142412,19.723036022534977,18.5654923375,52.29951416766124,0.0,0.0,810.520467575,2287.181241065638,24.15787221733837,65.37711785876597,5.78125,13.577448148097847,0.1641972375,0.3475035486107812,8,22784,8,8,3.648557496649189,810.3562703375001,2286.843544970877,40.92557622441005,115.34470748632263,0.0003138640497082,0.0002490098775237,10.394907290785,26.53266941908113,13316.254141267167,37663.89696704587,50,12,house_8L_regression_price.csv,0
2.302841686482779,0.5176278903641774,4.70043827987653,23.283274512196748,0.494931280388979,0.413904028272978,0.0,0.0,0.9742612641815236,0.1136397637974125,0.181040033932346,0.5461521970594122,0.3576534846029173,0.7620618794486308,-0.899516045380875,0.1377874573200522,617,7797,617,427,10.406956532980384,1.873777309562399,0.1658472353050668,0.3835700335721168,0.1617702194714835,0.0049611201035424,0.0406286617030747,0.2256902427238778,0.6304777756158179,0.1732531602934724,0.1348385704878867,50,12,isolet_multiclass_class.csv,0
2.559847138036774,0.0579553416416938,3.132069248447984,18.722513764247235,1.2964445,2.807230107083267,0.0,0.0,8.380812142857142,22.79625439827576,0.6669498734206262,2.18844641523884,-0.0950170714285714,0.5018242370011274,-0.4391865,0.6826214829307505,14,9961,14,13,14.30195199228474,8.819998642857142,22.27338682710166,1.162873304813807,2.6811952624356943,0.0039360381984635,0.0109934342373808,0.2654641675828772,1.247506061340349,8.02759607011994,25.08514353471005,50,12,JapaneseVowels_multiclass_speaker.csv,2
2.5570697233006023,0.084266993026785,0.9997770990046064,90.83743391092216,0.4614776875,0.444339408975555,0.0,0.0,1.569303625,0.0005823108981831,-0.2270054260253906,0.2190801821219261,-0.4576289999999999,0.4422362709150587,-1.5694754999999998,0.0009374587229008,8,8192,8,7,231.32943845903017,3.138779125,0.0010365771196587,0.5904652539137448,0.1093860412200193,0.0001222940757667,1.0586151389658005e-07,-0.3377336550294955,0.3058117253197777,0.3591188588414873,0.1421665995927696,50,12,kin8nm_binclass_binaryClass.csv,0
2.6552730946783853,0.0149478509680159,12.999755859374998,4.938412381143267,1.393341267678125,0.5137282165472012,0.0,0.0,1.5693033875000002,0.0005823457648351,-0.6929372105959253,0.2514700024334915,-1.38949256875,0.5093983073267595,-1.5694754125,0.0009376038829111,8,8192,8,1,0.008698445411172,3.1387788,0.0010367649010264,0.886029929342774,0.1540048890590709,0.0001220926687902,2.1081143772604365e-08,-0.9055064694430064,0.3221562702712744,0.8058018533134959,0.2227730084135189,50,12,kin8nm_regression_y.csv,0
1.934202230135972,0.2186077092166522,4.699810726573159,21.874936938798125,0.4375,0.7274384280931732,0.0,0.0,14.375,0.8850612031567836,5.112434374999999,2.3844733597951806,5.0,2.756809750418044,0.0,0.0,16,20000,16,16,8.00260760968082,14.375,0.8850612031567836,1.587781140188589,0.3355201147226624,0.0655124560257316,0.0043756883750712,5.049505208333334,2.6220887815273928,2.626586837310616,1.1745938164468792,50,12,letter_multiclass_class.csv,1
1.6530287891673812,0.6847804923696946,0.1593164203699976,25.75404895441893,0.299997123,0.3138844480394291,0.0,0.0,3.014229833333333,0.8635445325436754,-0.4056173598503667,0.070997171722575,-0.6715638566666667,0.2264665607959779,-0.6715638566666667,0.2264665607959779,6,11183,6,6,266.2178063027692,3.6857936899999992,0.8341827227606261,0.4749065848513352,0.2415862678575305,0.0041539203273096,0.0069008006280861,-0.5858846573006592,0.1897394134707536,0.2741728683496005,0.2556926199436245,50,12,mammography_binclass_class.csv,0
2.2750047015316794,0.94094788998628,2.331572915249456,8.595730485501631,8378.908902013516,50613.59767786713,0.0,0.0,39101.05652464865,235923.0989616564,4989.2181702732605,30099.32204425411,45.382119878378376,258.7171318528604,40.74089087837838,259.025510850038,74,45164,74,63,7.387182377919829,39060.31563377028,235677.597266591,7206.288606001756,43486.27580868009,0.0152916443536381,0.0299088105240216,2408.662997582825,14520.55256984051,1917431965.888227,11583225713.073015,50,12,meta_stream_intervals.arff_multiclass_class.csv,2
2.0504425552990777,0.1442878053620391,3.321928094887362,12.25568375641938,22.19097222222222,32.10181367736048,0.0,0.0,462.9675925925926,471.1485164215955,305.6279236111111,343.85829488690905,300.02777777777777,345.3503232030254,190.3287037037037,239.9059860633108,216,2000,216,214,6.564756009356678,272.6388888888889,254.6495981333121,37.898619206425785,36.31832230677676,0.0197788060944669,0.0194927999204382,302.36500771604943,345.1895339074616,2749.2192963808297,3681.8709294929617,50,12,mfeat-factors_multiclass_class.csv,0
2.203413031977598,0.0955301451905157,3.321928094887362,25.522701684566687,0.0547487966447368,0.0412193092720443,0.0,0.0,0.3366921074999999,0.1428312160942085,0.0852342142074999,0.0546080659572776,0.0624848518421052,0.0667247036784602,0.0031988326315789,0.0024800700235481,76,2000,76,75,15.929039972178474,0.333493274868421,0.1411514380731153,0.0536978218458585,0.0280722780063816,0.0005020329242313,1.5742319750257917e-06,0.0734217576905701,0.0570241709173081,0.0036611397477667,0.0044011795541331,50,12,mfeat-fourier_multiclass_class.csv,0
2.176785390049101,0.0932017877321643,3.321928094887362,36.68498395600039,1.393870461484375,1.9503047165452496,0.0,0.0,5.260604692187501,3.184411748414872,-0.5242652641999219,1.177650657909324,-1.06952712484375,2.2145384417842875,-5.3091450878125,3.07846944337152,64,2000,64,56,23.03885178385085,10.56974978,6.0810347932988025,1.3748650238082252,1.0600862675750458,0.0005020524298335,1.1482581826933738e-06,-0.6962737341981772,1.4420856670474538,2.9964776206626773,5.8733266393065,50,12,mfeat-karhunen_multiclass_class.csv,1
1.449471193875439,0.7048782981063919,3.321928094887362,7.837224587655753,210.24892907666663,507.1926594001329,0.0,0.0,2887.109985023333,6954.072923746932,603.64673684576,1409.0343425849485,413.5664251616667,949.8790018235784,256.69782190666666,580.8272604590048,6,2000,6,6,2.419649960883488,2630.4121631166663,6374.212268851016,407.9066228797904,988.0420159318196,0.1445429501470964,0.1650834878536816,457.0074433924362,1054.45422381531,979910.3340280408,2400068.497403033,50,12,mfeat-morphological_multiclass_class.csv,0
2.160827424207221,0.0935085285545209,3.321928094887362,19.389370959327643,23.745307248191484,30.920079396167104,0.0,0.0,205.1883425110638,195.19676169724025,64.38927413300969,96.87116989062127,54.67253204765957,97.75600836471692,13.18194692914894,50.69762108050212,47,2000,47,46,11.61227916748838,192.0063955819149,173.0779776823258,28.56060072068513,26.516071723548688,0.0005020639171295,1.0610897007257342e-06,57.76291633102234,95.83501437922084,1503.850354884388,2020.6470069135207,50,12,mfeat-zernike_multiclass_class.csv,0
0.3989138030367824,0.4828183895696991,3.319837025403414,124.83876207216268,0.0,0.0,0.0,0.0,208.0586734693877,90.41870321713994,8.415590433673469,12.036589290615524,0.0,0.0,0.0,0.0,784,70000,784,702,14.000707855096875,208.0586734693877,90.41870321713994,27.32565566378145,27.830021762679337,0.1402357106733844,0.3094952648830035,0.0738626700680272,0.3658423617535983,1520.213673216615,2185.959570379381,50,12,mnist_784_multiclass_class.csv,2
1.9692569836806009,0.7192220927199358,9.072489733617438,14.066620736952252,0.0723130086633663,0.0907155939910559,0.0,0.0,0.7235172376237623,0.2961497358840154,0.1956470448848593,0.219554668085548,0.1583991881188119,0.2327739390355877,0.0,0.0,202,4450,202,197,2.0532733501352287,0.7235172376237623,0.2961497358840154,0.0800580838311354,0.0510265541426184,0.023220308995883,0.0658522322772313,0.1780182186746765,0.2260163179875838,0.0090001163647407,0.0120976206641734,50,12,mtp_regression_oz203.csv,0
1.0071093883153142,0.770159883335273,3.3218327248667654,40.57816022238862,1.546875,2.3226263698598304,0.0,0.0,12.234375,5.78378188873923,2.287349866548043,3.676099476124541,1.5,4.700557211144025,0.0,0.0,64,5620,64,56,11.30243949811462,12.234375,5.78378188873923,2.604096461841632,2.008014675348626,0.1511261945007695,0.21815132232602,1.6182532621589565,4.297713122358091,10.75043939811006,10.8257357708553,50,12,optdigits_multiclass_class.csv,0
2.3973328715482856,0.1762755841500801,0.6354628258660036,7.712298654184487,20.5968,32.32998965803869,0.0,0.0,629.582,997.0456695859024,34.121251489128454,51.44849019538868,13.7375,29.17371640992397,2.5121,3.125169024762234,10,5473,10,10,28.09524574262465,627.0699000000001,994.3564909660532,48.22045368512351,71.17747762782292,0.0059547085262154,0.0101092188106783,19.05835512937595,31.40262046708041,6884.822142912451,13155.146741495404,50,12,page-blocks_multiclass_class.csv,0
1.969825651264242,0.4493469178875902,3.320771738890595,14.363084286398465,18.5,16.565023392678924,0.0,0.0,99.1875,3.25,25.268371315502183,27.822959567801423,15.625,35.20771695712934,0.0,0.0,16,10992,16,15,7.519938762207762,99.1875,3.25,21.43725266992045,7.963200099440926,0.0105522866361724,0.0024006535904138,19.20148574893875,32.78066100472932,519.0050731187639,348.7394086518254,50,12,pendigits_multiclass_class.csv,2
2.312683162384338,0.0945703357235852,11.876629050506004,5.204175425878576,4.4343,2.740954019816823,0.0,0.0,22.290075,9.02765349371031,-2.2830767411642414,1.2910181462631665,-4.564425,2.734913991792064,-17.064625,3.860236729679498,4,3848,4,4,0.013385938917655,39.3547,11.77461146676753,4.343722193798595,0.8679908340957858,0.0002638255854355,1.5699143728336763e-06,-3.2405221428571425,1.7407828921484108,19.4329785629542,7.763019898674114,50,12,pollen_regression_DENSITY.csv,0
0.333255406771672,0.5326098202626357,0.9210049486251756,145.31219660596784,0.3333333333333333,1.6673757356911585,0.0,0.0,59.75,65.42219676674908,17.389016666666667,35.75834150152213,16.708333333333332,35.657327934955994,15.4375,34.644643594461094,48,15000,48,26,51.57960368301464,44.3125,53.55218423342052,3.463034904751037,5.202781565877908,0.478063516631871,0.486887083728238,16.699032407407405,35.64275148133133,38.49761060663304,93.44768321953404,50,12,pol_binclass_binaryClass.csv,4
0.328975006133503,0.5304192220359637,1.8914102162679105,170.4344046150796,0.3333333333333333,1.6673757356911585,0.0,0.0,58.16666666666666,64.7562806724168,17.384070833333336,35.760644136625466,16.708333333333332,35.657327934955994,15.4375,34.644643594461094,48,15000,48,26,28.64383866670617,42.72916666666666,52.26110371005293,3.454103301702941,5.191245600717374,0.4780212595516932,0.4869274477729127,16.69891435185185,35.6428077974427,38.31842236232415,93.46692858992768,50,12,pol_regression_foo.csv,0
2.589582148408101,0.0589864838135249,0.9999559719934968,524.216550436426,12.3265079375,27.530451333659187,0.0,0.0,13.7660470625,26.7549395210176,-5.525957913993835,13.899964470149577,-11.638878375,27.66177221347688,-12.46569553125,27.31594784900889,32,8192,32,24,1356.5615916408292,26.23174259375,54.05612407620335,7.607854191700348,16.272402510537386,0.0001222381313247,1.277340953840379e-07,-7.41344093500178,17.997509734175136,314.3958075088365,741.0496632530131,50,12,puma32H_binclass_binaryClass.csv,0
2.589582148408101,0.0589864838135249,12.91753553771708,5.147079113451456,12.3265079375,27.530451333659187,0.0,0.0,13.7660470625,26.7549395210176,-5.525957913993835,13.899964470149577,-11.638878375,27.66177221347688,-12.46569553125,27.31594784900889,32,8192,32,24,0.031836463675306,26.23174259375,54.05612407620335,7.607854191700348,16.272402510537386,0.0001222381313247,1.277340953840379e-07,-7.41344093500178,17.997509734175136,314.3958075088365,741.0496632530131,50,12,puma32H_regression_thetadd6.csv,0
2.5538580765605925,0.0545813506288565,0.9999860693604422,79.41800950060075,0.407149875,0.3375009883853253,0.0,0.0,1.560906875,0.5931958256886259,-0.2034451016998291,0.1625078473410111,-0.406136625,0.3322938222709094,-1.561855,0.593940441427782,8,8192,8,7,201.8251504715396,3.122761875,1.1871246755222633,0.5657121604270581,0.2023985948827044,0.0001223463765822,1.4957298880443457e-07,-0.3091146344843369,0.2434590905849782,0.3558747907642309,0.1998508518433457,50,12,puma8NH_binclass_binaryClass.csv,0
2.5538580765605925,0.0545813506288565,12.999999999999996,5.136024205343904,0.407149875,0.3375009883853253,0.0,0.0,1.560906875,0.5931958256886259,-0.2034451016998291,0.1625078473410111,-0.406136625,0.3322938222709094,-1.561855,0.593940441427782,8,8192,8,7,0.0089751460175562,3.122761875,1.1871246755222633,0.5657121604270581,0.2023985948827044,0.0001223463765822,1.4957298880443457e-07,-0.3091146344843369,0.2434590905849782,0.3558747907642309,0.1998508518433457,50,12,puma8NH_regression_thetadd3.csv,0
2.1094226981902064,0.1200774656509129,0.9912232530606148,500.55284661919615,13.316666666666665,11.985083784994302,0.0,0.0,161.46,80.42231468939451,24.873674625038262,34.142889867699296,24.10333333333333,47.53362003186096,-80.26,91.4829005880334,3,2178,3,3,1064.2267620256127,241.72000000000003,113.16146517255775,39.748375828501175,35.53753071052598,0.0032990666795086,0.0047677012124198,27.20298674821611,47.111546971893645,2421.8774403381613,3522.3917143980534,50,12,quake_binclass_binaryClass.csv,3
2.1094226981902064,0.1200774656509129,2.5898923943940564,133.78576797473778,13.316666666666665,11.985083784994302,0.0,0.0,161.46,80.42231468939451,24.873674625038262,34.142889867699296,24.10333333333333,47.53362003186096,-80.26,91.4829005880334,3,2178,3,3,107.966201171747,241.72000000000003,113.16146517255775,39.748375828501175,35.53753071052598,0.0032990666795086,0.0047677012124198,27.20298674821611,47.111546971893645,2421.8774403381613,3522.3917143980534,50,12,quake_regression_col_4.csv,0
2.1094226981902064,0.1200774656509129,2.5898923943940564,133.78576797473778,13.316666666666665,11.985083784994302,0.0,0.0,161.46,80.42231468939451,24.873674625038262,34.142889867699296,24.10333333333333,47.53362003186096,-80.26,91.4829005880334,3,2178,3,3,107.966201171747,241.72000000000003,113.16146517255775,39.748375828501175,35.53753071052598,0.0032990666795086,0.0047677012124198,27.20298674821611,47.111546971893645,2421.8774403381613,3522.3917143980534,50,12,quake_regression_richter.csv,0
2.415804307675681,0.0875425366559434,2.4832958827266416,5.814096796905836,4.361111111111111,3.6967381589548665,0.0,0.0,131.30555555555554,19.306282388967063,81.25884485884484,12.4677647533639,81.91666666666667,14.413039730942058,36.833333333333336,9.58719383940294,36,6435,36,36,4.656079964094491,94.47222222222224,22.88541158668692,13.034407229101088,2.770958773209629,0.0140348479084143,0.0037885242048884,81.73289878845434,13.71989676331057,177.3607006556805,75.47654904992186,50,12,satellite_image_regression_class.csv,0
2.311066821816296,0.0574283879759909,2.4833618760456604,8.758449724638927,0.0961277708333333,0.1002036648367672,0.0,0.0,2.447452583333334,0.4635857629299412,-0.0150252600397442,0.077643214691188,-0.0376360555555555,0.1530642146956525,-2.333401277777777,0.2521065625272219,36,6430,36,36,7.150790573216859,4.780853861111112,0.5062752841731831,0.4895905793648192,0.0497463192663555,0.0157366741963112,0.0031786672745847,-0.0305945141552905,0.1330456657554782,0.242104890119981,0.0478168837623475,50,12,satimage_multiclass_class.csv,0
2.2759653914597524,0.2569500007920752,0.6780187068738636,51.46775849902125,0.2072605886287625,0.2059941389218246,0.0,0.0,0.7096329397993311,0.3624724162065029,0.1732321063147758,0.235815513090025,0.1108793846153846,0.3137248483112476,1.8729096989966555e-06,1.816878089535349e-05,299,2407,299,230,171.76637935238128,0.7096310668896321,0.3624729710366042,0.1426102155414201,0.1095775054469307,0.0088067123653771,0.0641368364023363,0.149569174382891,0.2585604245616825,0.0323047453178796,0.0346567224698488,50,12,scene_binclass_Urban.csv,0
1.9084989291747327,0.7852040726424684,2.807354922057604,7.360080763934704,7.339231447368422,12.017865919522809,0.0,0.0,68.71980178947369,85.46376243364266,10.674543823730785,24.382132221675413,6.368421052631579,20.763778628274203,-3.7577078955734,13.296330760154726,19,2310,19,17,4.003537723799324,72.4775096850471,82.59467852743674,10.859860940271538,15.314272196410256,0.0900693591810849,0.2435722593809822,7.742928790899977,21.66656816076057,340.11998976326686,828.4635368150058,50,12,segment_multiclass_class.csv,1
2.290348264658603,0.0935332361895271,0.9999532967890264,41.18841750810809,5849662.683093584,14328686.733102404,0.0,0.0,-11394731.060491333,27911306.07051649,-17917138.000484947,43887863.45933487,-20704978.01712584,50716647.883691855,-20704980.73832033,50716646.550584175,6,3107,6,5,93.34022655523349,9310249.677829,22805340.48006856,3094945.981267448,7581036.150274812,0.0003348584406417,1.5284947630611606e-05,-18490123.50464663,45291385.03434458,57472114886774.82,140777355911208.72,50,12,space_ga_binclass_binaryClass.csv,0
0.5264076955547246,0.4948885391967868,0.9673602371807668,32.702200965805,0.7516140350877193,4.710376682519994,0.0,0.0,24.357859649122805,95.10817237257469,0.7961734863130441,4.574873302138885,0.1228070175438596,0.6832217648391148,0.0526315789473684,0.2252817784447915,57,4601,57,57,16.79553220023458,24.30522807017544,94.964535351929,1.6074029918794146,7.877862385166459,0.0103368036816539,0.010293059520232,0.3062470373688658,1.824110330009829,63.55567565091258,465.5739708476007,50,12,spambase_binclass_class.csv,0
2.0404665412547542,0.9570374328105128,9.71919635486444,15.797788126749577,0.0370541466165413,0.0491478440265457,0.0,0.0,0.6628416879699248,0.329184898213589,0.1648109173884345,0.2126994103691522,0.1487780338345864,0.2219414107832412,0.0,0.0,266,8885,266,261,2.316617642191233,0.6628416879699248,0.329184898213589,0.0513527729261741,0.0364135960304027,0.0390863861727684,0.1500588368601798,0.1564022248283906,0.2179005985252179,0.0039580724887272,0.0046621345028903,50,12,topo_2_1_regression_oz267.csv,0
2.007547107433585,0.9765509460213254,5.161428470284308,11.20044446193648,7.670699999999999,13.714275297902788,0.0,0.0,42.19435,80.15962447988804,6.615070657331328,11.337754360831076,2.643,3.3005109705417834,0.219,0.4473522102326086,4,8641,4,3,3.356433497235413,41.97535,79.71240387516028,6.5936459164220365,11.928128972387112,0.125115849128455,0.2498841873184244,4.5582690646094495,7.2373683251356065,150.18636205757463,299.21403916017243,50,12,visualizing_soil_regression_track.csv,0
2.4083114919204203,0.0851148365753754,1.5848792049207137,25.75979710258965,0.2340625,0.3598743047570346,0.0,0.0,4.3685,2.126281875806831,0.5224214999999999,0.8105427980791005,0.438,0.8044338668615626,-2.6347500000000004,0.4669595463728287,40,5000,40,40,38.14343452743362,7.00325,2.0068592472970144,0.7164024758002987,0.3233754064335289,0.002154539933298,0.0005833687705373,0.4601849166666666,0.7905054639180702,0.6151898694816963,0.5594361098778037,50,12,waveform-5000_multiclass_class.csv,0
2.462959507075289,0.0796814114710298,9.220620127247296,12.694163530781118,2.5635714285714286,2.726980880988117,0.0,0.0,30.91857142857143,15.001203980985023,10.969979464557346,15.719948232149932,9.385,15.069732655481726,4.691428571428572,16.214061730553446,14,6574,14,13,2.3907926279400504,26.22714285714286,6.932014279992648,3.6740531636931215,1.4833234599179914,0.0138220193738894,0.0254146315700513,9.995613822315546,15.5028680918988,15.541754530190586,15.427562474860284,50,12,wind_regression_MAL.csv,0
2.412662294614306,0.0824155128975371,1.8376039948582683,57.78555942878888,2.665372727272727,5.625995235350081,0.0,0.0,37.99602727272728,77.85011895204902,12.94495460870052,30.25664310244027,12.737163636363636,32.74554234601323,2.128737272727273,2.7272865821695045,11,6497,11,11,74.8689254034769,35.86729,76.69889204896704,5.22382680503741,12.047210289989083,0.0083911049527984,0.0036812524711768,12.92410813471986,32.02945937967889,159.22952628104446,466.0238789111906,50,12,wine_quality_regression_quality.csv,0
2.0494615188113388,0.5440773252091652,0.1066848655670195,48.01663324347718,0.0397575689655172,0.0446119307174026,0.0,0.0,0.3440357758620689,0.2396740987374708,-0.0005545500691937,0.0909760476176713,-0.0297749655172413,0.1082118293493333,-0.2102293965517241,0.088354309257855,116,2417,116,112,921.4198912596804,0.554265172413793,0.1710244977459065,0.0828541835961271,0.0943061220914514,0.0563810082174789,0.1582124361376115,-0.0197202279046555,0.0941145552450846,0.0156817910527574,0.0399858295671374,50,12,yeast_ml8_binclass_class14.csv,0
1.3254460912320702,0.8758305015636499,2.490417636232728,32.41333328338609,0.0,0.0,0.0,0.0,0.8674999999999999,0.1403821315450897,0.3631300539083558,0.190250367981256,0.36,0.1961049281816825,0.12,0.1741099816618384,8,1484,8,8,16.250972398852575,0.7475,0.1209190992830684,0.0630617879758288,0.0226163999059732,0.1174936485455118,0.1897537943095736,0.3597043161434977,0.1958551905451163,0.0044243529543269,0.0026717098610977,50,12,yeast_multiclass_class_protein_localization.csv,2
0.2758801427193497,0.5178903735355768,9.71919635486444,116.08313720636136,0.0047045179282868,0.0328902587362683,0.0,0.0,0.7331736932270916,0.379856380345632,0.02434081618198,0.1165188120065576,0.0174966852589641,0.115899671815655,0.0,0.0,251,8885,251,210,2.295028857377941,0.7331736932270916,0.379856380345632,0.0331222381465948,0.0286355133255649,0.3687764638322526,0.3036765998414396,0.0185846878178525,0.1166017626104507,0.0019138083803762,0.0048138669844764,50,12,yprop_4_1_regression_oz252.csv,0
